date,pct_return
2006-10-03,-1.072002859
2006-10-04,1.783456746
2006-10-05,-0.8605775629
2006-10-06,-0.684594389
2006-10-09,0.4730582087
2006-10-10,-1.017891574
2006-10-11,-0.8290296276
2006-10-12,2.553560824
2006-10-13,0.04008908686
2006-10-16,0.4274455675
2006-10-17,-1.471957437
2006-10-18,0.3779867705
2006-10-19,5.939839512
2006-10-20,1.189065674
2006-10-23,1.902730732
2006-10-24,-0.4432042022
2006-10-25,0.6306677659
2006-10-26,0.647196166
2006-10-27,-2.091896952
2006-10-30,-0.01247038284
2006-10-31,0.7441589756
2006-11-01,-2.306771758
2006-11-02,-0.2787868548
2006-11-03,-0.7709251101
2006-11-06,1.707504482
2006-11-07,1.070259381
2006-11-08,2.408537851
2006-11-09,1.102956085
2006-11-10,-0.2767416677
2006-11-13,1.467985843
2006-11-14,0.7372468191
2006-11-15,-1.144993114
2006-11-16,1.918484318
2006-11-17,0.3046161056
2006-11-20,0.7436536365
2006-11-21,2.380676329
2006-11-22,1.966705674
2006-11-24,1.462313046
2006-11-27,-2.295034115
2006-11-28,2.479647472
2006-11-29,0
2006-11-30,-0.1384738722
2006-12-01,-0.3612611298
2006-12-04,-0.1867789782
2006-12-05,0.1541058193
2006-12-06,-1.567995311
2006-12-07,-3.126395712
2006-12-08,1.448440141
2006-12-11,0.4393107366
2006-12-12,-2.873194827
2006-12-13,3.377460305
2006-12-14,-0.5745615682
2006-12-15,-0.9706904366
2006-12-18,-2.543956673
2006-12-19,1.052755166
2006-12-20,-1.816351032
2006-12-21,-2.19706532
2006-12-22,-0.8429118774
2006-12-26,-0.7646628162
2006-12-27,0.06148044922
2006-12-28,-0.970794249
2006-12-29,4.864328259
2007-01-03,-1.179394131
2007-01-04,2.231269708
2007-01-05,-0.6910823052
2007-01-08,0.4835856104
2007-01-09,8.31050943
2007-01-10,4.970739108
2007-01-11,-1.338701907
2007-01-12,-1.252223656
2007-01-16,2.54680325
2007-01-17,-2.111535944
2007-01-18,-6.242522345
2007-01-19,-0.6643146675
2007-01-22,-1.942041032
2007-01-23,-1.152082611
2007-01-24,1.071957589
2007-01-25,-0.5090824945
2007-01-26,-0.949722836
2007-01-29,0.5870381966
2007-01-30,-0.4435452494
2007-01-31,0.2344849148
2007-02-01,-1.177479726
2007-02-02,0.02367237434
2007-02-05,-0.95850426
2007-02-06,0.1553227926
2007-02-07,2.461428344
2007-02-08,0
2007-02-09,-3.341483293
2007-02-12,1.995503092
2007-02-13,-0.330669606
2007-02-14,0.7543741854
2007-02-15,-0.0588004704
2007-02-16,-0.5020592273
2007-02-20,1.273307841
2007-02-21,3.853639548
2007-02-22,0.3448275862
2007-02-23,-0.5565516211
2007-02-26,-0.5296172482
2007-02-27,-5.128011479
2007-02-28,0.7164464257
2007-03-01,2.979766045
2007-03-02,-1.953334868
2007-03-05,1.005910212
2007-03-06,2.204913586
2007-03-07,-0.5232227488
2007-03-08,0.2744216183
2007-03-09,-0.01140294196
2007-03-12,2.193415951
2007-03-13,-1.625562623
2007-03-14,1.777206383
2007-03-15,-0.4681230495
2007-03-16,0
2007-03-19,1.731989548
2007-03-20,0.3852645483
2007-03-21,2.602434299
2007-03-22,0.04274874426
2007-03-23,-0.3845742976
2007-03-26,2.534405719
2007-03-27,-0.4811044485
2007-03-28,-2.336579556
2007-03-29,0.5595609599
2007-03-30,-0.8881754949
2007-04-02,0.7773698985
2007-04-03,0.9392186272
2007-04-04,-0.233504334
2007-04-05,0.404269655
2007-04-09,-1.119627026
2007-04-10,0.68224032
2007-04-11,-1.812892468
2007-04-12,-0.4119092354
2007-04-13,-2.060808359
2007-04-16,1.329925169
2007-04-17,-1.202793112
2007-04-18,0.01110124334
2007-04-19,-0.0999000999
2007-04-20,0.762962963
2007-04-23,2.837609351
2007-04-24,-0.321681321
2007-04-25,2.219592656
2007-04-26,3.704353317
2007-04-27,1.082434124
2007-04-30,-0.100391527
2007-05-01,-0.3383244565
2007-05-02,0.9343909653
2007-05-03,0
2007-05-04,0.3962703963
2007-05-07,3.087996285
2007-05-08,1.122908623
2007-05-09,1.781793885
2007-05-10,0.3626246522
2007-05-11,1.361158698
2007-05-14,0.5715690492
2007-05-15,-1.747738939
2007-05-16,-0.1865903719
2007-05-17,2.015827517
2007-05-18,0.5008704151
2007-05-21,1.789892728
2007-05-22,1.367327442
2007-05-23,-0.556635448
2007-05-24,-1.922108692
2007-05-25,2.621089504
2007-05-29,0.6414783427
2007-05-30,3.909128121
2007-05-31,2.121612876
2007-06-01,-2.463284931
2007-06-04,2.517020255
2007-06-05,1.11325434
2007-06-06,0.7821442198
2007-06-07,0.3055623158
2007-06-08,0.3558526985
2007-06-11,-3.446515876
2007-06-12,0.1752775227
2007-06-13,-2.402377382
2007-06-14,1.183802396
2007-06-15,1.35556993
2007-06-18,3.782013929
2007-06-19,-1.109566333
2007-06-20,-1.730337686
2007-06-21,1.958896195
2007-06-22,-0.7366631587
2007-06-25,-0.5192192682
2007-06-26,-2.158764859
2007-06-27,1.904761905
2007-06-28,-1.170279826
2007-06-29,1.250693289
2007-07-02,-0.6628139465
2007-07-03,4.849871791
2007-07-05,4.404649206
2007-07-06,-0.3324685792
2007-07-09,-1.503626393
2007-07-10,1.618944992
2007-07-11,-0.09846744262
2007-07-12,1.367266478
2007-07-13,2.655264404
2007-07-16,0.3060183611
2007-07-17,0.5641646489
2007-07-18,-0.5248838273
2007-07-19,1.244100206
2007-07-20,2.789930431
2007-07-23,-0.04186435948
2007-07-24,-6.047280004
2007-07-25,1.651848733
2007-07-26,6.892267212
2007-07-27,-1.955555556
2007-07-30,-1.578445731
2007-07-31,-6.993717228
2007-08-01,2.603042385
2007-08-02,1.014801247
2007-08-03,-3.530824267
2007-08-06,2.702496762
2007-08-07,-0.08161246445
2007-08-08,-0.799465373
2007-08-09,-5.371890516
2007-08-10,-1.418551917
2007-08-13,2.294853964
2007-08-14,-2.933640119
2007-08-15,-3.342850986
2007-08-16,-2.226681158
2007-08-17,4.178542926
2007-08-20,0.01641586867
2007-08-21,4.442499179
2007-08-22,3.800419068
2007-08-23,-1.079962655
2007-08-24,3.219141392
2007-08-27,-2.209316693
2007-08-28,-4.088852948
2007-08-29,5.609569731
2007-08-30,1.686542588
2007-08-31,1.607046469
2007-09-04,4.124308792
2007-09-05,-5.125113054
2007-09-06,-1.30038376
2007-09-07,-2.365090765
2007-09-10,3.733766234
2007-09-11,-0.9071791862
2007-09-12,0.9895126465
2007-09-13,0.2858818355
2007-09-14,1.054991107
2007-09-17,-0.1880605651
2007-09-18,1.792357119
2007-09-19,-0.09966777409
2007-09-20,-0.3325573661
2007-09-21,2.786119453
2007-09-24,2.947109699
2007-09-25,3.220865805
2007-09-26,-0.3251287423
2007-09-27,1.105540839
2007-09-28,-0.5889485536
2007-10-01,1.888395191
2007-10-02,1.316830202
2007-10-03,-0.3207089355
2007-10-04,-1.039307411
2007-10-05,3.36670089
2007-10-08,3.910938211
2007-10-09,0.01792257448
2007-10-10,-0.7088103534
2007-10-11,-2.693055806
2007-10-12,3.101430161
2007-10-15,-0.1798884691
2007-10-16,1.561842975
2007-10-17,1.871019893
2007-10-18,0.433520418
2007-10-19,-1.780552665
2007-10-22,2.346478321
2007-10-23,6.71510179
2007-10-24,-0.1401138874
2007-10-25,-1.656742998
2007-10-26,1.04993598
2007-10-29,0.1846354355
2007-10-30,1.085896
2007-10-31,1.506783206
2007-11-01,-1.227328755
2007-11-02,0.1657960886
2007-11-05,-0.9628733136
2007-11-06,3.153922185
2007-11-07,-2.81358885
2007-11-08,-5.913776105
2007-11-09,-5.76725222
2007-11-12,-7.013890293
2007-11-13,10.47619048
2007-11-14,-2.218154621
2007-11-15,-1.090960327
2007-11-16,1.235271373
2007-11-19,-1.395087042
2007-11-20,2.927505504
2007-11-21,-0.2376802408
2007-11-23,1.830527319
2007-11-26,0.6356014818
2007-11-27,1.292234966
2007-11-28,3.04879215
2007-11-29,2.331235963
2007-11-30,-1.231567301
2007-12-03,-1.691335806
2007-12-04,0.4632656492
2007-12-05,3.136795523
2007-12-06,2.42662436
2007-12-07,2.268806984
2007-12-10,-0.04646920125
2007-12-11,-2.990908465
2007-12-12,1.485649373
2007-12-13,0.3445501609
2007-12-14,-0.7494814634
2007-12-17,-3.099590819
2007-12-18,-0.8191670593
2007-12-19,0.03289113036
2007-12-20,2.263261727
2007-12-21,3.177750389
2007-12-24,2.842699353
2007-12-26,0.1565551141
2007-12-27,0.02521135519
2007-12-28,0.4066406775
2007-12-31,-0.8551728755
2008-01-02,-1.584997384
2008-01-03,0
2008-01-04,-7.634124588
2008-01-07,-1.338829777
2008-01-08,-3.596702552
2008-01-09,4.759766502
2008-01-10,-0.769675171
2008-01-11,-2.993652105
2008-01-14,3.525516921
2008-01-15,-5.447609074
2008-01-16,-5.561708861
2008-01-17,0.7832788808
2008-01-18,0.2930052783
2008-01-22,-3.545158817
2008-01-23,-10.64615913
2008-01-24,-2.495432253
2008-01-25,-4.122491247
2008-01-28,0
2008-01-29,1.17780178
2008-01-30,0.4854615697
2008-01-31,2.405463513
2008-02-01,-1.18806501
2008-02-04,-1.569803775
2008-02-05,-1.739594179
2008-02-06,-5.691098935
2008-02-07,-0.6220882434
2008-02-08,3.496677054
2008-02-11,3.165383283
2008-02-12,-3.546062657
2008-02-13,3.636266267
2008-02-14,-1.501136833
2008-02-15,-2.219132807
2008-02-19,-1.966359954
2008-02-20,1.343585814
2008-02-21,-1.841501283
2008-02-22,-1.711000468
2008-02-25,0.2322912877
2008-02-26,-0.4914279332
2008-02-27,3.196026713
2008-02-28,5.65298964
2008-02-29,-3.762610665
2008-03-03,-2.634112424
2008-03-04,2.375786207
2008-03-05,-0.1046305736
2008-03-06,-2.860212166
2008-03-07,1.092065247
2008-03-10,-2.094899494
2008-03-11,6.399620101
2008-03-12,-1.034392229
2008-03-13,1.514749576
2008-03-14,-1.040060627
2008-03-17,0.09506456468
2008-03-18,4.806753726
2008-03-19,-2.373700506
2008-03-20,2.776918317
2008-03-24,4.696319711
2008-03-25,1.039944409
2008-03-26,2.893257761
2008-03-27,-3.314356835
2008-03-28,1.966673818
2008-03-31,0.3436667134
2008-04-01,4.200740896
2008-04-02,-1.363920937
2008-04-03,2.795031056
2008-04-04,0.9680905021
2008-04-07,1.836806011
2008-04-08,-1.95809295
2008-04-09,-0.9143807149
2008-04-10,2.053161427
2008-04-11,-4.793838965
2008-04-14,0.4339922745
2008-04-15,0.4072306056
2008-04-16,3.584867398
2008-04-17,0.5133559558
2008-04-18,4.239525623
2008-04-21,4.422114726
2008-04-22,-4.733880748
2008-04-23,1.677936389
2008-04-24,3.715106732
2008-04-25,0.4670492777
2008-04-28,1.479336564
2008-04-29,1.632470835
2008-04-30,-0.6302761756
2008-05-01,3.478895979
2008-05-02,0.5219361789
2008-05-05,2.095382398
2008-05-06,1.044287188
2008-05-07,-2.179831632
2008-05-08,1.351326607
2008-05-09,-0.8689996567
2008-05-12,2.567887735
2008-05-13,0.9559515983
2008-05-14,-1.948360526
2008-05-15,1.863220248
2008-05-16,-1.11193346
2008-05-19,-2.141953419
2008-05-20,1.252845306
2008-05-21,-4.147258241
2008-05-22,-0.6398108712
2008-05-23,2.326459702
2008-05-27,2.902856721
2008-05-28,0.3120460537
2008-05-29,-0.1716277822
2008-05-30,1.103171618
2008-06-02,-1.402887255
2008-06-03,-0.3934390888
2008-06-04,-0.09739557031
2008-06-05,2.291027261
2008-06-06,-2.001447255
2008-06-09,-2.170193606
2008-06-10,2.218335788
2008-06-11,-2.602431337
2008-06-12,-4.175295858
2008-06-13,-0.5132955116
2008-06-16,2.59329661
2008-06-17,2.595806628
2008-06-18,-1.477905134
2008-06-19,1.202678438
2008-06-20,-3.112351452
2008-06-23,-1.203670145
2008-06-24,0.05213160334
2008-06-25,2.389085085
2008-06-26,-5.145409654
2008-06-27,1.086891728
2008-06-30,-1.558752998
2008-07-01,4.324993511
2008-07-02,-3.720787796
2008-07-03,1.153012743
2008-07-07,2.961696441
2008-07-08,2.506203474
2008-07-09,-2.951417984
2008-07-10,1.366130703
2008-07-11,-2.292258187
2008-07-14,0.7535984812
2008-07-15,-2.440009229
2008-07-16,1.870356136
2008-07-17,-0.58040551
2008-07-18,-3.876391375
2008-07-21,0.6903392987
2008-07-22,-2.567505077
2008-07-23,2.616591003
2008-07-24,-4.347651223
2008-07-25,1.942564016
2008-07-28,-4.761806558
2008-07-29,1.736644941
2008-07-30,1.781495435
2008-07-31,-0.5813467169
2008-08-01,-1.440831265
2008-08-04,-2.189640822
2008-08-05,4.835155244
2008-08-06,2.210335713
2008-08-07,-0.3767130261
2008-08-08,3.654648026
2008-08-11,2.366303833
2008-08-12,1.82616736
2008-08-13,1.454786228
2008-08-14,0.01118797665
2008-08-15,-1.996830428
2008-08-18,-0.1997564873
2008-08-19,-1.059875331
2008-08-20,1.331329596
2008-08-21,-0.8822299122
2008-08-22,1.434874353
2008-08-25,-2.397972692
2008-08-26,0.6316605309
2008-08-27,0.5930375847
2008-08-28,-0.5321185208
2008-08-29,-2.424662279
2008-09-02,-1.970181044
2008-09-03,0.4647232784
2008-09-04,-3.438263447
2008-09-05,-0.6449472222
2008-09-08,-1.410978919
2008-09-09,-3.9505441
2008-09-10,-0.0462881326
2008-09-11,0.6858226564
2008-09-12,-2.431118314
2008-09-15,-5.760079016
2008-09-16,-0.3430041446
2008-09-17,-8.614178498
2008-09-18,4.896165716
2008-09-19,5.08652072
2008-09-22,-6.997105301
2008-09-23,-3.211980509
2008-09-24,1.473456692
2008-09-25,2.501493623
2008-09-26,-2.795235682
2008-09-29,-17.92110958
2008-09-30,7.98208557
2008-10-01,-3.994587599
2008-10-02,-8.266437894
2008-10-03,-3.026052104
2008-10-06,1.102156093
2008-10-07,-9.150371329
2008-10-08,0.7049647518
2008-10-09,-1.169198689
2008-10-10,9.083716374
2008-10-13,13.90529479
2008-10-14,-5.606598138
2008-10-15,-5.888210729
2008-10-16,4.020889511
2008-10-17,-4.406890894
2008-10-20,1.067554579
2008-10-21,-7.057704718
2008-10-22,5.879773433
2008-10-23,1.404707669
2008-10-24,-1.885572309
2008-10-27,-4.450688591
2008-10-28,8.491867557
2008-10-29,4.644781314
2008-10-30,6.207028877
2008-10-31,-3.107310611
2008-11-03,-0.5842137974
2008-11-04,3.766566642
2008-11-05,-6.928336898
2008-11-06,-4.065119591
2008-11-07,-0.8670422725
2008-11-10,-2.402668119
2008-11-11,-1.157681847
2008-11-12,-4.90721795
2008-11-13,7.011686144
2008-11-14,-6.427457098
2008-11-17,-2.326701493
2008-11-18,2.006600159
2008-11-19,-4.027219991
2008-11-20,-6.71858654
2008-11-21,2.596053998
2008-11-24,12.55465587
2008-11-25,-2.312866444
2008-11-26,4.628470432
2008-11-28,-2.452929791
2008-12-01,-4.037087813
2008-12-02,3.981352682
2008-12-03,3.709595777
2008-12-04,-4.682052712
2008-12-05,2.83091328
2008-12-08,6.085719367
2008-12-09,0.3419835043
2008-12-10,-1.847767976
2008-12-11,-3.268085106
2008-12-12,3.441844096
2008-12-15,-3.582485626
2008-12-16,0.7163020466
2008-12-17,-6.569036191
2008-12-18,0.3037348133
2008-12-19,0.6355377771
2008-12-22,-4.732716669
2008-12-23,0.7447845584
2008-12-24,-1.552097848
2008-12-26,0.9081973658
2008-12-29,0.931193018
2008-12-30,-0.3705848292
2008-12-31,-1.088767484
2009-01-02,6.326386713
2009-01-05,4.222083042
2009-01-06,-1.650818339
2009-01-07,-2.160161024
2009-01-08,1.858858969
2009-01-09,-2.286579868
2009-01-12,-2.122319418
2009-01-13,-1.070970661
2009-01-14,-2.714035221
2009-01-15,-2.284303738
2009-01-16,-1.259072136
2009-01-20,-5.015228426
2009-01-21,5.917058572
2009-01-22,6.680390732
2009-01-23,0
2009-01-26,1.445381967
2009-01-27,1.215918839
2009-01-28,3.825035929
2009-01-29,-1.274179237
2009-01-30,-3.084555651
2009-02-02,1.532012761
2009-02-03,1.603887326
2009-02-04,0.6148867314
2009-02-05,3.109252707
2009-02-06,3.379432255
2009-02-09,2.799570844
2009-02-10,-4.56606112
2009-02-11,-1.032090496
2009-02-12,2.53116475
2009-02-13,-0.1111410481
2009-02-17,-4.669746114
2009-02-18,-0.1697672774
2009-02-19,-3.95380146
2009-02-20,0.6196975286
2009-02-23,-4.65943251
2009-02-24,3.79513208
2009-02-25,1.007631325
2009-02-26,-2.160199516
2009-02-27,0.1349477078
2009-03-02,-1.534833227
2009-03-03,0.4866365053
2009-03-04,3.170519466
2009-03-05,-2.556015989
2009-03-06,-3.985398163
2009-03-09,-2.567318622
2009-03-10,6.641724998
2009-03-11,4.57203214
2009-03-12,3.957288698
2009-03-13,-0.4337566799
2009-03-16,-0.5332311017
2009-03-17,4.442887176
2009-03-18,1.868625872
2009-03-19,0.09879795818
2009-03-20,-0.02961013325
2009-03-23,5.973145528
2009-03-24,-1.077606286
2009-03-25,-0.009417969486
2009-03-26,3.174154658
2009-03-27,-2.747854665
2009-03-30,-2.209080384
2009-03-31,0.6015422519
2009-04-01,3.396838523
2009-04-02,3.700513704
2009-04-03,2.909943047
2009-04-06,2.118582999
2009-04-07,-2.910127583
2009-04-08,1.145448731
2009-04-09,2.793825989
2009-04-13,0.5452562704
2009-04-14,-1.587963735
2009-04-15,-0.5680051996
2009-04-16,3.23992497
2009-04-17,1.621428178
2009-04-20,-2.36489232
2009-04-21,1.043227346
2009-04-22,-0.2031962216
2009-04-23,3.199977988
2009-04-24,-1.194443704
2009-04-27,0.6692031625
2009-04-28,-0.6647546037
2009-04-29,0.9984079441
2009-04-30,0.5530471025
2009-05-01,1.121266872
2009-05-04,3.794208839
2009-05-05,0.4860513392
2009-05-06,-0.1587141633
2009-05-07,-2.596452272
2009-05-08,0.1010310347
2009-05-11,0.292435496
2009-05-12,-3.973783351
2009-05-13,-3.9635621
2009-05-14,2.895995971
2009-05-15,-0.4296513841
2009-05-18,3.454773869
2009-05-19,0.6309231541
2009-05-20,-1.238195173
2009-05-21,-1.344028899
2009-05-22,-1.351569652
2009-05-26,6.757641921
2009-05-27,1.735862563
2009-05-28,1.517778615
2009-05-29,0.5495185524
2009-06-01,2.607025923
2009-06-02,0.09836852207
2009-06-03,1.047434146
2009-06-04,1.980644243
2009-06-05,0.6466168911
2009-06-08,-0.566199071
2009-06-09,-0.7855715149
2009-06-10,-1.731165667
2009-06-11,-0.2145462347
2009-06-12,-2.1285745
2009-06-15,-0.6419644601
2009-06-16,0.1891659501
2009-06-17,-0.5639743024
2009-06-18,0.2219372657
2009-06-19,2.649968013
2009-06-22,-1.514897289
2009-06-23,-2.446029158
2009-06-24,1.649119305
2009-06-25,2.672851778
2009-06-26,1.845477147
2009-06-29,-0.3309548399
2009-06-30,0.3249888138
2009-07-01,0.2793361658
2009-07-02,-1.966292135
2009-07-06,-1.007640879
2009-07-07,-2.315596507
2009-07-08,1.345745469
2009-07-09,-0.6286090198
2009-07-10,1.583915655
2009-07-13,2.758803794
2009-07-14,-0.04932587964
2009-07-15,3.240664583
2009-07-16,0.4347628153
2009-07-17,2.866985472
2009-07-20,0.7645192562
2009-07-21,-0.9139608615
2009-07-22,3.451243463
2009-07-23,0.6889784774
2009-07-24,1.374883484
2009-07-27,0.06896119366
2009-07-28,-0.06264879088
2009-07-29,0.01880641926
2009-07-30,1.725686828
2009-07-31,0.367624407
2009-08-03,1.860036832
2009-08-04,-0.5283352418
2009-08-05,-0.2665804992
2009-08-06,-0.7249311518
2009-08-07,0.9749928609
2009-08-10,-0.4767291532
2009-08-11,-1.146788991
2009-08-12,1.52146685
2009-08-13,1.880915784
2009-08-14,-0.9727240243
2009-08-17,-4.312003849
2009-08-18,2.763287453
2009-08-19,0.3669575145
2009-08-20,1.050129997
2009-08-21,1.738728417
2009-08-24,-0.09483542103
2009-08-25,0.2017165684
2009-08-26,-1.176284835
2009-08-27,1.22024285
2009-08-28,0.353175621
2009-08-31,-1.081357398
2009-09-01,-1.731197329
2009-09-02,-0.0728140612
2009-09-03,0.8298755187
2009-09-04,2.258355917
2009-09-08,1.537102473
2009-09-09,-1.034356089
2009-09-10,0.8302727202
2009-09-11,-0.2324995641
2009-09-14,0.9069193871
2009-09-15,0.8275596613
2009-09-16,3.830883756
2009-09-17,1.474346012
2009-09-18,0.2554394101
2009-09-21,-0.542103361
2009-09-22,0.2507267442
2009-09-23,0.5527565334
2009-09-24,-0.9047816448
2009-09-25,-0.7893635983
2009-09-28,2.073441252
2009-09-29,-0.4148855922
2009-09-30,-0.01623171677
2009-10-01,-2.422526065
2009-10-02,2.23495702
2009-10-05,0.6111673658
2009-10-06,2.138672226
2009-10-07,0.1266891892
2009-10-08,-0.5149022916
2009-10-09,0.6341523732
2009-10-12,0.177286291
2009-10-13,-0.4135200014
2009-10-14,0.6686020938
2009-10-15,-0.3810189636
2009-10-16,-1.317613208
2009-10-19,0.9618461757
2009-10-20,4.687692606
2009-10-21,3.100136251
2009-10-22,0.1354173465
2009-10-23,-0.6126272912
2009-10-26,-0.716405187
2009-10-27,-2.524685446
2009-10-28,-2.517236122
2009-10-29,2.052235564
2009-10-30,-3.998092903
2009-11-02,0.4310039021
2009-11-03,-0.2966992212
2009-11-04,1.165530068
2009-11-05,1.61259258
2009-11-06,0.1602508874
2009-11-09,3.664390042
2009-11-10,0.7534394344
2009-11-11,0.133418985
2009-11-12,-0.6201473878
2009-11-13,1.218240503
2009-11-16,1.066213145
2009-11-17,0.1796029319
2009-11-18,-0.5023096553
2009-11-19,-2.645975034
2009-11-20,-0.2951328098
2009-11-23,2.981804803
2009-11-24,-0.6999139317
2009-11-25,-0.1226532348
2009-11-27,-1.761826011
2009-11-30,-0.3400170009
2009-12-01,-1.470071748
2009-12-02,-0.3768204501
2009-12-03,0.1277857289
2009-12-04,-1.608045332
2009-12-07,-2.218878628
2009-12-08,0.4439413502
2009-12-09,4.176791689
2009-12-10,-0.6930124066
2009-12-11,-0.895288671
2009-12-14,1.186755058
2009-12-15,-1.427431811
2009-12-16,0.4442454715
2009-12-17,-1.62683855
2009-12-18,1.861113531
2009-12-21,1.433630438
2009-12-22,1.074362045
2009-12-23,0.8677079162
2009-12-24,3.434356803
2009-12-28,1.229927708
2009-12-29,-1.186545116
2009-12-30,1.215183397
2009-12-31,-0.4312659948
2010-01-04,1.556426407
2010-01-05,0.1734104046
2010-01-06,-1.590742502
2010-01-07,-0.1838322689
2010-01-08,0.6636500754
2010-01-11,-0.881661751
2010-01-12,-1.137737891
2010-01-13,1.409969579
2010-01-14,-0.577731926
2010-01-15,-1.671429256
2010-01-19,4.424132221
2010-01-20,-1.543867286
2010-01-21,-1.724410195
2010-01-22,-4.960311084
2010-01-25,2.694980303
2010-01-26,1.409262278
2010-01-27,0.9416042989
2010-01-28,-4.131752899
2010-01-29,-3.628707556
2010-02-01,1.390895639
2010-02-02,0.5803172859
2010-02-03,1.720665051
2010-02-04,-3.60463165
2010-02-05,1.775704189
2010-02-08,-0.6859156375
2010-02-09,1.066120115
2010-02-10,-0.5453306067
2010-02-11,1.819739548
2010-02-12,0.8616337383
2010-02-16,1.506657323
2010-02-17,-0.4175090816
2010-02-18,0.1865209712
2010-02-19,-0.6194806907
2010-02-22,-0.625
2010-02-23,-1.671588009
2010-02-24,1.825554368
2010-02-25,0.6681440259
2010-02-26,1.297626535
2010-03-01,2.135551126
2010-03-02,-0.06719032459
2010-03-03,0.2305217155
2010-03-04,0.6580313363
2010-03-05,3.911270489
2010-03-08,0.05955289519
2010-03-09,1.797732233
2010-03-10,0.8170302076
2010-03-11,0.292936803
2010-03-12,0.4877904132
2010-03-15,-1.217245042
2010-03-16,0.2718405998
2010-03-17,-0.1474684581
2010-03-18,0.2371930662
2010-03-19,-1.06856369
2010-03-22,1.125235051
2010-03-23,1.606592982
2010-03-24,0.4421474899
2010-03-25,-1.186502442
2010-03-26,1.874880146
2010-03-29,0.6457965307
2010-03-30,1.484721183
2010-03-31,-0.3558264814
2010-04-01,0.4125823386
2010-04-05,1.066889585
2010-04-06,0.4401951438
2010-04-07,0.4438489239
2010-04-08,-0.2709688177
2010-04-09,0.7663475874
2010-04-12,0.2074143724
2010-04-13,0.05381611448
2010-04-14,1.299166988
2010-04-15,1.364193329
2010-04-16,-0.6111320045
2010-04-19,-0.1324378015
2010-04-20,-1.004073127
2010-04-21,5.981655891
2010-04-22,2.796228703
2010-04-23,1.63611498
2010-04-26,-0.4900932041
2010-04-27,-2.768955935
2010-04-28,-0.167143003
2010-04-29,2.690267749
2010-04-30,-2.810205352
2010-05-03,2.014290836
2010-05-04,-2.87955815
2010-05-05,-1.039149035
2010-05-06,-3.805817127
2010-05-07,-4.218429663
2010-05-10,7.685765316
2010-05-11,0.9964721988
2010-05-12,2.171391333
2010-05-13,-1.422357158
2010-05-14,-1.757337336
2010-05-17,0.1567480703
2010-05-18,-0.7312229572
2010-05-19,-1.59245373
2010-05-20,-4.260962048
2010-05-21,1.918047079
2010-05-24,1.83228014
2010-05-25,-0.6246104653
2010-05-26,-0.4526552594
2010-05-27,3.785627217
2010-05-28,1.393562691
2010-06-01,1.537099944
2010-06-02,1.197221012
2010-06-03,-0.3153974768
2010-06-04,-2.716680009
2010-06-07,-1.965752798
2010-06-08,-0.6408548284
2010-06-09,-2.459269192
2010-06-10,3.006557512
2010-06-11,1.197149263
2010-06-14,0.3033300363
2010-06-15,2.127407797
2010-06-16,2.912208876
2010-06-17,1.727653719
2010-06-18,0.8091888435
2010-06-21,-1.422402225
2010-06-22,1.362488862
2010-06-23,-1.052387406
2010-06-24,-0.7267388059
2010-06-25,-0.8551045266
2010-06-28,0.6004763696
2010-06-29,-4.52092861
2010-06-30,-1.811513815
2010-07-01,-1.213563197
2010-07-02,-0.6189451023
2010-07-06,0.683725968
2010-07-07,4.038190009
2010-07-08,-0.2236066591
2010-07-09,0.5920072544
2010-07-12,-0.8963065987
2010-07-13,-2.134986226
2010-07-14,0.366470596
2010-07-15,-0.5027186495
2010-07-16,-0.6169474398
2010-07-19,-1.728543715
2010-07-20,2.568989694
2010-07-21,0.9331032652
2010-07-22,1.880514972
2010-07-23,0.354962374
2010-07-26,-0.2533827237
2010-07-27,1.850395224
2010-07-28,-1.181221989
2010-07-29,-1.091565987
2010-07-30,-0.3328972423
2010-08-02,1.787013932
2010-08-03,0.03064390505
2010-08-04,0.4008016032
2010-08-05,-0.485652898
2010-08-06,-0.6157777068
2010-08-09,0.638874963
2010-08-10,-0.8941116362
2010-08-11,-3.554581776
2010-08-12,0.6387641651
2010-08-13,-1.067587306
2010-08-16,-0.5865299439
2010-08-17,1.748369763
2010-08-18,0.4365479539
2010-08-19,-1.260354326
2010-08-20,-0.09633524666
2010-08-23,-1.537493136
2010-08-24,-2.388498211
2010-08-25,1.233226036
2010-08-26,-1.073670301
2010-08-27,0.5579673846
2010-08-30,0.3639181392
2010-08-31,0.2467876248
2010-09-01,2.974790609
2010-09-02,0.7345674066
2010-09-03,2.617204073
2010-09-07,-0.3708106153
2010-09-08,1.981559051
2010-09-09,0.05722351505
2010-09-10,0.1296324539
2010-09-13,1.378417485
2010-09-14,0.3818609776
2010-09-15,0.8057173504
2010-09-16,2.349578709
2010-09-17,-0.4339837045
2010-09-20,2.854437065
2010-09-21,0.1912316736
2010-09-22,1.402045337
2010-09-23,0.4066646527
2010-09-24,1.176865395
2010-09-27,-0.3934441229
2010-09-28,-1.480095075
2010-09-29,0.1771561772
2010-09-30,-1.258842144
2010-10-01,-0.433604336
2010-10-04,-1.373931978
2010-10-05,3.696859889
2010-10-06,0.08678345792
2010-10-07,0.01040498514
2010-10-08,1.676184311
2010-10-11,0.4388557915
2010-10-12,1.076498155
2010-10-13,0.5364362268
2010-10-14,0.7229425656
2010-10-15,4.111876666
2010-10-18,1.035702525
2010-10-19,-2.675736485
2010-10-20,0.335965604
2010-10-21,-0.3251507321
2010-10-22,-0.6632245242
2010-10-25,0.4458266278
2010-10-26,-0.2554831446
2010-10-27,-0.07163168291
2010-10-28,-0.8417325571
2010-10-29,-1.395445633
2010-11-01,1.063061662
2010-11-02,1.703671137
2010-11-03,1.112071761
2010-11-04,1.748629207
2010-11-05,-0.358212091
2010-11-08,0.4691420499
2010-11-09,-0.7964406762
2010-11-10,0.6166701925
2010-11-11,-0.4310208887
2010-11-12,-2.725074699
2010-11-15,-0.3212781661
2010-11-16,-1.774903088
2010-11-17,-0.3613950292
2010-11-18,2.639074321
2010-11-19,-0.5517495556
2010-11-22,2.16147281
2010-11-23,-1.477711628
2010-11-24,1.96662371
2010-11-26,0.3048100513
2010-11-29,0.351531066
2010-11-30,-1.805309361
2010-12-01,1.686992962
2010-12-02,0.5537063454
2010-12-03,-0.2238358957
2010-12-06,0.8541697386
2010-12-07,-0.6056998444
2010-12-08,0.8794141442
2010-12-09,-0.3895265274
2010-12-10,0.2509410289
2010-12-13,0.346266166
2010-12-14,-0.4292603833
2010-12-15,0.02192089688
2010-12-16,0.2776038405
2010-12-17,-0.1987802594
2010-12-20,0.4984618593
2010-12-21,0.6173928382
2010-12-22,0.2959739295
2010-12-23,-0.4791527428
2010-12-27,0.3337156082
2010-12-28,0.2430183705
2010-12-29,-0.0554710934
2010-12-30,-0.5005447407
2010-12-31,-0.339851457
2011-01-03,2.172516014
2011-01-04,0.522450139
2011-01-05,0.8174469416
2011-01-06,-0.08008088169
2011-01-07,0.7162964967
2011-01-10,1.882945073
2011-01-11,-0.2362658283
2011-01-12,0.8132309047
2011-01-13,0.3659625689
2011-01-14,0.8095325602
2011-01-18,-2.245994435
2011-01-19,-0.5319514373
2011-01-20,-1.817518032
2011-01-21,-1.791869755
2011-01-24,3.28380508
2011-01-25,1.171097086
2011-01-26,0.7178322055
2011-01-27,-0.1866868911
2011-01-28,-2.071034738
2011-01-31,0.9579420659
2011-02-01,1.682907844
2011-02-02,-0.2063973488
2011-02-03,-0.2553745169
2011-02-04,0.8907450133
2011-02-07,1.552519346
2011-02-08,0.9434948265
2011-02-09,0.8339608434
2011-02-10,-1.010959058
2011-02-11,0.651622455
2011-02-14,0.6530252778
2011-02-15,0.2001284545
2011-02-16,0.8973858759
2011-02-17,-1.329503186
2011-02-18,-2.160159749
2011-02-22,-3.409535254
2011-02-23,1.184857521
2011-02-24,0.07611389762
2011-02-25,1.539646632
2011-02-28,1.450040812
2011-03-01,-1.103696342
2011-03-02,0.8039893184
2011-03-03,2.113578746
2011-03-04,0.1218094751
2011-03-07,-1.289052342
2011-03-08,0.1129007978
2011-03-09,-0.9247425006
2011-03-10,-1.645735316
2011-03-11,1.534396127
2011-03-14,0.4464285714
2011-03-15,-2.299763593
2011-03-16,-4.46388819
2011-03-17,1.40315685
2011-03-18,-1.186919903
2011-03-21,2.610638707
2011-03-22,0.5596886239
2011-03-23,-0.5889096842
2011-03-24,1.704254229
2011-03-25,1.904420387
2011-03-28,-0.3128982558
2011-03-29,0.1478767757
2011-03-30,-0.6639865869
2011-03-31,-0.03452409494
2011-04-01,-1.132973263
2011-04-04,-0.9780900076
2011-04-05,-0.6741793239
2011-04-06,-0.250587005
2011-04-07,0.01186849705
2011-04-08,-0.8929984177
2011-04-11,-1.272239241
2011-04-12,0.4841220109
2011-04-13,1.122499271
2011-04-14,-1.104071138
2011-04-15,-1.492552325
2011-04-18,1.340575641
2011-04-19,1.811477392
2011-04-20,1.346804679
2011-04-21,2.417614607
2011-04-25,0.6616392255
2011-04-26,-0.7330586731
2011-04-27,-0.07728196468
2011-04-28,-0.9710684618
2011-04-29,0.9748054728
2011-05-02,-1.100034376
2011-05-03,0.5551693508
2011-05-04,0.3927141444
2011-05-05,-0.8062664983
2011-05-06,-0.02603338058
2011-05-09,0.2710105511
2011-05-10,0.5328613887
2011-05-11,-0.6352790348
2011-05-12,-0.1906467547
2011-05-13,-1.750933349
2011-05-16,-2.114999411
2011-05-17,0.8526431939
2011-05-18,1.109011339
2011-05-19,0.1947764498
2011-05-20,-1.560091504
2011-05-23,-0.2443549031
2011-05-24,-0.6608744339
2011-05-25,1.381871616
2011-05-26,-0.5281393017
2011-05-27,0.7185700456
2011-05-31,3.088615622
2011-06-01,-0.6670767811
2011-06-02,0.1712759575
2011-06-03,-0.7689409674
2011-06-06,-1.572189286
2011-06-07,-1.775329351
2011-06-08,0.0604150514
2011-06-09,-0.2254133417
2011-06-10,-1.686350846
2011-06-13,0.214409553
2011-06-14,1.788383187
2011-06-15,-1.711705369
2011-06-16,-0.4870511915
2011-06-17,-1.506349288
2011-06-20,-1.542958555
2011-06-21,3.16502672
2011-06-22,-0.8263358582
2011-06-23,2.671696392
2011-06-24,-1.473690586
2011-06-27,1.74365594
2011-06-28,0.969661575
2011-06-29,-0.3639953728
2011-06-30,0.4884347069
2011-07-01,2.260978695
2011-07-05,1.730804819
2011-07-06,0.7333933324
2011-07-07,1.546401551
2011-07-08,0.701990846
2011-07-11,-1.586593425
2011-07-12,-0.07083356945
2011-07-13,1.206914476
2011-07-14,-0.07003847447
2011-07-15,1.998897289
2011-07-18,2.433393191
2011-07-19,0.8157132124
2011-07-20,2.666879591
2011-07-21,0.1011043708
2011-07-22,1.551291016
2011-07-25,1.321874256
2011-07-26,1.232475606
2011-07-27,-2.681916128
2011-07-28,-0.1967229868
2011-07-29,-0.3413173142
2011-08-01,1.605404433
2011-08-02,-1.976101392
2011-08-03,0.9413443601
2011-08-04,-3.872489738
2011-08-05,-0.9931691931
2011-08-08,-5.463087248
2011-08-09,5.888589143
2011-08-10,-2.75865768
2011-08-11,2.752344181
2011-08-12,0.8803478448
2011-08-15,1.702761667
2011-08-16,-0.7638779888
2011-08-17,-0.01054463015
2011-08-18,-3.782406187
2011-08-19,-2.73733628
2011-08-22,0.1145658237
2011-08-23,4.814700172
2011-08-24,0.6908648339
2011-08-25,-0.6541291905
2011-08-26,2.638217928
2011-08-29,1.665664305
2011-08-30,0.005144032922
2011-08-31,-1.322805754
2011-09-01,-0.9878109172
2011-09-02,-1.832125371
2011-09-06,1.521299987
2011-09-07,1.104067618
2011-09-08,0.05399097828
2011-09-09,-1.733741819
2011-09-12,0.6518812442
2011-09-13,1.231960577
2011-09-14,1.216968011
2011-09-15,0.9395396771
2011-09-16,1.919444586
2011-09-19,2.779029969
2011-09-20,0.4418489429
2011-09-21,-0.3169905307
2011-09-22,-2.504238629
2011-09-23,0.6173866738
2011-09-26,-0.2795097828
2011-09-27,-0.9694165257
2011-09-28,-0.5635619123
2011-09-29,-1.621949371
2011-09-30,-2.368601267
2011-10-03,-1.762338562
2011-10-04,-0.5604990941
2011-10-05,1.543777768
2011-10-06,-0.2333495382
2011-10-07,-2.005829664
2011-10-10,5.140723462
2011-10-11,2.952886244
2011-10-12,0.474412622
2011-10-13,1.552017956
2011-10-14,3.321818569
2011-10-17,-0.4761527492
2011-10-18,0.535746981
2011-10-19,-5.59417857
2011-10-20,-0.8303488304
2011-10-21,-0.6165582686
2011-10-24,3.28318072
2011-10-25,-1.971721899
2011-10-26,0.7119262354
2011-10-27,1.020697713
2011-10-28,0.06443990978
2011-10-31,-0.04210665368
2011-11-01,-2.04344594
2011-11-02,0.2268204661
2011-11-03,1.424304884
2011-11-04,-0.7017369233
2011-11-07,-0.1278067362
2011-11-08,1.626811867
2011-11-09,-2.696207532
2011-11-10,-2.545082383
2011-11-11,-0.1553563214
2011-11-14,-1.393428373
2011-11-15,2.522986327
2011-11-16,-1.043861082
2011-11-17,-1.91336838
2011-11-18,-0.6537742618
2011-11-21,-1.581880601
2011-11-22,2.032236729
2011-11-23,-2.528104854
2011-11-25,-0.9319740906
2011-11-28,3.452144486
2011-11-29,-0.7769027005
2011-11-30,2.411667742
2011-12-01,1.499352672
2011-12-02,0.4559165733
2011-12-05,0.8493552621
2011-12-06,-0.5240367847
2011-12-07,-0.475485962
2011-12-08,0.4038598692
2011-12-09,0.7574007035
2011-12-12,-0.4527231339
2011-12-13,-0.7730441386
2011-12-14,-2.216814426
2011-12-15,-0.3288924065
2011-12-16,0.5487864056
2011-12-19,0.3123820889
2011-12-20,3.595202897
2011-12-21,0.1232806154
2011-12-22,0.532152646
2011-12-23,1.199604047
2011-12-27,0.7932955337
2011-12-28,-0.9564695336
2011-12-29,0.6161255501
2011-12-30,-0.02970983396
2012-01-03,1.537940827
2012-01-04,0.5374027431
2012-01-05,1.110302442
2012-01-06,1.045324034
2012-01-09,-0.1583029919
2012-01-10,0.3575392421
2012-01-11,-0.162728788
2012-01-12,-0.2745578985
2012-01-13,-0.3752836446
2012-01-17,1.165133596
2012-01-18,1.038353749
2012-01-19,-0.3171090871
2012-01-20,-1.741441301
2012-01-23,1.691167112
2012-01-24,-1.637228367
2012-01-25,6.243588214
2012-01-26,-0.4543549208
2012-01-27,0.5962899187
2012-01-30,1.280441315
2012-01-31,0.7660799291
2012-02-01,-0.06298843503
2012-02-02,-0.2345232948
2012-02-03,1.001270872
2012-02-06,0.9338861008
2012-02-07,1.0470261
2012-02-08,1.674427892
2012-02-09,3.459231983
2012-02-10,0.05084504464
2012-02-13,1.860660514
2012-02-14,1.365015167
2012-02-15,-2.314608216
2012-02-16,0.9123094597
2012-02-17,-0.01797471557
2012-02-21,2.535556384
2012-02-22,-0.3519663359
2012-02-23,0.6529814272
2012-02-24,1.166058063
2012-02-27,0.6412676877
2012-02-28,1.835235764
2012-02-29,1.313217727
2012-03-01,0.3741278568
2012-03-02,0.1301803489
2012-03-05,-2.204669361
2012-03-06,-0.5436827451
2012-03-07,0.08133618325
2012-03-08,2.128772129
2012-03-09,0.5872591898
2012-03-12,1.252292087
2012-03-13,2.916966984
2012-03-14,3.781213402
2012-03-15,-0.6821893572
2012-03-16,0.001712905602
2012-03-19,2.652103412
2012-03-20,0.8087257841
2012-03-21,-0.5710565374
2012-03-22,-0.5243940336
2012-03-23,-0.5489141652
2012-03-26,1.833642773
2012-03-27,1.235485932
2012-03-28,0.51090641
2012-03-29,-1.256428301
2012-03-30,-1.690157832
2012-04-02,3.181914502
2012-04-03,1.728349691
2012-04-04,-0.7963661478
2012-04-05,1.501089803
2012-04-09,0.4025662942
2012-04-10,-1.224401856
2012-04-11,-0.3564455463
2012-04-12,-0.5477930773
2012-04-13,-2.816863602
2012-04-16,-4.146963938
2012-04-17,5.096906931
2012-04-18,-0.2226353222
2012-04-19,-3.436014399
2012-04-20,-2.461540213
2012-04-23,-0.2228990886
2012-04-24,-1.997707549
2012-04-25,8.873970641
2012-04-26,-0.3770875468
2012-04-27,-0.7735347678
2012-04-30,-3.153745072
2012-05-01,-0.3171713355
2012-05-02,0.6616316802
2012-05-03,-0.7097742302
2012-05-04,-2.848474052
2012-05-07,0.7488199875
2012-05-08,-0.2283775215
2012-05-09,0.175941345
2012-05-10,0.2355470448
2012-05-11,-0.6680613913
2012-05-14,-1.497908592
2012-05-15,-0.9049855059
2012-05-16,-1.28133065
2012-05-17,-2.922863108
2012-05-18,0.04919304486
2012-05-21,5.825879209
2012-05-22,-0.7678149143
2012-05-23,2.440122456
2012-05-24,-0.9188128095
2012-05-25,-0.5358188388
2012-05-29,1.774873499
2012-05-30,1.205846956
2012-05-31,-0.2488021705
2012-06-01,-2.897586213
2012-06-04,0.5882282826
2012-06-05,-0.2583259766
2012-06-06,1.533179283
2012-06-07,0.04563431701
2012-06-08,1.504075976
2012-06-11,-1.576849067
2012-06-12,0.8739324619
2012-06-13,-0.6945975744
2012-06-14,-0.1098560769
2012-06-15,0.4545321595
2012-06-18,2.029442937
2012-06-19,0.2785276844
2012-06-20,-0.2845840804
2012-06-21,-1.377893205
2012-06-22,0.7668667272
2012-06-25,-1.948238429
2012-06-26,0.2208371897
2012-06-27,0.433687336
2012-06-28,-0.9485954386
2012-06-29,2.62745075
2012-07-02,1.458709031
2012-07-03,1.162941605
2012-07-05,1.756431137
2012-07-06,-0.6654497816
2012-07-09,1.322157169
2012-07-10,-0.9253056667
2012-07-11,-0.6217155171
2012-07-12,-0.9148989131
2012-07-13,1.013783209
2012-07-16,0.3205358475
2012-07-17,0.004957940141
2012-07-18,-0.1118235501
2012-07-19,1.329046561
2012-07-20,-1.631082545
2012-07-23,-0.07745676253
2012-07-24,-0.4822652625
2012-07-25,-4.318023757
2012-07-26,-0.01570004768
2012-07-27,1.788341756
2012-07-30,1.686645107
2012-07-31,2.643082697
2012-08-01,-0.6464927359
2012-08-02,0.1614351752
2012-08-03,1.301501733
2012-08-06,1.112643628
2012-08-07,-0.2636878709
2012-08-08,-0.1690771832
2012-08-09,0.5701186624
2012-08-10,0.1566044718
2012-08-13,1.334946907
2012-08-14,0.2684393528
2012-08-15,-0.1364953887
2012-08-16,0.8733924039
2012-08-17,1.849894845
2012-08-20,2.628902518
2012-08-21,-1.366366366
2012-08-22,1.952605673
2012-08-23,-0.9332165361
2012-08-24,0.08942791256
2012-08-27,1.878316041
2012-08-28,-0.130072969
2012-08-29,-0.1968435957
2012-08-30,-1.425605536
2012-08-31,0.2061018173
2012-09-04,1.462765292
2012-09-05,-0.7023427867
2012-09-06,0.9015229032
2012-09-07,0.6163206837
2012-09-10,-2.601361103
2012-09-11,-0.3239968655
2012-09-12,1.392423563
2012-09-13,1.969243616
2012-09-14,1.215172844
2012-09-17,1.229960173
2012-09-18,0.3039918555
2012-09-19,0.02750875063
2012-09-20,-0.484589853
2012-09-21,0.2005927253
2012-09-24,-1.330011079
2012-09-25,-2.496843404
2012-09-26,-1.241591333
2012-09-27,2.426817611
2012-09-28,-2.085918948
2012-10-01,-1.15724915
2012-10-02,0.2913111526
2012-10-03,1.53337327
2012-10-04,-0.6926368292
2012-10-05,-2.130846347
2012-10-08,-2.209888383
2012-10-09,-0.3635965278
2012-10-10,0.7958156849
2012-10-11,-1.998763758
2012-10-12,0.2581212799
2012-10-15,0.8003890927
2012-10-16,2.367416296
2012-10-17,-0.7956513275
2012-10-18,-1.858154344
2012-10-19,-3.604072934
2012-10-22,3.966460319
2012-10-23,-3.260139038
2012-10-24,0.5661002046
2012-10-25,-1.181956543
2012-10-26,-0.9088128632
2012-10-31,-1.43690198
2012-11-01,0.2046693695
2012-11-02,-3.30931799
2012-11-05,1.355758076
2012-11-06,-0.30237458
2012-11-07,-3.826843882
2012-11-08,-3.628718546
2012-11-09,1.731076176
2012-11-12,-0.7729679303
2012-11-13,0.01282035628
2012-11-14,-1.109123871
2012-11-15,-2.09683592
2012-11-16,0.391528854
2012-11-19,7.21095271
2012-11-20,-0.851726885
2012-11-21,0.1406137376
2012-11-23,1.744583943
2012-11-26,3.155062539
2012-11-27,-0.8060980134
2012-11-28,-0.3145188711
2012-11-29,1.101162559
2012-11-30,-0.6921874473
2012-12-03,0.1557094405
2012-12-04,-1.763847902
2012-12-05,-6.435666356
2012-12-06,1.570274875
2012-12-07,-2.558497239
2012-12-10,-0.6432127076
2012-12-11,2.183567265
2012-12-12,-0.4413376018
2012-12-13,-1.727063684
2012-12-14,-3.755075483
2012-12-17,1.771378425
2012-12-18,2.904317833
2012-12-19,-1.421415581
2012-12-20,-0.8701839224
2012-12-21,-0.4598723283
2012-12-24,0.1614436766
2012-12-26,-1.378660075
2012-12-27,0.4018087855
2012-12-28,-1.062269177
2012-12-31,4.431264673
2013-01-02,3.168415481
2013-01-03,-1.262124788
2013-01-04,-2.785758824
2013-01-07,-0.5879578683
2013-01-08,0.2688342084
2013-01-09,-1.562628142
2013-01-10,1.239441674
2013-01-11,-0.613399843
2013-01-14,-3.564900034
2013-01-15,-3.155092929
2013-01-16,4.150611407
2013-01-17,-0.673804145
2013-01-18,-0.5326793508
2013-01-22,0.9537507125
2013-01-23,1.828423617
2013-01-24,-12.35380588
2013-01-25,-2.357640447
2013-01-28,2.262385487
2013-01-29,1.875658433
2013-01-30,-0.3138445963
2013-01-31,-0.2937954748
2013-02-01,-0.4103429711
2013-02-04,-2.493388466
2013-02-05,3.513924582
2013-02-06,-0.1092943637
2013-02-07,2.973016057
2013-02-08,1.443941708
2013-02-11,1.04187621
2013-02-12,-2.506436
2013-02-13,-0.1901221006
2013-02-14,-0.09030364601
2013-02-15,-1.37766919
2013-02-19,-0.03723194788
2013-02-20,-2.421694255
2013-02-21,-0.6217335134
2013-02-22,1.06511061
2013-02-25,-1.77669612
2013-02-26,1.392898598
2013-02-27,-0.9796870872
2013-02-28,-0.7129464253
2013-03-01,-2.476655396
2013-03-04,-2.420151087
2013-03-05,2.640186366
2013-03-06,-1.271617109
2013-03-07,1.156409403
2013-03-08,0.2647547193
2013-03-11,1.424068746
2013-03-12,-2.155772429
2013-03-13,-0.01845671132
2013-03-14,0.9683870472
2013-03-15,2.580959709
2013-03-18,2.718016887
2013-03-19,-0.2696703948
2013-03-20,-0.5306501189
2013-03-21,0.1435734484
2013-03-22,2.028251425
2013-03-25,0.361636566
2013-03-26,-0.5287733737
2013-03-27,-1.962717653
2013-03-28,-2.083637
2013-04-01,-3.105996889
2013-04-02,0.2051006299
2013-04-03,0.512085368
2013-04-04,-0.988445258
2013-04-05,-1.056856084
2013-04-08,0.7107990066
2013-04-09,0.180890538
2013-04-10,2.040217911
2013-04-11,-0.3123156733
2013-04-12,-1.043049497
2013-04-15,-2.315063243
2013-04-16,1.521619713
2013-04-17,-5.498998987
2013-04-18,-2.669011492
2013-04-19,-0.3874210031
2013-04-22,2.084686706
2013-04-23,1.871043454
2013-04-24,-0.1654957571
2013-04-25,0.720774894
2013-04-26,2.159759256
2013-04-29,3.096520462
2013-04-30,2.943767379
2013-05-01,-0.7887491629
2013-05-02,1.418285457
2013-05-03,1.001323759
2013-05-06,2.384770273
2013-05-07,-0.4455346416
2013-05-08,1.129955678
2013-05-09,-0.8729809209
2013-05-10,-0.8319419862
2013-05-13,0.3909185502
2013-05-14,-2.392520136
2013-05-15,-3.381781445
2013-05-16,1.336406585
2013-05-17,-0.3042764397
2013-05-20,2.232378938
2013-05-21,-0.738222797
2013-05-22,0.3863734497
2013-05-23,0.1764989432
2013-05-24,0.681062754
2013-05-28,-0.8338051367
2013-05-29,0.7955868287
2013-05-30,1.489605861
2013-05-31,-0.4073437851
2013-06-03,0.2183326662
2013-06-04,-0.3129879089
2013-06-05,-0.9346270962
2013-06-06,-1.494216529
2013-06-07,0.763666495
2013-06-10,-0.6608288513
2013-06-11,-0.2938325006
2013-06-12,-1.236387027
2013-06-13,0.8747150549
2013-06-14,-1.357377738
2013-06-17,0.452850293
2013-06-18,-0.05303632989
2013-06-19,-2.030853201
2013-06-20,-1.45625058
2013-06-21,-0.8017023415
2013-06-24,-2.650138919
2013-06-25,0.02195389682
2013-06-26,-1.132409846
2013-06-27,-1.077956569
2013-06-28,0.698207933
2013-07-01,3.201043352
2013-07-02,2.265128853
2013-07-03,0.5513929516
2013-07-05,-0.8027192894
2013-07-08,-0.567705107
2013-07-09,1.758577996
2013-07-10,-0.3836109023
2013-07-11,1.55902351
2013-07-12,-0.182311216
2013-07-15,0.217945176
2013-07-16,0.6432246998
2013-07-17,0.02815143953
2013-07-18,0.3369615651
2013-07-19,-1.577566863
2013-07-22,0.3204165415
2013-07-23,-1.717505969
2013-07-24,5.136317475
2013-07-25,-0.4562172605
2013-07-26,0.5680333804
2013-07-29,1.541578838
2013-07-30,1.235298847
2013-07-31,-0.1740084766
2013-08-01,0.9171259529
2013-08-02,1.282915012
2013-08-05,1.493815279
2013-08-06,-0.894531713
2013-08-07,-0.05839149032
2013-08-08,-0.1992101984
2013-08-09,-1.422646673
2013-08-12,2.840563533
2013-08-13,4.752628173
2013-08-14,1.823833371
2013-08-15,-0.118715266
2013-08-16,0.8881574651
2013-08-19,1.076472949
2013-08-20,-1.313489039
2013-08-21,0.2576282625
2013-08-22,0.1190977054
2013-08-23,-0.3853141021
2013-08-26,0.3894005179
2013-08-27,-2.859396314
2013-08-28,0.4705177692
2013-08-29,0.1655991044
2013-08-30,-0.9112732034
2013-09-03,0.2789660903
2013-09-04,2.069121572
2013-09-05,-0.6859408213
2013-09-06,0.5961369277
2013-09-09,1.595723852
2013-09-10,-2.277939448
2013-09-11,-5.444350221
2013-09-12,1.064384485
2013-09-13,-1.647520121
2013-09-16,-3.179576849
2013-09-17,1.155104783
2013-09-18,2.056017368
2013-09-19,1.639527805
2013-09-20,-1.03545611
2013-09-23,4.970573094
2013-09-24,-0.3141340438
2013-09-25,-1.547697401
2013-09-26,0.9737387652
2013-09-27,-0.7135644114
2013-09-30,-1.242725509
2013-10-01,2.350991345
2013-10-02,0.3278557435
2013-10-03,-1.255994368
2013-10-04,-0.07869937511
2013-10-07,0.9774486705
2013-10-08,-1.396648045
2013-10-09,1.175062708
2013-10-10,0.6268167998
2013-10-11,0.6474834477
2013-10-14,0.6551947109
2013-10-15,0.5322810077
2013-10-16,0.4896878647
2013-10-17,0.6741762591
2013-10-18,0.8701088603
2013-10-21,2.45043226
2013-10-22,-0.2856465716
2013-10-23,0.9788591444
2013-10-24,1.324290006
2013-10-25,-1.118698153
2013-10-28,0.7449629991
2013-10-29,-2.490825857
2013-10-30,1.589059717
2013-10-31,-0.4175339479
2013-11-01,-0.5107309487
2013-11-04,1.292448524
2013-11-05,-0.246919677
2013-11-06,-0.283422857
2013-11-07,-1.618488501
2013-11-08,1.575096196
2013-11-11,-0.2906344899
2013-11-12,0.1849787306
2013-11-13,0.1193614164
2013-11-14,1.4461527
2013-11-15,-0.5998396347
2013-11-18,-1.211229271
2013-11-19,0.1770242473
2013-11-20,-0.8754682231
2013-11-21,1.190154858
2013-11-22,-0.2555783701
2013-11-25,0.7581270096
2013-11-26,1.844330597
2013-11-27,2.355180063
2013-11-29,1.851566756
2013-12-02,-0.8702931789
2013-12-03,2.737605123
2013-12-04,-0.2334714754
2013-12-05,0.5132371705
2013-12-06,-1.387260204
2013-12-09,1.144701067
2013-12-10,-0.1558076888
2013-12-11,-0.7408127219
2013-12-12,-0.1456978813
2013-12-13,-1.090003114
2013-12-16,0.5533398638
2013-12-17,-0.4499776751
2013-12-18,-0.7601484183
2013-12-19,-1.145728171
2013-12-20,0.8371927325
2013-12-23,3.837955603
2013-12-24,-0.424728378
2013-12-26,-0.664012893
2013-12-27,-0.6753309294
2013-12-30,-0.9944878936
2013-12-31,1.171793018
2014-01-02,-1.4059997
2014-01-03,-2.196935161
2014-01-06,0.545586012
2014-01-07,-0.7155762647
2014-01-08,0.6333357278
2014-01-09,-1.276545119
2014-01-10,-0.6676146634
2014-01-13,0.5234871646
2014-01-14,1.990115798
2014-01-15,2.007490371
2014-01-16,-0.5579722754
2014-01-17,-2.450305632
2014-01-21,1.55398901
2014-01-22,0.4439315615
2014-01-23,0.847010551
2014-01-24,-1.817547735
2014-01-27,0.8110444121
2014-01-28,-7.992929625
2014-01-29,-1.134818767
2014-01-30,-0.193674588
2014-01-31,0.1636491827
2014-02-03,0.1859840364
2014-02-04,1.447724636
2014-02-05,0.746572122
2014-02-06,0.5827410271
2014-02-07,1.398877637
2014-02-10,1.791412105
2014-02-11,1.31763591
2014-02-12,-0.007195021045
2014-02-13,1.587815554
2014-02-14,-0.08086507927
2014-02-18,0.3680271265
2014-02-19,-1.579127036
2014-02-20,-1.157151315
2014-02-21,-1.110801883
2014-02-24,0.437442643
2014-02-25,-1.040416654
2014-02-26,-0.9023926331
2014-02-27,1.995142586
2014-02-28,-0.2710060109
2014-03-03,0.2888408505
2014-03-04,0.6594370125
2014-03-05,0.2105084869
2014-03-06,-0.3024230059
2014-03-07,-0.05812510217
2014-03-10,0.09026747039
2014-03-11,0.9738884114
2014-03-12,0.09710891184
2014-03-13,-1.110878223
2014-03-14,-1.123357355
2014-03-17,0.3907517991
2014-03-18,0.8846156193
2014-03-19,-0.02600339858
2014-03-20,-0.4820953303
2014-03-21,0.788947442
2014-03-24,1.186218875
2014-03-25,1.075166281
2014-03-26,-0.9558233879
2014-03-27,-0.4298361027
2014-03-28,-0.1118093382
2014-03-31,-0.02214746621
2014-04-01,0.9148331088
2014-04-02,0.1661198555
2014-04-03,-0.6929924837
2014-04-04,-1.293666462
2014-04-07,-1.569845432
2014-04-08,-0.006138886161
2014-04-09,1.314416217
2014-04-10,-1.289485963
2014-04-11,-0.7391082818
2014-04-14,0.3982807137
2014-04-15,-0.7133221222
2014-04-16,0.2028775104
2014-04-17,1.142358273
2014-04-21,1.186999933
2014-04-22,0.09982334293
2014-04-23,-1.307288298
2014-04-24,8.198096685
2014-04-25,0.7346573769
2014-04-28,3.872928829
2014-04-29,-0.2964213077
2014-04-30,-0.3781384953
2014-05-01,0.2352595207
2014-05-02,0.1863532889
2014-05-05,1.41375907
2014-05-06,-1.089787123
2014-05-07,-0.3497845608
2014-05-08,-0.1784900501
2014-05-09,-0.4163156608
2014-05-12,1.244890274
2014-05-13,0.156864859
2014-05-14,0.01829914801
2014-05-15,-0.85021659
2014-05-16,1.475672302
2014-05-19,1.185191524
2014-05-20,0.01955705904
2014-05-21,0.2647613713
2014-05-22,0.1581210997
2014-05-23,1.129833498
2014-05-27,1.872772213
2014-05-28,-0.2589720801
2014-05-29,1.822120481
2014-05-30,-0.3747013706
2014-06-02,-0.6870961228
2014-06-03,1.41419995
2014-06-04,1.141848913
2014-06-05,0.392013044
2014-06-06,-0.2749666782
2014-06-09,1.600392054
2014-06-10,0.5871003576
2014-06-11,-0.4141418545
2014-06-12,-1.672697912
2014-06-13,-1.094199063
2014-06-16,1.007777139
2014-06-17,-0.1302238067
2014-06-18,0.1085787096
2014-06-19,-0.3471740724
2014-06-20,-1.03372015
2014-06-23,-0.08838225325
2014-06-24,-0.6051498047
2014-06-25,0.08849333772
2014-06-26,0.5976860506
2014-06-27,1.18776775
2014-06-30,1.032867112
2014-07-01,0.6351966752
2014-07-02,-0.04295784274
2014-07-03,0.5884823504
2014-07-07,2.0629318
2014-07-08,-0.6459960612
2014-07-09,0.04213348655
2014-07-10,-0.3776059115
2014-07-11,0.1998472322
2014-07-14,1.292101163
2014-07-15,-1.171960051
2014-07-16,-0.5661082215
2014-07-17,-1.783133923
2014-07-18,1.439360502
2014-07-21,-0.5187459209
2014-07-22,0.8300449041
2014-07-23,2.607962213
2014-07-24,-0.1648731041
2014-07-25,0.6596405383
2014-07-28,1.382150302
2014-07-29,-0.6463838008
2014-07-30,-0.2338779658
2014-07-31,-2.597758997
2014-08-01,0.5544200795
2014-08-04,-0.5618110928
2014-08-05,-0.4919144546
2014-08-06,-0.1679817236
2014-08-07,-0.01057661798
2014-08-08,0.2750211555
2014-08-11,1.319549665
2014-08-12,-0.02082268537
2014-08-13,1.323462587
2014-08-14,0.2672147996
2014-08-15,0.4924708338
2014-08-18,1.204048422
2014-08-19,1.381673584
2014-08-20,0.03976466548
2014-08-21,0.00993721487
2014-08-22,0.7357324806
2014-08-25,0.2170004618
2014-08-26,-0.6397494687
2014-08-27,1.228753461
2014-08-28,0.1174251859
2014-08-29,0.2447931476
2014-09-02,0.7804501881
2014-09-03,-4.220756376
2014-09-04,-0.8287343551
2014-09-05,0.8662157345
2014-09-08,-0.616428296
2014-09-09,-0.3759381134
2014-09-10,3.071702417
2014-09-11,0.4254802395
2014-09-12,0.2270661
2014-09-15,-0.0294919344
2014-09-16,-0.7580769162
2014-09-17,0.7138739258
2014-09-18,0.2070541516
2014-09-19,-0.8153483639
2014-09-22,0.09898807194
2014-09-23,1.563363884
2014-09-24,-0.8670174864
2014-09-25,-3.813597157
2014-09-26,2.94273275
2014-09-29,-0.6352970882
2014-09-30,0.6393589168
2014-10-01,-1.558258862
2014-10-02,0.7259652819
2014-10-03,-0.2801082236
2014-10-06,0
2014-10-07,-0.8732369961
2014-10-08,2.07558974
2014-10-09,0.218570862
2014-10-10,-0.2873446922
2014-10-13,-0.9132234759
2014-10-14,-1.061820433
2014-10-15,-1.225481176
2014-10-16,-1.312406855
2014-10-17,1.464828081
2014-10-20,2.139940281
2014-10-21,2.716671144
2014-10-22,0.5071528951
2014-10-23,1.786809106
2014-10-24,0.3718019829
2014-10-27,-0.1044787718
2014-10-28,1.550669018
2014-10-29,0.5621946445
2014-10-30,-0.3351770895
2014-10-31,0.9532868226
2014-11-03,1.296341474
2014-11-04,-0.7312272659
2014-11-05,0.2392634701
2014-11-06,0.286263922
2014-11-07,0.2850306876
2014-11-10,-0.165138376
2014-11-11,0.7996276162
2014-11-12,1.412573803
2014-11-13,1.411600166
2014-11-14,1.205128411
2014-11-17,-0.1663761686
2014-11-18,1.298309658
2014-11-19,-0.6925403068
2014-11-20,1.430239346
2014-11-21,0.1372739646
2014-11-24,1.854735673
2014-11-25,-0.868159479
2014-11-26,1.190375459
2014-11-28,-0.05891363261
2014-12-01,-3.245582676
2014-12-02,-0.3824565265
2014-12-03,1.134018585
2014-12-04,-0.3792297578
2014-12-05,-0.4245369845
2014-12-08,-2.260740286
2014-12-09,1.530351502
2014-12-10,-1.901644022
2014-12-11,-0.2945335542
2014-12-12,-1.693404273
2014-12-15,-1.366847759
2014-12-16,-1.367819262
2014-12-17,2.491811892
2014-12-18,2.96162782
2014-12-19,-0.7725108208
2014-12-22,1.037898468
2014-12-23,-0.3540262476
2014-12-24,-0.471032695
2014-12-26,1.767463647
2014-12-29,-0.07023252123
2014-12-30,-1.220204651
2014-12-31,-1.901756643
2015-01-02,-0.9510774917
2015-01-05,-2.817332594
2015-01-06,0.00936536857
2015-01-07,1.40211978
2015-01-08,3.842182148
2015-01-09,0.1075281857
2015-01-12,-2.464030883
2015-01-13,0.8876339835
2015-01-14,-0.3808195006
2015-01-15,-2.714236871
2015-01-16,-0.7769892619
2015-01-20,2.575821587
2015-01-21,0.7634095911
2015-01-22,2.601525986
2015-01-23,0.5158849923
2015-01-26,0.1064907301
2015-01-27,-3.501657649
2015-01-28,5.653613597
2015-01-29,3.113293768
2015-01-30,-1.463427624
2015-02-02,1.254685769
2015-02-03,0.01677602858
2015-02-04,0.7669933631
2015-02-05,0.7138668735
2015-02-06,-0.8421542923
2015-02-09,0.6640654595
2015-02-10,1.921477573
2015-02-11,2.343827883
2015-02-12,1.26521085
2015-02-13,0.4902135421
2015-02-17,0.5902790088
2015-02-18,0.6960720391
2015-02-19,-0.2096531448
2015-02-20,0.8172255718
2015-02-23,2.702815534
2015-02-24,-0.6239626029
2015-02-25,-2.557538655
2015-02-26,1.257936439
2015-02-27,-1.495192789
2015-03-02,0.4902975103
2015-03-03,0.209401426
2015-03-04,-0.6342052931
2015-03-05,-1.656794364
2015-03-06,0.1500447283
2015-03-09,0.4266843177
2015-03-10,-2.068723578
2015-03-11,-1.822951531
2015-03-12,1.807781754
2015-03-13,-0.691085754
2015-03-16,1.10052748
2015-03-17,1.672664075
2015-03-18,1.125607754
2015-03-19,-0.7550279672
2015-03-20,-1.25476145
2015-03-23,1.040253926
2015-03-24,-0.4087010108
2015-03-25,-2.612693987
2015-03-26,0.6970791325
2015-03-27,-0.7966899473
2015-03-30,2.531354064
2015-03-31,-1.535148702
2015-04-01,-0.1448288847
2015-04-02,0.8611687238
2015-04-06,1.619913504
2015-04-07,-1.052113957
2015-04-08,-0.3253544039
2015-04-09,0.7643883279
2015-04-10,0.4264620029
2015-04-13,-0.1967289819
2015-04-14,-0.4333017236
2015-04-15,0.3798971959
2015-04-16,-0.4811587611
2015-04-17,-1.125513301
2015-04-20,2.284595772
2015-04-21,-0.5405615343
2015-04-22,1.347211326
2015-04-23,0.8164966654
2015-04-24,0.4704345439
2015-04-27,1.818980334
2015-04-28,-1.575570673
2015-04-29,-1.470699876
2015-04-30,-2.712830786
2015-05-01,3.036510119
2015-05-04,-0.1939061075
2015-05-05,-2.253330813
2015-05-06,-0.62815825
2015-05-07,0.6184340932
2015-05-08,1.884373064
2015-05-11,-1.018801063
2015-05-12,-0.3562371694
2015-05-13,0.1112097266
2015-05-14,2.333165992
2015-05-15,-0.1395190247
2015-05-18,1.102729822
2015-05-19,-0.0923564684
2015-05-20,-0.007588509617
2015-05-21,1.022801752
2015-05-22,0.8751771354
2015-05-26,-2.203318687
2015-05-27,1.874984857
2015-05-28,-0.2045351073
2015-05-29,-1.138143291
2015-06-01,0.1918169577
2015-06-02,-0.4368628368
2015-06-03,0.1232449675
2015-06-04,-0.5840895926
2015-06-05,-0.5490236881
2015-06-08,-0.6605125773
2015-06-09,-0.2973463506
2015-06-10,1.145750442
2015-06-11,-0.2248833809
2015-06-12,-1.104272645
2015-06-15,-0.1968608109
2015-06-16,0.5358954509
2015-06-17,-0.2352262778
2015-06-18,0.4557020914
2015-06-19,-1.000943757
2015-06-22,0.7977234228
2015-06-23,-0.454243414
2015-06-24,0.8501184939
2015-06-25,-0.4762838652
2015-06-26,-0.5879993244
2015-06-29,-1.751777794
2015-06-30,0.7147901025
2015-07-01,0.9408044415
2015-07-02,-0.1261615009
2015-07-06,-0.3480920581
2015-07-07,-0.2460466955
2015-07-08,-2.482241656
2015-07-09,-2.039561341
2015-07-10,2.673153379
2015-07-13,1.93064947
2015-07-14,-0.03963110935
2015-07-15,0.9633106168
2015-07-16,1.332300323
2015-07-17,0.8637212631
2015-07-20,1.890214566
2015-07-21,-0.9994224955
2015-07-22,-4.229518097
2015-07-23,-0.04765282943
2015-07-24,-0.5272987321
2015-07-27,-1.389559564
2015-07-28,0.4966342886
2015-07-29,-0.3159988509
2015-07-30,-0.5041366933
2015-07-31,-0.8744271311
2015-08-03,-2.357923548
2015-08-04,-3.208076063
2015-08-05,0.6629592088
2015-08-06,0.2173279163
2015-08-07,0.3390566931
2015-08-10,3.635442764
2015-08-11,-5.203860459
2015-08-12,1.542294039
2015-08-13,-0.07828820135
2015-08-14,0.7035943821
2015-08-17,1.034537212
2015-08-18,-0.5630549064
2015-08-19,-1.278935141
2015-08-20,-2.051991022
2015-08-21,-6.116437107
2015-08-24,-2.496252032
2015-08-25,0.6011676859
2015-08-26,5.73551698
2015-08-27,2.944697346
2015-08-28,0.327893492
2015-08-31,-0.4679584475
2015-09-01,-4.46987341
2015-09-02,4.28927412
2015-09-03,-1.753681499
2015-09-04,-0.9966938738
2015-09-08,2.781887891
2015-09-09,-1.923168695
2015-09-10,2.197271961
2015-09-11,1.456497502
2015-09-14,0.9631854337
2015-09-15,0.8412833056
2015-09-16,0.1117730431
2015-09-17,-2.138965623
2015-09-18,-0.4124438869
2015-09-21,1.551101715
2015-09-22,-1.570828794
2015-09-23,0.8113398529
2015-09-24,0.5946218369
2015-09-25,-0.2520554755
2015-09-28,-1.97909934
2015-09-29,-3.005747743
2015-09-30,1.136847623
2015-10-01,-0.6527372854
2015-10-02,0.7299835336
2015-10-05,0.3625490109
2015-10-06,0.4781583244
2015-10-07,-0.475882851
2015-10-08,-1.155482089
2015-10-09,2.392635284
2015-10-12,-0.4636803633
2015-10-13,0.1700877653
2015-10-14,-1.413126858
2015-10-15,1.497007201
2015-10-16,-0.7330716741
2015-10-19,0.6214377939
2015-10-20,1.825617
2015-10-21,-0.008636629516
2015-10-22,1.529600678
2015-10-23,3.099345329
2015-10-26,-3.191082373
2015-10-27,-0.6330634226
2015-10-28,4.120463513
2015-10-29,1.056380222
2015-10-30,-0.8545013247
2015-11-02,1.405671273
2015-11-03,1.14698511
2015-11-04,-0.4649603545
2015-11-05,-0.4609087847
2015-11-06,0.1158526942
2015-11-09,-0.4048315284
2015-11-10,-3.15185718
2015-11-11,-0.5651933807
2015-11-12,-0.3359110774
2015-11-13,-2.92078523
2015-11-16,1.629032003
2015-11-17,-0.4203039121
2015-11-18,3.166562353
2015-11-19,1.27021442
2015-11-20,0.4376883764
2015-11-23,-1.299141858
2015-11-24,0.9597044971
2015-11-25,-0.714900303
2015-11-27,-0.1865116297
2015-11-30,0.4159997584
2015-12-01,-0.8116358278
2015-12-02,-0.9031749461
2015-12-03,-0.9289997858
2015-12-04,3.324647248
2015-12-07,-0.6299342044
2015-12-08,-0.04248743237
2015-12-09,-2.207276338
2015-12-10,0.4754211862
2015-12-11,-2.573732084
2015-12-14,-0.6184845949
2015-12-15,-1.769341172
2015-12-16,0.7695899277
2015-12-17,-2.119781431
2015-12-18,-2.706805578
2015-12-21,1.226008322
2015-12-22,-0.0932298551
2015-12-23,1.286943106
2015-12-24,-0.5339513629
2015-12-28,-1.120154129
2015-12-29,1.79731215
2015-12-30,-1.305882401
2015-12-31,-1.919474879
2016-01-04,0.08576836626
2016-01-05,-2.506258258
2016-01-06,-1.956700585
2016-01-07,-4.220711828
2016-01-08,0.5288785193
2016-01-11,1.619110086
2016-01-12,1.451584511
2016-01-13,-2.571106969
2016-01-14,2.187334466
2016-01-15,-2.40193406
2016-01-19,-0.4835098419
2016-01-20,0.13434738
2016-01-21,-0.5063430727
2016-01-22,5.316874252
2016-01-25,-1.952203464
2016-01-26,0.5527777529
2016-01-27,-6.570625439
2016-01-28,0.7174106569
2016-01-29,3.454208576
2016-02-01,-0.9352327345
2016-02-02,-2.021869768
2016-02-03,1.979335828
2016-02-04,0.803138703
2016-02-05,-2.670451944
2016-02-08,1.052889094
2016-02-09,-0.0209501108
2016-02-10,-0.7580872732
2016-02-11,-0.6048150598
2016-02-12,0.3096764448
2016-02-16,2.819426797
2016-02-17,1.531483287
2016-02-18,-1.895621363
2016-02-19,-0.228837158
2016-02-22,0.8746154271
2016-02-23,-2.26049319
2016-02-24,1.489218581
2016-02-25,0.6867347878
2016-02-26,0.1549700117
2016-02-29,-0.2268463789
2016-03-01,3.971289239
2016-03-02,0.2191178088
2016-03-03,0.7441619507
2016-03-04,1.487789147
2016-03-07,-1.106568992
2016-03-08,-0.8245587373
2016-03-09,0.0888768246
2016-03-10,0.04942937505
2016-03-11,1.077290335
2016-03-14,0.2543406608
2016-03-15,2.009284907
2016-03-16,1.329351904
2016-03-17,-0.1607019126
2016-03-18,0.1137176041
2016-03-21,-0.009604904348
2016-03-22,0.7647073564
2016-03-23,-0.5524953475
2016-03-24,-0.4334489197
2016-03-28,-0.4545911191
2016-03-29,2.367436189
2016-03-30,1.745810056
2016-03-31,-0.5204085752
2016-04-01,0.9176099123
2016-04-04,1.027499176
2016-04-05,-1.179060334
2016-04-06,1.047310225
2016-04-07,-2.180941181
2016-04-08,0.1104391484
2016-04-11,0.3313590198
2016-04-12,1.302395027
2016-04-13,1.449060594
2016-04-14,0.05329711761
2016-04-15,-2.006849964
2016-04-18,-2.157473847
2016-04-19,-0.5304788714
2016-04-20,0.2056276609
2016-04-21,-1.082594262
2016-04-22,-0.2738193627
2016-04-25,-0.567558744
2016-04-26,-0.6949764693
2016-04-27,-6.257444545
2016-04-28,-3.056762635
2016-04-29,-1.149312698
2016-05-02,-0.1066415005
2016-05-03,1.64431575
2016-05-04,-1.040059485
2016-05-05,-0.4057442872
2016-05-06,-0.5578136346
2016-05-09,0.07539296806
2016-05-10,0.6789731538
2016-05-11,-0.9741772438
2016-05-12,-2.345818066
2016-05-13,0.1995318302
2016-05-16,3.711672681
2016-05-17,-0.4153924686
2016-05-18,1.14462534
2016-05-19,-0.3807885438
2016-05-20,1.082791549
2016-05-23,1.270656244
2016-05-24,1.524622378
2016-05-25,1.756804699
2016-05-26,0.7930658593
2016-05-27,-0.05954830857
2016-05-31,-0.4884994524
2016-06-01,-1.401809497
2016-06-02,-0.7515036771
2016-06-03,0.2042579229
2016-06-06,0.7251192069
2016-06-07,0.4056397295
2016-06-08,-0.09101120104
2016-06-09,0.7176438176
2016-06-10,-0.8228292089
2016-06-13,-1.507615929
2016-06-14,0.1233045623
2016-06-15,-0.328407225
2016-06-16,0.4222713037
2016-06-17,-2.27599479
2016-06-20,-0.2412016732
2016-06-21,0.852025815
2016-06-22,-0.3754280292
2016-06-23,0.5756170283
2016-06-24,-2.809459107
2016-06-27,-1.456397511
2016-06-28,1.684276898
2016-06-29,0.8653006004
2016-06-30,1.271446935
2016-07-01,0.3030637492
2016-07-05,-0.9385387772
2016-07-06,0.5683659017
2016-07-07,0.4293879955
2016-07-08,0.7712435672
2016-07-11,0.3101381524
2016-07-12,0.4537953795
2016-07-13,-0.5645689013
2016-07-14,1.981990977
2016-07-15,-0.009790788648
2016-07-18,1.062849666
2016-07-19,0.04007627705
2016-07-20,0.08980533373
2016-07-21,-0.5299918192
2016-07-22,-0.7742409034
2016-07-25,-1.338199513
2016-07-26,-0.6883375564
2016-07-27,6.496300238
2016-07-28,1.350341429
2016-07-29,-0.1247234805
2016-08-01,1.76560674
2016-08-02,-1.480428168
2016-08-03,1.253981813
2016-08-04,0.6175635746
2016-08-05,1.520802614
2016-08-08,0.8283460338
2016-08-09,0.405928329
2016-08-10,-0.7446761483
2016-08-11,-0.06478257349
2016-08-12,0.2317478324
2016-08-15,1.201736515
2016-08-16,-0.09146645897
2016-08-17,-0.1463204017
2016-08-18,-0.1281178684
2016-08-19,0.2569653237
2016-08-22,-0.7773170566
2016-08-23,0.3131208518
2016-08-24,-0.7532419534
2016-08-25,-0.4258264555
2016-08-26,-0.5857795014
2016-08-29,-0.1120397782
2016-08-30,-0.7675555301
2016-08-31,0.09405668978
2016-09-01,0.5938961815
2016-09-02,0.9370032285
2016-09-06,-0.02800745242
2016-09-07,0.6130884228
2016-09-08,-2.621023067
2016-09-09,-2.265145519
2016-09-12,2.240049524
2016-09-13,2.380498163
2016-09-14,3.538761919
2016-09-15,3.399816903
2016-09-16,-0.5622568977
2016-09-19,-1.166259522
2016-09-20,-0.008854974763
2016-09-21,-0.01732648488
2016-09-22,0.941953919
2016-09-23,-1.666037182
2016-09-26,0.1505322946
2016-09-27,0.1863329976
2016-09-28,0.7601857544
2016-09-29,-1.553032193
2016-09-30,0.7753176892
2016-10-03,-0.4688062074
2016-10-04,0.4267110218
2016-10-05,0.0441150862
2016-10-06,0.7430501027
2016-10-07,0.1493568823
2016-10-10,1.744754427
2016-10-11,0.2151550548
2016-10-12,0.8944920496
2016-10-13,-0.3070731162
2016-10-14,0.5558546031
2016-10-17,-0.06802898109
2016-10-18,-0.06807529202
2016-10-19,-0.297799633
2016-10-20,-0.0515238746
2016-10-21,-0.3929786813
2016-10-24,0.9008164352
2016-10-25,0.5099442852
2016-10-26,-2.249455479
2016-10-27,-0.960512677
2016-10-28,-0.663868082
2016-10-31,-0.1580398445
2016-11-01,-1.805507414
2016-11-02,0.0894250908
2016-11-03,-1.07175046
2016-11-04,-0.9015468103
2016-11-07,1.442567122
2016-11-08,0.5886803159
2016-11-09,-0.1621735963
2016-11-10,-2.786540484
2016-11-11,0.593705351
2016-11-14,-2.508455807
2016-11-15,1.324361586
2016-11-16,2.688838073
2016-11-17,-0.03638909435
2016-11-18,0.1001064373
2016-11-21,1.51709199
2016-11-22,0.06268933347
2016-11-23,-0.5097613461
2016-11-25,0.5033773609
2016-11-28,-0.1965286426
2016-11-29,-0.09865278509
2016-11-30,-0.8434750705
2016-12-01,-0.9321330022
2016-12-02,0.3746925574
2016-12-05,-0.7188776641
2016-12-06,0.7699362041
2016-12-07,0.9820718471
2016-12-08,0.9819249019
2016-12-09,1.632010057
2016-12-12,-0.5703922879
2016-12-13,1.668004193
2016-12-14,0
2016-12-15,0.5472571051
2016-12-16,0.1292144961
2016-12-19,0.5777137541
2016-12-20,0.2659376072
2016-12-21,0.0941146711
2016-12-22,-0.6578116057
2016-12-23,0.1979020142
2016-12-27,0.6350972434
2016-12-28,-0.4266623135
2016-12-29,-0.02570943126
2016-12-30,-0.779307903
2017-01-03,0.2847226396
2017-01-04,-0.1119925688
2017-01-05,0.5084688563
2017-01-06,1.11513623
2017-01-09,0.9157725401
2017-01-10,0.1009103872
2017-01-11,0.537280942
2017-01-12,-0.4174280763
2017-01-13,-0.176207918
2017-01-17,0.8065783463
2017-01-18,-0.008338408887
2017-01-19,-0.1751211889
2017-01-20,0.1837821346
2017-01-23,0.06670727109
2017-01-24,-0.09166135297
2017-01-25,1.591946708
2017-01-26,0.04925879787
2017-01-27,0.008205757588
2017-01-30,-0.2625626975
2017-01-31,-0.2299894842
2017-02-01,6.097836414
2017-02-02,-0.1706403914
2017-02-03,0.4278378955
2017-02-06,0.9373009373
2017-02-07,0.951970723
2017-02-08,0.3876494617
2017-02-09,0.7225533513
2017-02-10,-0.2266928361
2017-02-13,0.8855534463
2017-02-14,1.297983803
2017-02-15,0.362846565
2017-02-16,-0.1253064734
2017-02-17,0.2806929948
2017-02-21,0.7222693877
2017-02-22,0.2997645612
2017-02-23,-0.4230286832
2017-02-24,0.09518128863
2017-02-27,0.1977888224
2017-02-28,0.04365541327
2017-03-01,2.043952569
2017-03-02,-0.5937145584
2017-03-03,0.5900909607
2017-03-06,-0.314852289
2017-03-07,0.1293230745
2017-03-08,-0.3728759885
2017-03-09,-0.2299853532
2017-03-10,0.3314050826
2017-03-13,0.04327346652
2017-03-14,-0.1509248425
2017-03-15,1.057759134
2017-03-16,0.1637569735
2017-03-17,-0.4975492007
2017-03-20,1.049892319
2017-03-21,-1.145240363
2017-03-22,1.130010005
2017-03-23,-0.3534705354
2017-03-24,-0.1988792677
2017-03-27,0.1706316451
2017-03-28,2.072687021
2017-03-29,0.2226098063
2017-03-30,-0.1316461784
2017-03-31,-0.1877979487
2017-04-03,0.02804177924
2017-04-04,0.7445567476
2017-04-05,-0.518235486
2017-04-06,-0.2499405978
2017-04-07,-0.2228266113
2017-04-10,-0.118461571
2017-04-11,-1.07558764
2017-04-12,0.1198916082
2017-04-13,-0.5287853516
2017-04-17,0.5530936083
2017-04-18,-0.444377932
2017-04-19,-0.368133166
2017-04-20,1.251043049
2017-04-21,-0.1195139159
2017-04-24,0.963040321
2017-04-25,0.6197188195
2017-04-26,-0.5883287328
2017-04-27,0.07657660374
2017-04-28,-0.09730439707
2017-05-01,2.039653223
2017-05-02,0.634476889
2017-05-03,-0.3051072427
2017-05-04,-0.3602388239
2017-05-05,1.658418915
2017-05-08,2.718649312
2017-05-09,0.6406536196
2017-05-10,-0.4742669397
2017-05-11,0.8648709759
2017-05-12,1.396586992
2017-05-15,-0.2561806696
2017-05-16,-0.1476752917
2017-05-17,-3.357714057
2017-05-18,1.524291329
2017-05-19,0.3407786155
2017-05-22,0.6076543022
2017-05-23,-0.1232620748
2017-05-24,-0.2992794294
2017-05-25,0.3457530609
2017-05-26,-0.1690567307
2017-05-30,0.03903595239
2017-05-31,-0.5920481948
2017-06-01,0.2747718236
2017-06-02,1.4818987
2017-06-05,-0.9776687471
2017-06-06,0.3377014999
2017-06-07,0.5957617958
2017-06-08,-0.2446121468
2017-06-09,-3.877744718
2017-06-12,-2.389466887
2017-06-13,0.8045162075
2017-06-14,-0.9755480285
2017-06-15,-0.5991191522
2017-06-16,-1.400092084
2017-06-19,2.860868115
2017-06-20,-0.9088229225
2017-06-21,0.5928953702
2017-06-22,-0.1644289348
2017-06-23,0.4464074127
2017-06-26,-0.314664795
2017-06-27,-1.433330178
2017-06-28,1.461076478
2017-06-29,-1.4743512
2017-06-30,0.2368921195
2017-07-03,-0.3612379138
2017-07-05,0.4112479934
2017-07-06,-0.9439724083
2017-07-07,1.016136686
2017-07-10,0.6100717186
2017-07-11,0.3241520005
2017-07-12,0.1443596007
2017-07-13,1.392675209
2017-07-14,0.8594516325
2017-07-17,0.3490714583
2017-07-18,0.3475687494
2017-07-19,0.6263312053
2017-07-20,-0.4501853873
2017-07-21,-0.04648466867
2017-07-24,1.211172992
2017-07-25,0.4271625458
2017-07-26,0.4713823733
2017-07-27,-1.88961415
2017-07-28,-0.7039872555
2017-07-31,-0.515069758
2017-08-01,0.8875482206
2017-08-02,4.725009344
2017-08-03,-0.9989979822
2017-08-04,0.526861624
2017-08-07,1.547475216
2017-08-08,0.799704457
2017-08-09,0.6122668966
2017-08-10,-3.185197883
2017-08-11,1.390748631
2017-08-14,1.504828275
2017-08-15,1.094886587
2017-08-16,-0.4023133683
2017-08-17,-1.919842376
2017-08-18,-0.2281072812
2017-08-21,-0.1841580431
2017-08-22,1.634787267
2017-08-23,0.1253230565
2017-08-24,-0.443990814
2017-08-25,0.3704283263
2017-08-28,1.007190377
2017-08-29,0.8917641549
2017-08-30,0.2700970397
2017-08-31,0.3980039301
2017-09-01,0.03039354399
2017-09-05,-1.200704078
2017-09-06,-0.10498632
2017-09-07,-0.4012781452
2017-09-08,-1.631031432
2017-09-11,1.809227902
2017-09-12,-0.396177117
2017-09-13,-0.7522311829
2017-09-14,-0.8583263578
2017-09-15,1.011000467
2017-09-18,-0.7568427616
2017-09-19,0.03791407587
2017-09-20,-1.675979166
2017-09-21,-1.717212043
2017-09-22,-0.9776786715
2017-09-25,-0.8823745749
2017-09-26,1.720520951
2017-09-27,0.7115860006
2017-09-28,-0.6160095619
2017-09-29,0.548061181
2017-10-02,-0.201022118
2017-10-03,0.4355405564
2017-10-04,-0.6472788974
2017-10-05,1.244477543
2017-10-06,-0.05807152753
2017-10-09,0.3478015456
2017-10-10,0.03860258637
2017-10-11,0.4167470577
2017-10-12,-0.351337553
2017-10-13,0.6346373147
2017-10-16,1.840994564
2017-10-17,0.3690145993
2017-10-18,-0.4423676847
2017-10-19,-2.366101567
2017-10-20,0.1730046612
2017-10-23,-0.05115173916
2017-10-24,0.5954248042
2017-10-25,-0.4390019748
2017-10-26,0.6392909832
2017-10-27,3.582893832
2017-10-30,2.250895377
2017-10-31,1.39153071
2017-11-01,-1.271769165
2017-11-02,0.730973825
2017-11-03,2.611285066
2017-11-06,1.014594922
2017-11-07,0.3213205956
2017-11-08,0.8180582424
2017-11-09,-0.2043179851
2017-11-10,-0.3310473557
2017-11-13,-0.4005373181
2017-11-14,-1.511870013
2017-11-15,-1.318922971
2017-11-16,1.19474192
2017-11-17,-0.5552844613
2017-11-20,-0.09990035129
2017-11-21,1.858946748
2017-11-22,1.051241533
2017-11-24,0.005628563737
2017-11-27,-0.5028716295
2017-11-28,-0.5858366249
2017-11-29,-2.074385972
2017-11-30,1.398324032
2017-12-01,-0.4654106227
2017-12-04,-0.7309173012
2017-12-05,-0.09405463742
2017-12-06,-0.3715248419
2017-12-07,0.1834151186
2017-12-08,0.02958602326
2017-12-11,1.948308028
2017-12-12,-0.5616431223
2017-12-13,0.3319069563
2017-12-14,-0.02907937676
2017-12-15,1.016333938
2017-12-18,1.408256587
2017-12-19,-1.065673236
2017-12-20,-0.1089172303
2017-12-21,0.3786790437
2017-12-22,0
2017-12-26,-2.537021678
2017-12-27,0.01757129553
2017-12-28,0.2813423115
2017-12-29,-1.081417931
2018-01-02,1.790525924
2018-01-03,-0.01739891232
2018-01-04,0.4643832007
2018-01-05,1.138517576
2018-01-08,-0.3714006797
2018-01-09,-0.01154209796
2018-01-10,-0.02284125573
2018-01-11,0.5679682606
2018-01-12,1.032788847
2018-01-16,-0.5082143591
2018-01-17,1.651506793
2018-01-18,0.08940972845
2018-01-19,-0.4464104444
2018-01-22,-0.8181303442
2018-01-23,0.02273859804
2018-01-24,-1.59303293
2018-01-25,-1.784955063
2018-01-26,0.2337115089
2018-01-29,-2.0697902
2018-01-30,-0.5893734338
2018-01-31,0.2754065067
2018-02-01,0.2089284299
2018-02-02,-4.338794467
2018-02-05,-2.498546116
2018-02-06,4.179298042
2018-02-07,-2.140941836
2018-02-08,-2.751633724
2018-02-09,1.223362273
2018-02-12,4.027862975
2018-02-13,1.001653698
2018-02-14,1.843841709
2018-02-15,3.357732671
2018-02-16,-0.3236573029
2018-02-20,-0.3363314646
2018-02-21,-0.4540909125
2018-02-22,0.8360482884
2018-02-23,1.739068097
2018-02-26,1.977344847
2018-02-27,-0.3242792471
2018-02-28,-0.1513126914
2018-03-01,-1.75147113
2018-03-02,0.6912936475
2018-03-05,0.3462987656
2018-03-06,-0.08488923402
2018-03-07,-0.9282993729
2018-03-08,1.091214735
2018-03-09,1.718083863
2018-03-12,0.9669058066
2018-03-13,-0.9630434426
2018-03-14,-0.8501463114
2018-03-15,0.1175748046
2018-03-16,-0.3525488783
2018-03-19,-1.528006669
2018-03-20,-0.0342988083
2018-03-21,-2.265471393
2018-03-22,-1.412949841
2018-03-23,-2.315597007
2018-03-26,4.747180699
2018-03-27,-2.564172179
2018-03-28,-1.104691074
2018-03-29,0.780717707
2018-04-02,-0.6554702154
2018-04-03,1.025892923
2018-04-04,1.912182917
2018-04-05,0.6932710466
2018-04-06,-2.557806678
2018-04-09,0.9917313512
2018-04-10,1.88198535
2018-04-11,-0.4676508666
2018-04-12,0.9859391769
2018-04-13,0.3386609791
2018-04-16,0.6240299105
2018-04-17,1.376381535
2018-04-18,-0.2244083562
2018-04-19,-2.834192543
2018-04-20,-4.09717938
2018-04-23,-0.2894806588
2018-04-24,-1.391992816
2018-04-25,0.4357406806
2018-04-26,0.3483830285
2018-04-27,-1.157072005
2018-04-30,1.811356245
2018-05-01,2.323577148
2018-05-02,4.417305083
2018-05-03,0.1813698617
2018-05-04,3.923369542
2018-05-07,0.7235030631
2018-05-08,0.4806363653
2018-05-09,0.7040978403
2018-05-10,1.430440967
2018-05-11,-0.3803347844
2018-05-14,-0.2333517282
2018-05-15,-0.9089492898
2018-05-16,0.9334636583
2018-05-17,-0.6325056433
2018-05-18,-0.3636999714
2018-05-21,0.708623178
2018-05-22,-0.2506197575
2018-05-23,0.6411740407
2018-05-24,-0.1114060389
2018-05-25,0.2284790565
2018-05-29,-0.3606335076
2018-05-30,-0.2127322874
2018-05-31,-0.3359771998
2018-06-01,1.803298812
2018-06-04,0.8357727716
2018-06-05,0.771492852
2018-06-06,0.3465355237
2018-06-07,-0.2680372186
2018-06-08,-0.9096917412
2018-06-11,-0.245077401
2018-06-12,0.5488915545
2018-06-13,-0.8216042823
2018-06-14,0.05234645782
2018-06-15,-1.027234859
2018-06-18,-0.05286208843
2018-06-19,-1.615959741
2018-06-20,0.4362466773
2018-06-21,-0.5578015921
2018-06-22,-0.2911158142
2018-06-25,-1.487164762
2018-06-26,1.240757279
2018-06-27,-0.1464857246
2018-06-28,0.7275059049
2018-06-29,-0.2102177746
2018-07-02,1.118245321
2018-07-03,-1.741537973
2018-07-05,0.8046728303
2018-07-06,1.386168104
2018-07-09,1.388458887
2018-07-10,-0.1205842429
2018-07-11,-1.297678238
2018-07-12,1.676716566
2018-07-13,0.1569904094
2018-07-16,-0.2195752806
2018-07-17,0.2830276842
2018-07-18,-0.5484825759
2018-07-19,0.7772864582
2018-07-20,-0.2293506896
2018-07-23,0.0887559522
2018-07-24,0.7253798712
2018-07-25,0.9431138384
2018-07-26,-0.313105743
2018-07-27,-1.663185293
2018-07-30,-0.5602870164
2018-07-31,0.200191468
2018-08-01,5.890835709
2018-08-02,2.923121031
2018-08-03,0.2894175191
2018-08-06,0.5191622331
2018-08-07,-0.9374676184
2018-08-08,0.06768356089
2018-08-09,0.7864429291
2018-08-10,-0.2979277246
2018-08-13,0.6457732043
2018-08-14,0.4213355059
2018-08-15,0.2334968013
2018-08-16,1.46496546
2018-08-17,1.997051254
2018-08-20,-0.9743057974
2018-08-21,-0.1948923279
2018-08-22,0.004527496668
2018-08-23,0.2047123201
2018-08-24,0.3109592001
2018-08-27,0.823455458
2018-08-28,0.8074070909
2018-08-29,1.493020433
2018-08-30,0.91938705
2018-08-31,1.155364771
2018-09-04,0.3207816286
2018-09-05,-0.6524874229
2018-09-06,-1.661709774
2018-09-07,-0.8069473748
2018-09-10,-1.342017426
2018-09-11,2.528214604
2018-09-12,-1.241823762
2018-09-13,2.415500563
2018-09-14,-1.135048526
2018-09-17,-2.662652516
2018-09-18,0.165139611
2018-09-19,0.05954620747
2018-09-20,0.7602646388
2018-09-21,-1.077155417
2018-09-24,1.437973069
2018-09-25,0.634214613
2018-09-26,-0.7967262211
2018-09-27,2.055247006
2018-09-28,0.3511360172
2018-10-01,0.6733747872
2018-10-02,0.8888474971
2018-10-03,1.216844181
2018-10-04,-1.757995615
2018-10-05,-1.622911251
2018-10-08,-0.2319484995
2018-10-09,1.385468097
2018-10-10,-4.6326737
2018-10-11,-0.8827586207
2018-10-12,3.571957293
2018-10-15,-2.138709266
2018-10-16,2.203755889
2018-10-17,-0.4321621637
2018-10-18,-2.337259705
2018-10-19,1.522960013
2018-10-22,0.6110860191
2018-10-23,0.9425238844
2018-10-24,-3.430050573
2018-10-25,2.189815498
2018-10-26,-1.592483033
2018-10-29,-1.876970467
2018-10-30,0.4994096436
2018-10-31,2.606688682
2018-11-01,1.53530446
2018-11-02,-6.633153577
2018-11-05,-2.838740215
2018-11-06,1.081403431
2018-11-07,3.032720308
2018-11-08,-0.3488029808
2018-11-09,-1.928166199
2018-11-12,-5.037526665
2018-11-13,-0.9991223192
2018-11-14,-2.824634358
2018-11-15,2.467747435
2018-11-16,1.107631551
2018-11-19,-3.963277076
2018-11-20,-4.777759621
2018-11-21,-0.1129773831
2018-11-23,-2.539855254
2018-11-26,1.352479587
2018-11-27,-0.2176544054
2018-11-28,3.845222705
2018-11-29,-0.7681709139
2018-11-30,-0.5403551308
2018-12-03,3.494304895
2018-12-04,-4.398832334
2018-12-06,-1.114915032
2018-12-07,-3.565703194
2018-12-10,0.6586935786
2018-12-11,-0.5718080476
2018-12-12,0.2786678974
2018-12-13,1.093862645
2018-12-14,-3.199690074
2018-12-17,-0.9306866586
2018-12-18,1.299403047
2018-12-19,-3.119205466
2018-12-20,-2.523531108
2018-12-21,-3.889613621
2018-12-24,-2.587287728
2018-12-26,7.042079528
2018-12-27,-0.6489689767
2018-12-28,0.05132735235
2018-12-31,0.9663492303
2019-01-02,0.1141888314
2019-01-03,-9.96076064
2019-01-04,4.269028922
2019-01-07,-0.2224947293
2019-01-08,1.906258287
2019-01-09,1.698230415
2019-01-10,0.3194466227
2019-01-11,-0.9816183126
2019-01-14,-1.503782307
2019-01-15,2.046716199
2019-01-16,1.221642893
2019-01-17,0.5937844571
2019-01-18,0.6157202167
2019-01-22,-2.244452753
2019-01-23,0.404494011
2019-01-24,-0.7928481968
2019-01-25,3.313867081
2019-01-28,-0.9254258135
2019-01-29,-1.036626013
2019-01-30,6.833602409
2019-01-31,0.7201094587
2019-02-01,0.04815405242
2019-02-04,2.840481613
2019-02-05,1.710963864
2019-02-06,0.03438956107
2019-02-07,-1.893922887
2019-02-08,0.1174627068
2019-02-11,-0.5750398683
2019-02-12,0.8617227514
2019-02-13,-0.4156282106
2019-02-14,0.3642978258
2019-02-15,-0.2223102064
2019-02-19,0.2992100755
2019-02-20,0.6435695873
2019-02-21,-0.5640089069
2019-02-22,1.116736811
2019-02-25,0.7282555378
2019-02-26,0.0576174347
2019-02-27,0.3096057285
2019-02-28,-0.9835971071
2019-03-01,1.051102044
2019-03-04,0.5029202985
2019-03-05,-0.181769542
2019-03-06,-0.5754951532
2019-03-07,-1.157411864
2019-03-08,0.2376505709
2019-03-11,3.464241382
2019-03-12,1.123439863
2019-03-13,0.442293985
2019-03-14,1.111614511
2019-03-15,1.300800369
2019-03-18,1.020958537
2019-03-19,-0.7926065093
2019-03-20,0.8739239207
2019-03-21,3.683059133
2019-03-22,-2.070967061
2019-03-25,-1.20896999
2019-03-26,-1.03326798
2019-03-27,0.8994666163
2019-03-28,0.13260294
2019-03-29,0.6518986074
2019-04-01,0.6790762264
2019-04-02,1.453537534
2019-04-03,0.6856150727
2019-04-04,0.1739455759
2019-04-05,0.6694612758
2019-04-08,1.5737203
2019-04-09,-0.2999599074
2019-04-10,0.5615115124
2019-04-11,-0.832434809
2019-04-12,-0.04032436837
2019-04-15,0.1810048409
2019-04-16,0.0101196437
2019-04-17,1.947201885
2019-04-18,0.3593804925
2019-04-22,0.3286301788
2019-04-23,1.442468626
2019-04-24,-0.1542613171
2019-04-25,-0.9075333786
2019-04-26,-0.4773606641
2019-04-29,0.1517282214
2019-04-30,-1.925548206
2019-05-01,4.908383813
2019-05-02,-0.6506332751
2019-05-03,1.243114172
2019-05-06,-1.544235351
2019-05-07,-2.695689315
2019-05-08,0.01967004025
2019-05-09,-1.074394023
2019-05-10,-1.385514561
2019-05-13,-5.811752523
2019-05-14,1.58291729
2019-05-15,1.197853135
2019-05-16,-0.4398508846
2019-05-17,-0.568146798
2019-05-20,-3.127054724
2019-05-21,1.917143915
2019-05-22,-2.047236679
2019-05-23,-1.707044046
2019-05-24,-0.3840421072
2019-05-28,-0.4133439007
2019-05-29,-0.4770367379
2019-05-30,0.5187164892
2019-05-31,-1.811653721
2019-06-03,-1.010970101
2019-06-04,3.658554252
2019-06-05,1.614131688
2019-06-06,1.468380312
2019-06-07,2.661582356
2019-06-10,1.278025574
2019-06-11,1.157826354
2019-06-12,-0.3183071729
2019-06-13,-0.02046946172
2019-06-14,-0.7262758857
2019-06-17,0.5967770997
2019-06-18,2.351798701
2019-06-19,-0.2922275073
2019-06-20,0.8035491497
2019-06-21,-0.3410935973
2019-06-24,-0.1006154805
2019-06-25,-1.515598464
2019-06-26,2.162792439
2019-06-27,-0.02994676596
2019-06-28,-0.9112409426
2019-07-01,1.834168039
2019-07-02,0.5854302601
2019-07-03,0.8286602947
2019-07-05,-0.08801879918
2019-07-08,-2.061454368
2019-07-09,0.6099907957
2019-07-10,0.9888638462
2019-07-11,-0.7282093092
2019-07-12,0.7681858246
2019-07-15,0.9395343285
2019-07-16,-0.3460130005
2019-07-17,-0.5622540906
2019-07-18,1.135804806
2019-07-19,-1.492719508
2019-07-22,2.285504211
2019-07-23,0.7816285982
2019-07-24,-0.08134332694
2019-07-25,-0.7906350947
2019-07-26,0.3476362754
2019-07-29,0.9339563737
2019-07-30,-0.4292325099
2019-07-31,2.040378696
2019-08-01,-2.163772667
2019-08-02,-2.11587104
2019-08-05,-5.234823626
2019-08-06,1.892982741
2019-08-07,1.035635548
2019-08-08,2.205601033
2019-08-09,-0.8241633929
2019-08-12,-0.2536381415
2019-08-13,4.234863606
2019-08-14,-2.976494431
2019-08-15,-0.4981435262
2019-08-16,2.359380391
2019-08-19,1.864344512
2019-08-20,0.004755884416
2019-08-21,1.083893774
2019-08-22,-0.08468396415
2019-08-23,-4.621934471
2019-08-26,1.899856421
2019-08-27,-1.128431218
2019-08-28,0.6711066829
2019-08-29,1.693251534
2019-08-30,-0.1292319474
2019-09-03,-1.456339761
2019-09-04,1.696512342
2019-09-05,1.955345668
2019-09-06,-0.009381083046
2019-09-09,0.4266838669
2019-09-10,1.181192013
2019-09-11,3.179628832
2019-09-12,-0.2237128124
2019-09-13,-1.945433687
2019-09-16,0.5257341032
2019-09-17,0.3637576794
2019-09-18,0.937922594
2019-09-19,-0.8124483098
2019-09-20,-1.461821722
2019-09-23,0.4546820767
2019-09-24,-0.4754935032
2019-09-25,1.538997708
2019-09-26,-0.5157847094
2019-09-27,-0.4866120089
2019-09-30,2.353521615
2019-10-01,0.2769335564
2019-10-02,-2.506862459
2019-10-03,0.8494290816
2019-10-04,2.803177312
2019-10-07,0.02203427799
2019-10-08,-1.171414619
2019-10-09,1.171925067
2019-10-10,1.347828162
2019-10-11,2.659987862
2019-10-14,-0.1439971201
2019-10-15,-0.2332724233
2019-10-16,-0.4036900709
2019-10-17,0.3882524726
2019-10-18,0.4802939519
2019-10-21,1.734264057
2019-10-22,-0.2285989605
2019-10-23,1.341905314
2019-10-24,0.1645529046
2019-10-25,1.231605913
2019-10-28,1.001595791
2019-10-29,-2.312709525
2019-10-30,-0.01233588561
2019-10-31,2.261001283
2019-11-01,2.838035745
2019-11-04,0.6566480318
2019-11-05,-0.1435848956
2019-11-06,0.04263486722
2019-11-07,1.154215731
2019-11-08,0.2736074534
2019-11-11,0.791903636
2019-11-12,-0.09145418494
2019-11-13,0.9580543833
2019-11-14,-0.691883296
2019-11-15,1.187861564
2019-11-18,0.5043136409
2019-11-19,-0.3032481313
2019-11-20,-1.164244279
2019-11-21,-0.4482874598
2019-11-22,-0.08771373283
2019-11-25,1.75327469
2019-11-26,-0.7808709246
2019-11-27,1.343195806
2019-11-29,-0.2201747744
2019-12-02,-1.156330036
2019-12-03,-1.782947078
2019-12-04,0.8825884991
2019-12-05,1.467109128
2019-12-06,1.931617244
2019-12-09,-1.399920785
2019-12-10,0.5843291425
2019-12-11,0.8530590005
2019-12-12,0.2547813715
2019-12-13,1.359310103
2019-12-16,1.71173185
2019-12-17,0.196610985
2019-12-18,-0.2389086086
2019-12-19,0.09998172697
2019-12-20,-0.2070359575
2019-12-23,1.631764379
2019-12-24,0.09511642983
2019-12-26,1.983997614
2019-12-27,-0.03784436219
2019-12-30,0.5934062782
2019-12-31,0.7307532204
2020-01-02,2.281508193
2020-01-03,-0.9721674519
2020-01-06,0.7968544996
2020-01-07,-0.4703406747
2020-01-08,1.608637338
2020-01-09,2.124051983
2020-01-10,0.2261608359
2020-01-13,2.136381289
2020-01-14,-1.350364437
2020-01-15,-0.4285045934
2020-01-16,1.252602915
2020-01-17,1.107121011
2020-01-21,-0.677626209
2020-01-22,0.3569435966
2020-01-23,0.481513845
2020-01-24,-0.2880966484
2020-01-27,-2.940600471
2020-01-28,2.828994537
2020-01-29,2.093166239
2020-01-30,-0.1449180656
2020-01-31,-4.433793997
2020-02-03,-0.2747204793
2020-02-04,3.301418721
2020-02-05,0.8153997948
2020-02-06,1.169767559
2020-02-07,-1.359300223
2020-02-10,0.4749332166
2020-02-11,-0.6033028867
2020-02-12,2.374802986
2020-02-13,-0.7121207514
2020-02-14,0.02463079334
2020-02-18,-1.831033537
2020-02-19,1.448245028
2020-02-20,-1.025934045
2020-02-21,-2.263545743
2020-02-24,-4.749941064
2020-02-25,-3.387249947
2020-02-26,1.586417514
2020-02-27,-6.536857928
2020-02-28,-0.05850984815
2020-03-02,9.310028938
2020-03-03,-3.175869552
2020-03-04,4.638398915
2020-03-05,-3.243654092
2020-03-06,-1.328077451
2020-03-09,-7.909175803
2020-03-10,7.202137105
2020-03-11,-3.472982025
2020-03-12,-9.875437474
2020-03-13,11.98072555
2020-03-16,-12.86462396
2020-03-17,4.396953098
2020-03-18,-2.447994465
2020-03-19,-0.7662738652
2020-03-20,-6.348429365
2020-03-23,-2.124550339
2020-03-24,10.03252213
2020-03-25,-0.5508318737
2020-03-26,5.262393551
2020-03-27,-4.140236722
2020-03-30,2.853709722
2020-03-31,-0.2040384647
2020-04-01,-5.261716253
2020-04-02,1.668663004
2020-04-03,-1.43713183
2020-04-06,8.723787933
2020-04-07,-1.158331043
2020-04-08,2.55955815
2020-04-09,0.7216216932
2020-04-13,1.962777314
2020-04-14,5.050321136
2020-04-15,-0.9128304677
2020-04-16,0.7945693495
2020-04-17,-1.356794021
2020-04-20,-2.075645689
2020-04-21,-3.091132028
2020-04-22,2.880444186
2020-04-23,-0.387571872
2020-04-24,2.886969368
2020-04-27,0.0706215724
2020-04-28,-1.620953655
2020-04-29,3.28460744
2020-04-30,2.109534404
2020-05-01,-1.609862383
2020-05-04,1.414896791
2020-05-05,1.500801172
2020-05-06,1.031766711
2020-05-07,1.034469443
2020-05-08,2.380130138
2020-05-11,1.573641013
2020-05-12,-1.142880395
2020-05-13,-1.207345248
2020-05-14,0.6143429111
2020-05-15,-0.5912227598
2020-05-18,2.356112401
2020-05-19,-0.5778980893
2020-05-20,1.944874321
2020-05-21,-0.7455446712
2020-05-22,0.6437451797
2020-05-26,-0.6773595425
2020-05-27,0.4357668217
2020-05-28,0.04406351385
2020-05-29,-0.09744271343
2020-06-01,1.229756039
2020-06-02,0.4630075708
2020-06-03,0.5505164368
2020-06-04,-0.8612510778
2020-06-05,2.848012767
2020-06-08,0.5913484266
2020-06-09,3.157719835
2020-06-10,2.572800246
2020-06-11,-4.801028432
2020-06-12,0.8632776485
2020-06-15,1.236785773
2020-06-16,2.650220128
2020-06-17,-0.1391661773
2020-06-18,0.03974997501
2020-06-19,-0.57144335
2020-06-22,2.616364307
2020-06-23,2.134526069
2020-06-24,-1.765249361
2020-06-25,1.32763129
2020-06-26,-3.072668752
2020-06-29,2.304711616
2020-06-30,0.8347819726
2020-07-01,-0.1891726163
2020-07-02,0
2020-07-06,2.675012548
2020-07-07,-0.3102361334
2020-07-08,2.328963937
2020-07-09,0.3565941733
2020-07-10,0.2482644178
2020-07-13,-0.4613524383
2020-07-14,1.654860157
2020-07-15,0.6876991633
2020-07-16,-1.230503975
2020-07-17,-0.2019808257
2020-07-20,2.107384538
2020-07-21,-1.380130824
2020-07-22,0.2809120477
2020-07-23,-4.551608488
2020-07-24,-0.2477240009
2020-07-27,2.369993035
2020-07-28,-1.642742039
2020-07-29,1.916820286
2020-07-30,1.210013802
2020-07-31,10.46880508
2020-08-03,2.51976746
2020-08-04,0.6678344439
2020-08-05,0.3625251204
2020-08-06,3.488839508
2020-08-07,-2.273558493
2020-08-10,1.453521577
2020-08-11,-2.973953876
2020-08-12,3.323411903
2020-08-13,1.76968526
2020-08-14,-0.08908985694
2020-08-17,-0.2610424457
2020-08-18,0.8332545545
2020-08-19,0.125450909
2020-08-20,2.218992032
2020-08-21,5.153247814
2020-08-24,1.196033906
2020-08-25,-0.8204254538
2020-08-26,1.35989472
2020-08-27,-1.195422847
2020-08-28,-0.1619454586
2020-08-31,3.391158912
2020-09-01,3.983287688
2020-09-02,-2.07184158
2020-09-03,-8.006065427
2020-09-04,0.0661548416
2020-09-08,-6.729513448
2020-09-09,3.98872854
2020-09-10,-3.264575947
2020-09-11,-1.312967383
2020-09-14,2.999998157
2020-09-15,0.1560827086
2020-09-16,-2.95139416
2020-09-17,-1.596309541
2020-09-18,-3.172029285
2020-09-21,3.032565309
2020-09-22,1.571576272
2020-09-23,-4.194656112
2020-09-24,1.026932784
2020-09-25,3.751617323
2020-09-28,2.386899576
2020-09-29,-0.7568298237
2020-09-30,1.507657216
2020-10-01,0.8461641952
2020-10-02,-3.227972463
2020-10-05,3.079100172
2020-10-06,-2.867022247
2020-10-07,1.696763675
2020-10-08,-0.09558103586
2020-10-09,1.739605715
2020-10-12,6.351970402
2020-10-13,-2.652688646
2020-10-14,0.07429964912
2020-10-15,-0.3960841142
2020-10-16,-1.400013335
2020-10-19,-2.554210433
2020-10-20,1.31921004
2020-10-21,-0.5446799095
2020-10-22,-0.9582997463
2020-10-23,-0.6134017724
2020-10-26,0.008700363083
2020-10-27,1.347273032
2020-10-28,-4.631265957
2020-10-29,3.705085271
2020-10-30,-5.601864693
2020-11-02,-0.0826537934
2020-11-03,1.535387917
2020-11-04,4.083653799
2020-11-05,3.549384932
2020-11-06,-0.1136476922
2020-11-09,-1.99678196
2020-11-10,-0.300908748
2020-11-11,3.035312049
2020-11-12,-0.2343923084
2020-11-13,0.0419942245
2020-11-16,0.872007656
2020-11-17,-0.7564107394
2020-11-18,-1.139122557
2020-11-19,0.5168229266
2020-11-20,-1.095792646
2020-11-23,-2.974240397
2020-11-24,1.15944835
2020-11-25,0.7467251955
2020-11-27,0.4825861504
2020-11-30,2.109965217
2020-12-01,3.08276278
2020-12-02,0.2933577756
2020-12-03,-0.1137359368
2020-12-04,-0.5612837386
2020-12-07,1.226981459
2020-12-08,0.5090824945
2020-12-09,-2.090364085
2020-12-10,1.198898374
2020-12-11,-0.6735059251
2020-12-14,-0.5146553929
2020-12-15,5.009084358
2020-12-16,-0.05477368801
2020-12-17,0.6963294412
2020-12-18,-1.585040242
2020-12-21,1.239480558
2020-12-22,2.846484249
2020-12-23,-0.6975687024
2020-12-24,0.7712134834
2020-12-28,3.576552204
2020-12-29,-1.331499623
2020-12-30,-0.8526491773
2020-12-31,-0.7702398844
2021-01-04,-2.471960179
2021-01-05,1.236383897
2021-01-06,-3.366177671
2021-01-07,3.412324203
2021-01-08,0.8631107866
2021-01-11,-2.324888413
2021-01-12,-0.1395200256
2021-01-13,1.622676849
2021-01-14,-1.512717863
2021-01-15,-1.373024225
2021-01-19,0.5426610321
2021-01-20,3.285613214
2021-01-21,3.665818874
2021-01-22,1.607378982
2021-01-25,2.768377274
2021-01-26,0.1679302275
2021-01-27,-0.7683778586
2021-01-28,-3.498504857
2021-01-29,-3.74202691
2021-02-01,1.65196424
2021-02-02,0.6336754095
2021-02-03,-0.7777971089
2021-02-04,2.57578426
2021-02-05,-0.309867476
2021-02-08,0.1097270511
2021-02-09,-0.6573401987
2021-02-10,-0.4558475225
2021-02-11,-0.1920470637
2021-02-12,0.1775743331
2021-02-16,-1.61037998
2021-02-17,-1.764386998
2021-02-18,-0.8636858878
2021-02-19,0.1233824881
2021-02-22,-2.979943374
2021-02-23,-0.1110976876
2021-02-24,-0.4051689689
2021-02-25,-3.478295831
2021-02-26,0.223150149
2021-03-01,5.385156277
2021-03-02,-2.089416734
2021-03-03,-2.445638771
2021-03-04,-1.581136912
2021-03-05,1.073822515
2021-03-08,-4.167404337
2021-03-09,4.064978848
2021-03-10,-0.9166659588
2021-03-11,1.650296009
2021-03-12,-0.762543126
2021-03-15,2.445681964
2021-03-16,1.274319663
2021-03-17,-0.6451147872
2021-03-18,-3.390459294
2021-03-19,-0.4480887747
2021-03-22,2.83358263
2021-03-23,-0.6888549537
2021-03-24,-1.999315096
2021-03-25,0.4163283624
2021-03-26,0.5141375019
2021-03-29,0.1484967462
2021-03-30,-1.227475731
2021-03-31,1.876576252
2021-04-01,0.6958478161
2021-04-05,2.357761648
2021-04-06,0.2462265415
2021-04-07,1.339021588
2021-04-08,1.923409416
2021-04-09,2.025107323
2021-04-12,-1.323248055
2021-04-13,2.430652158
2021-04-14,-1.78529621
2021-04-15,1.870721272
2021-04-16,-0.2527357401
2021-04-19,0.5068288887
2021-04-20,-1.282993998
2021-04-21,0.29300497
2021-04-22,-1.168518792
2021-04-23,1.803787181
2021-04-26,0.2977931605
2021-04-27,-0.2449174663
2021-04-28,-0.6026996352
2021-04-29,-0.07491842131
2021-04-30,-1.513284681
2021-05-03,0.8215101077
2021-05-04,-3.538553228
2021-05-05,0.1955697144
2021-05-06,1.2802437
2021-05-07,0.5327367527
2021-05-10,-2.580490501
2021-05-11,-0.7409703847
2021-05-12,-2.493857304
2021-05-13,1.791963013
2021-05-14,1.984474545
2021-05-17,-0.9258401403
2021-05-18,-1.124610594
2021-05-19,-0.1281324814
2021-05-20,2.101170071
2021-05-21,-1.476666825
2021-05-24,1.331392674
2021-05-25,-0.1573706499
2021-05-26,-0.03940467386
2021-05-27,-1.237648807
2021-05-28,-0.5347847788
2021-06-01,-0.2648336508
2021-06-02,0.6275725435
2021-06-03,-1.215378982
2021-06-04,1.902223375
2021-06-07,0.007911534365
2021-06-08,0.6672076532
2021-06-09,0.3076957976
2021-06-10,-0.8023364192
2021-06-11,0.9833089073
2021-06-14,2.45775742
2021-06-15,-0.6437092763
2021-06-16,0.3933216113
2021-06-17,1.260151505
2021-06-18,-1.009178672
2021-06-21,1.410395052
2021-06-22,1.269784848
2021-06-23,-0.2089900195
2021-06-24,-0.2168770927
2021-06-25,-0.2248910179
2021-06-28,1.254653364
2021-06-29,1.14997345
2021-06-30,0.4621407601
2021-07-01,0.2263339006
2021-07-02,1.959624172
2021-07-06,1.471879638
2021-07-07,1.795539168
2021-07-08,-0.9199671872
2021-07-09,1.305489767
2021-07-12,-0.4203803448
2021-07-13,0.7888848386
2021-07-14,2.410101487
2021-07-15,-0.4491976401
2021-07-16,-1.407613074
2021-07-19,-2.691430936
2021-07-20,2.597348303
2021-07-21,-0.5131476522
2021-07-22,0.9628774889
2021-07-23,1.198920335
2021-07-26,0.2893884897
2021-07-27,-1.489975059
2021-07-28,-1.219593245
2021-07-29,0.4551770637
2021-07-30,0.1510851978
2021-08-02,-0.2330790653
2021-08-03,1.264432131
2021-08-04,-0.2782273995
2021-08-05,0.07483419091
2021-08-06,-0.4767374069
2021-08-09,-0.0341656804
2021-08-10,-0.3354574292
2021-08-11,0.1785739434
2021-08-12,2.07735282
2021-08-13,0.1410244934
2021-08-16,1.354830369
2021-08-17,-0.615408204
2021-08-18,-2.550122533
2021-08-19,0.2322855964
2021-08-20,1.015676488
2021-08-23,1.025735401
2021-08-24,-0.06012759651
2021-08-25,-0.8420872306
2021-08-26,-0.5527064858
2021-08-27,0.7184536049
2021-08-30,3.041668219
2021-08-31,-0.8424573883
2021-09-01,0.4479014873
2021-09-02,0.7474762006
2021-09-03,0.4230451511
2021-09-07,1.548905713
2021-09-08,-1.008369381
2021-09-09,-0.6705012499
2021-09-10,-3.310189159
2021-09-13,0.3893985589
2021-09-14,-0.9562148481
2021-09-15,0.6143751038
2021-09-16,-0.1610488747
2021-09-17,-1.83482572
2021-09-20,-2.136138091
2021-09-21,0.3428501752
2021-09-22,1.687235297
2021-09-23,0.671878328
2021-09-24,0.0613069839
2021-09-27,-1.054978489
2021-09-28,-2.380144679
2021-09-29,0.6483406049
2021-09-30,-0.9312171287
2021-10-01,0.8127377459
2021-10-04,-2.460601696
2021-10-05,1.415854475
2021-10-06,0.6307280291
2021-10-07,0.908429944
2021-10-08,-0.2721791288
2021-10-11,-0.06292128382
2021-10-12,-0.9103126651
2021-10-13,-0.4240542279
2021-10-14,2.022635414
2021-10-15,0.7512512534
2021-10-18,1.180552803
2021-10-19,1.508039004
2021-10-20,0.3361218281
2021-10-21,0.1474064096
2021-10-22,-0.5285376736
2021-10-25,-0.03357974569
2021-10-26,0.45744493
2021-10-27,-0.3147435088
2021-10-28,2.499173463
2021-10-29,-1.815574509
2021-11-01,-0.5607396041
2021-11-02,0.7116048931
2021-11-03,0.9798722298
2021-11-04,-0.3498940843
2021-11-05,0.3582537591
2021-11-08,-0.5552566666
2021-11-09,0.2459356648
2021-11-10,-1.916293758
2021-11-11,-0.03384375811
2021-11-12,1.433688778
2021-11-15,0.006688990604
2021-11-16,0.6666703067
2021-11-17,1.648993871
2021-11-18,2.853632605
2021-11-19,1.69759271
2021-11-22,0.2927478122
2021-11-23,0.2421741632
2021-11-24,0.3283556719
2021-11-26,-3.167804701
2021-11-29,2.18735637
2021-11-30,3.157775029
2021-12-01,-0.3206283498
2021-12-02,-0.6129987294
2021-12-03,-1.172481353
2021-12-06,2.150307051
2021-12-07,3.544630201
2021-12-08,2.278304169
2021-12-09,-0.2969876714
2021-12-10,2.801313477
2021-12-13,-2.067423602
2021-12-14,-0.802332958
2021-12-15,2.850933085
2021-12-16,-3.926417429
2021-12-17,-0.650174192
2021-12-20,-0.8121740566
2021-12-21,1.90868031
2021-12-22,1.531877069
2021-12-23,0.3644116896
2021-12-27,2.297470111
2021-12-28,-0.5767394437
2021-12-29,0.05019142977
2021-12-30,-0.6578113817
2021-12-31,-0.3535464953
2022-01-03,2.500441051
2022-01-04,-1.269163446
2022-01-05,-2.660001139
2022-01-06,-1.669311118
2022-01-07,0.09880440715
2022-01-10,0.01165454732
2022-01-11,1.67835652
2022-01-12,0.2570501681
2022-01-13,-1.90281167
2022-01-14,0.5110755834
2022-01-18,-1.889456558
2022-01-19,-2.102439592
2022-01-20,-1.034718912
2022-01-21,-1.276537486
2022-01-24,-0.4863805871
2022-01-25,-1.138534588
2022-01-26,-0.05632008775
2022-01-27,-0.2943244929
2022-01-28,6.977775949
2022-01-31,2.612614454
2022-02-01,-0.0972914209
2022-02-02,0.7044520313
2022-02-03,-1.671988058
2022-02-04,-0.1679221353
2022-02-07,-0.4234769952
2022-02-08,1.84668313
2022-02-09,0.8293438353
2022-02-10,-2.35985771
2022-02-11,-2.021859319
2022-02-14,0.1422971871
2022-02-15,2.315294676
2022-02-16,-0.1388795198
2022-02-17,-2.126976245
2022-02-18,-0.9355747249
2022-02-22,-1.781197231
2022-02-23,-2.586437552
2022-02-24,1.668043182
2022-02-25,1.296507234
2022-02-28,0.1638035672
2022-03-01,-1.162769097
2022-03-02,2.058816159
2022-03-03,-0.1981557032
2022-03-04,-1.840823622
2022-03-07,-2.371753017
2022-03-08,-1.167574659
2022-03-09,3.499748348
2022-03-10,-2.718616566
2022-03-11,-2.390885378
2022-03-14,-2.65621283
2022-03-15,2.967708739
2022-03-16,2.90155659
2022-03-17,0.6453522529
2022-03-18,2.091950862
2022-03-21,0.8537282648
2022-03-22,2.080086258
2022-03-23,0.8233169364
2022-03-24,2.267828824
2022-03-25,0.3733979922
2022-03-28,0.5036779551
2022-03-29,1.913432632
2022-03-30,-0.6649720991
2022-03-31,-1.777575834
2022-04-01,-0.1718046042
2022-04-04,2.369341045
2022-04-05,-1.894210048
2022-04-06,-1.845043235
2022-04-07,0.180415515
2022-04-08,-1.190902573
2022-04-11,-2.551596078
2022-04-12,1.152303991
2022-04-13,1.634304602
2022-04-14,-2.998837739
2022-04-18,-0.1331188092
2022-04-19,1.411503244
2022-04-20,-0.1015124872
2022-04-21,-0.4843556547
2022-04-22,-2.782165486
2022-04-25,0.6737366569
2022-04-26,-3.732823613
2022-04-27,-0.1466517559
2022-04-28,4.515527821
2022-04-29,-3.66044076
2022-05-02,0.1966431867
2022-05-03,0.9622560782
2022-05-04,4.10084262
2022-05-05,-5.571639812
2022-05-06,0.4727145608
2022-05-09,-3.318944253
2022-05-10,1.61126259
2022-05-11,-5.184126487
2022-05-12,-2.68946355
2022-05-13,3.19162726
2022-05-16,-1.06717505
2022-05-17,2.54221237
2022-05-18,-5.641927253
2022-05-19,-2.464152054
2022-05-20,0.1747552609
2022-05-23,4.011913975
2022-05-24,-1.921556821
2022-05-25,0.1139807957
2022-05-26,2.319959894
2022-05-27,4.075649138
2022-05-31,-0.5346294709
2022-06-01,-0.08732024924
2022-06-02,1.681130924
2022-06-03,-3.855601303
2022-06-06,0.5227667592
2022-06-07,1.758620545
2022-06-08,-0.5043324118
2022-06-09,-3.595557098
2022-06-10,-3.862861233
2022-06-13,-3.828520291
2022-06-14,0.6673205686
2022-06-15,2.011146204
2022-06-16,-3.965156558
2022-06-17,1.1533024
2022-06-21,3.27603855
2022-06-22,-0.3826981081
2022-06-23,2.157392091
2022-06-24,2.451706463
2022-06-27,0
2022-06-28,-2.978971205
2022-06-29,1.302414514
2022-06-30,-1.802782819
2022-07-01,1.616410532
2022-07-05,1.893023591
2022-07-06,0.9607326407
2022-07-07,2.39994228
2022-07-08,0.4715154838
2022-07-11,-1.475814145
2022-07-12,0.6833844621
2022-07-13,-0.2536635626
2022-07-14,2.048223208
2022-07-15,1.145006148
2022-07-18,-2.064275851
2022-07-19,2.672167473
2022-07-20,1.350972171
2022-07-21,1.50941634
2022-07-22,-0.8110456252
2022-07-25,-0.7398254129
2022-07-26,-0.8826460558
2022-07-27,3.423495137
2022-07-28,0.3571612292
2022-07-29,3.27931503
2022-08-01,-0.6153616121
2022-08-02,-0.9287260296
2022-08-03,3.824764238
2022-08-04,-0.1926617683
2022-08-05,-0.1389103542
2022-08-08,-0.2902924073
2022-08-09,0.03036290161
2022-08-10,2.619442679
2022-08-11,-0.4431410726
2022-08-12,2.142547676
2022-08-15,0.6333455765
2022-08-16,-0.09236415141
2022-08-17,0.8784179521
2022-08-18,-0.2291405041
2022-08-19,-1.510192158
2022-08-22,-2.302935629
2022-08-23,-0.2029097316
2022-08-24,0.1794235401
2022-08-25,1.492274811
2022-08-26,-3.769944181
2022-08-29,-1.36904187
2022-08-30,-1.530507166
2022-08-31,-1.063549948
2022-09-01,0.4707305954
2022-09-02,-1.361104477
2022-09-06,-0.8215321919
2022-09-07,0.925388949
2022-09-08,-0.9618144057
2022-09-09,1.884026403
2022-09-12,3.850751161
2022-09-13,-5.86794229
2022-09-14,0.9555184871
2022-09-15,-1.892949492
2022-09-16,-1.096018002
2022-09-19,2.508252031
2022-09-20,1.566596005
2022-09-21,-2.026793889
2022-09-22,-0.6375096004
2022-09-23,-1.512352066
2022-09-26,0.2259614375
2022-09-27,0.6566779843
2022-09-28,-1.265150976
2022-09-29,-4.911933569
2022-09-30,-3.003944197
2022-10-03,3.075286459
2022-10-04,2.562263724
2022-10-05,0.205373056
2022-10-06,-0.6625601956
2022-10-07,-3.671891595
2022-10-10,0.235580261
2022-10-11,-1.025491345
2022-10-12,-0.4605451863
2022-10-13,3.361291896
2022-10-14,-3.223961817
2022-10-17,2.912290887
2022-10-18,0.9409296898
2022-10-19,0.07652737361
2022-10-20,-0.3267112298
2022-10-21,2.705873486
2022-10-24,1.48025792
2022-10-25,1.933813597
2022-10-26,-1.962713332
2022-10-27,-3.046529409
2022-10-28,7.555208512
2022-10-31,-1.541024709
2022-11-01,-1.754304312
2022-11-02,-3.73050087
2022-11-03,-4.240471224
2022-11-04,-0.1947604806
2022-11-07,0.3902810745
2022-11-08,0.4174851393
2022-11-09,-3.318991023
2022-11-10,8.897406813
2022-11-11,1.926893906
2022-11-14,-0.9485649479
2022-11-15,1.186987617
2022-11-16,-0.8331247299
2022-11-17,1.297092368
2022-11-18,0.3781818771
2022-11-21,-2.167967712
2022-11-22,1.466084881
2022-11-23,0.5926271329
2022-11-25,-1.959361491
2022-11-28,-2.626437417
2022-11-29,-2.114814713
2022-11-30,4.859388699
2022-12-01,0.1891578385
2022-12-02,-0.337109805
2022-12-05,-0.798317013
2022-12-06,-2.537021367
2022-12-07,-1.378522961
2022-12-08,1.213345428
2022-12-09,-0.343564148
2022-12-12,1.639041434
2022-12-13,0.6782373718
2022-12-14,-1.553607288
2022-12-15,-4.685405541
2022-12-16,-1.457873344
2022-12-19,-1.590980634
2022-12-20,-0.05282636428
2022-12-21,2.380904755
2022-12-22,-2.377236244
2022-12-23,-0.279806514
2022-12-27,-1.387828576
2022-12-28,-3.068576233
2022-12-29,2.832438421
2022-12-30,0.2469036911
2023-01-03,-3.740496586
2023-01-04,1.03144046
2023-01-05,-1.06046119
2023-01-06,3.679384764
2023-01-09,0.408961663
2023-01-10,0.4456168368
2023-01-11,2.111221411
2023-01-12,-0.05993178756
2023-01-13,1.011898177
2023-01-17,0.8756253928
2023-01-18,-0.5370028026
2023-01-19,0.04441470081
2023-01-20,1.922077023
2023-01-23,2.35005238
2023-01-24,1.006307908
2023-01-25,-0.4701115328
2023-01-26,1.480351548
2023-01-27,1.368397609
2023-01-30,-2.007799351
2023-01-31,0.9021134966
2023-02-01,0.7900693921
2023-02-02,3.706264781
2023-02-03,2.439949465
2023-02-06,-1.792864644
2023-02-07,1.924475344
2023-02-08,-1.765259514
2023-02-09,-0.6911619574
2023-02-10,0.2456412343
2023-02-13,1.880631328
2023-02-14,-0.4224390089
2023-02-15,1.390310548
2023-02-16,-1.042926843
2023-02-17,-0.7546690769
2023-02-21,-2.668022174
2023-02-22,0.2895983474
2023-02-23,0.3290973369
2023-02-24,-1.8005608
2023-02-27,0.824759122
2023-02-28,-0.3447662247
2023-03-01,-1.424581564
2023-03-02,0.4129254622
2023-03-03,3.509015102
2023-03-06,1.853869338
2023-03-07,-1.449626758
2023-03-08,0.8377081282
2023-03-09,-1.491438886
2023-03-10,-1.387885009
2023-03-13,1.326593603
2023-03-14,1.408916836
2023-03-15,0.2621500836
2023-03-16,1.869445703
2023-03-17,-0.5454161309
2023-03-20,1.548378383
2023-03-21,1.194440194
2023-03-22,-0.9103797843
2023-03-23,0.6969780874
2023-03-24,0.8305335545
2023-03-27,-1.229323656
2023-03-28,-0.3980305865
2023-03-29,1.979088704
2023-03-30,0.9889886903
2023-03-31,1.564381771
2023-04-03,0.7702045415
2023-04-04,-0.3250047552
2023-04-05,-1.129015137
2023-04-06,0.5496050179
2023-04-10,-1.59721515
2023-04-11,-0.7591338485
2023-04-12,-0.4353393409
2023-04-13,3.410341732
2023-04-14,-0.2113501734
2023-04-17,0.0120570347
2023-04-18,0.7505214346
2023-04-19,0.6967622199
2023-04-20,-0.5845698301
2023-04-21,-0.9781214019
2023-04-24,0.1878383014
2023-04-25,-0.9435777394
2023-04-26,-0.006081528474
2023-04-27,2.839501806
2023-04-28,0.7541519999
2023-05-01,-0.05306692062
2023-05-02,-0.6191032082
2023-05-03,-0.6467784992
2023-05-04,-0.991292431
2023-05-05,4.692658801
2023-05-08,-0.04034274352
2023-05-09,-0.9970846608
2023-05-10,1.042093772
2023-05-11,0.109441095
2023-05-12,-0.5417524305
2023-05-15,-0.2897596119
2023-05-16,0
2023-05-17,0.3603177449
2023-05-18,1.36663068
2023-05-19,0.06284746561
2023-05-22,-0.5480634685
2023-05-23,-1.515524028
2023-05-24,0.1632135862
2023-05-25,0.669213351
2023-05-26,1.410490856
2023-05-30,1.065977073
2023-05-31,-0.0282201123
2023-06-01,1.602244046
2023-06-02,0.4775507743
2023-06-05,-0.7571181388
2023-06-06,-0.2059966792
2023-06-07,-0.7756253394
2023-06-08,1.546482659
2023-06-09,0.2159958318
2023-06-12,1.563842508
2023-06-13,-0.2611368315
2023-06-14,0.3491309651
2023-06-15,1.119886566
2023-06-16,-0.5859876921
2023-06-20,0.04862620008
2023-06-21,-0.5674870773
2023-06-22,1.652484492
2023-06-23,-0.1711208934
2023-06-26,-0.755298999
2023-06-27,1.505934503
2023-06-28,0.6327570073
2023-06-29,0.1796509623
2023-06-30,2.310290208
2023-07-03,-0.7785018587
2023-07-05,-0.587126046
2023-07-06,0.2508988331
2023-07-07,-0.5891684022
2023-07-10,-1.085576722
2023-07-11,-0.2809912286
2023-07-12,0.8985543377
2023-07-13,0.4057542553
2023-07-14,0.07872430408
2023-07-17,1.730572309
2023-07-18,-0.134035634
2023-07-19,0.7071723061
2023-07-20,-1.009743707
2023-07-21,-0.6161985709
2023-07-24,0.4220529263
2023-07-25,0.4513446089
2023-07-26,0.4545059037
2023-07-27,-0.6580893806
2023-07-28,1.350792738
2023-07-31,0.3166003476
2023-08-01,-0.4276036579
2023-08-02,-1.54898272
2023-08-03,-0.7322115646
2023-08-04,-4.8019664
2023-08-07,-1.725413829
2023-08-08,0.53119501
2023-08-09,-0.8954546532
2023-08-10,-0.1234230386
2023-08-11,0.03375945136
2023-08-14,0.9393019511
2023-08-15,-1.120039398
2023-08-16,-0.4959390457
2023-08-17,-1.455511249
2023-08-18,0.2816318923
2023-08-21,0.7736921437
2023-08-22,0.7904618905
2023-08-23,2.194894459
2023-08-24,-2.617023777
2023-08-25,1.264291662
2023-08-28,0.8846002162
2023-08-29,2.181056487
2023-08-30,1.917231357
2023-08-31,0.1172048638
2023-09-01,0.8463398015
2023-09-05,0.1266772837
2023-09-06,-3.579341609
2023-09-07,-2.924932856
2023-09-08,0.3492198492
2023-09-11,0.6622211427
2023-09-12,-1.706085615
2023-09-13,-1.185473991
2023-09-14,0.8782606065
2023-09-15,-0.4153527095
2023-09-18,1.691331557
2023-09-19,0.6180696386
2023-09-20,-1.99925968
2023-09-21,-0.8888922258
2023-09-22,0.4944379374
2023-09-25,0.7380369076
2023-09-26,-2.339833639
2023-09-27,-0.8897517642
2023-09-28,0.1525372021
2023-09-29,0.3046691392
2023-10-02,1.483555157
2023-10-03,-0.7769871797
2023-10-04,0.7308667755
2023-10-05,0.7197859727
2023-10-06,1.475061118
2023-10-09,0.8450704225
2023-10-10,-0.3352181806
2023-10-11,0.7904123303
2023-10-12,0.5061425948
2023-10-13,-1.029285159
2023-10-16,-0.07270633611
2023-10-17,-0.8784416026
2023-10-18,-0.7394757017
2023-10-19,-0.2161464262
2023-10-20,-1.470380115
2023-10-23,0.06941309586
2023-10-24,0.2543186124
2023-10-25,-1.349185247
2023-10-26,-2.46053856
2023-10-27,0.7969615499
2023-10-30,1.230485036
2023-10-31,0.2818753999
2023-11-01,1.873867522
2023-11-02,2.069346408
2023-11-03,-0.5180924244
2023-11-06,1.460474248
2023-11-07,1.445106318
2023-11-08,0.5884822042
2023-11-09,-0.2624558463
2023-11-10,2.322034407
2023-11-13,-0.8584077861
2023-11-14,1.428570646
2023-11-15,0.3041327384
2023-11-16,0.9041941797
2023-11-17,-0.01056422569
2023-11-20,0.9278291104
2023-11-21,-0.423063909
2023-11-22,0.3514317965
2023-11-24,-0.7004021572
2023-11-27,-0.09478804296
2023-11-28,0.3214331428
2023-11-29,-0.5409695667
2023-11-30,0.3062711831
2023-12-01,0.6791461888
2023-12-04,-0.9464550542
2023-12-05,2.106296394
2023-12-06,-0.5687363513
2023-12-07,1.013981321
2023-12-08,0.7412073458
2023-12-11,-1.292715333
2023-12-12,0.7920223502
2023-12-13,1.669120338
2023-12-14,0.07577632384
2023-12-15,-0.27257799
2023-12-18,-0.8503496332
2023-12-19,0.536039539
2023-12-20,-1.071399753
2023-12-21,-0.07699369244
2023-12-22,-0.5547609355
2023-12-26,-0.2840515486
2023-12-27,0.05180238752
2023-12-28,0.2226139744
2023-12-29,-0.5424359106
2024-01-02,-3.578657386
2024-01-03,-0.7487295806
2024-01-04,-1.270059792
2024-01-05,-0.4012933531
2024-01-08,2.417517097
2024-01-09,-0.2263739261
2024-01-10,0.5671641791
2024-01-11,-0.3222660391
2024-01-12,0.1777975573
2024-01-16,-1.231703294
2024-01-17,-0.5173130369
2024-01-18,3.257042205
2024-01-19,1.553300636
2024-01-22,1.216310256
2024-01-23,0.6653455464
2024-01-24,-0.3483913994
2024-01-25,-0.1696526752
2024-01-26,-0.901312768
2024-01-29,-0.3585437946
2024-01-30,-1.924604861
2024-01-31,-1.935781491
2024-02-01,1.334073265
2024-02-02,-0.5404928137
2024-02-05,0.9846333155
2024-02-06,0.8631782866
2024-02-07,0.05812215705
2024-02-08,-0.5754865905
2024-02-09,0.4094023328
2024-02-12,-0.900149561
2024-02-13,-1.127467026
2024-02-14,-0.4809759375
2024-02-15,-0.1574953572
2024-02-16,-0.8429863666
2024-02-20,-0.4114359225
2024-02-21,0.4185922206
2024-02-22,1.124401038
2024-02-23,-1.003390143
2024-02-26,-0.7451051416
2024-02-27,0.8114107532
2024-02-28,-0.6625687408
2024-02-29,-0.3692672883
2024-03-01,-0.6030733643
2024-03-04,-2.538114195
2024-03-05,-2.844091941
2024-03-06,-0.587810945
2024-03-07,-0.07095200011
2024-03-08,1.023642536
2024-03-11,1.18314536
2024-03-12,0.2779029417
2024-03-13,-1.212288146
2024-03-14,1.092775771
2024-03-15,-0.2197103563
2024-03-18,0.6372746524
2024-03-19,1.358479016
2024-03-20,1.470940303
2024-03-21,-4.085758321
2024-03-22,0.5310228354
2024-03-25,-0.8300566652
2024-03-26,-0.6672484949
2024-03-27,2.12127963
2024-03-28,-1.055931778
2024-04-01,-0.8455426995
2024-04-02,-0.6998960739
2024-04-03,0.4797652006
2024-04-04,-0.4892727647
2024-04-05,0.4501812581
2024-04-08,-0.6663439665
2024-04-09,0.7242845672
2024-04-10,-1.113975607
2024-04-11,4.327151917
2024-04-12,0.8626504744
2024-04-15,-2.18636431
2024-04-16,-1.91672662
2024-04-17,-0.8147253353
2024-04-18,-0.5714602051
2024-04-19,-1.221264281
2024-04-22,0.5091269117
2024-04-23,0.6391281767
2024-04-24,1.270259679
2024-04-25,0.5147212305
2024-04-26,-0.3472612713
2024-04-29,2.480798546
2024-04-30,-1.82713877
2024-05-01,-0.6046538404
2024-05-02,2.203144005
2024-05-03,5.981631652
2024-05-06,-0.9106825489
2024-05-07,0.3797488072
2024-05-08,0.1863849739
2024-05-09,1.00144217
2024-05-10,-0.6890145449
2024-05-13,1.764544323
2024-05-14,0.6173277744
2024-05-15,1.22180198
2024-05-16,0.0632687095
2024-05-17,0.01579388186
2024-05-20,0.6161831418
2024-05-21,0.6857571045
2024-05-22,-0.7538819884
2024-05-23,-2.105793099
2024-05-24,1.658803103
2024-05-28,0.005260749864
2024-05-29,0.1579204659
2024-05-30,0.5255361997
2024-05-31,0.5018370964
2024-06-03,0.9258816802
2024-06-04,0.1649341642
2024-06-05,0.7820693359
2024-06-06,-0.7096672774
2024-06-07,1.23923141
2024-06-10,-1.914773505
2024-06-11,7.264900299
2024-06-12,2.8578321
2024-06-13,0.5491378914
2024-06-14,-0.8168521764
2024-06-17,1.967136632
2024-06-18,-1.098432096
2024-06-20,-2.151304068
2024-06-21,-1.044438592
2024-06-24,0.3132863785
2024-06-25,0.4468055489
2024-06-26,1.999315293
2024-06-27,0.3986055434
2024-06-28,-1.625436631
2024-07-01,2.910494691
2024-07-02,1.623961241
2024-07-03,0.5810987758
2024-07-05,2.162053787
2024-07-08,0.6538722978
2024-07-09,0.3775001241
2024-07-10,1.880357954
2024-07-11,-2.32208063
2024-07-12,1.305112385
2024-07-15,1.674306543
2024-07-16,0.1791661624
2024-07-17,-2.529592305
2024-07-18,-2.053468879
2024-07-19,0.05800150588
2024-07-22,-0.1560362209
2024-07-23,0.4688402233
2024-07-24,-2.875423873
2024-07-25,-0.4804678568
2024-07-26,0.2160730499
2024-07-29,0.1284842792
2024-07-30,0.25659256
2024-07-31,1.499072596
2024-08-01,-1.675038526
2024-08-02,0.6869220363
2024-08-05,-4.816699115
2024-08-06,-0.9747990776
2024-08-07,1.249797222
2024-08-08,1.663308295
2024-08-09,1.373619353
2024-08-12,0.7129845162
2024-08-13,1.719315389
2024-08-14,0.2033409529
2024-08-15,1.353098
2024-08-16,0.5918176686
2024-08-19,-0.070748394
2024-08-20,0.27444456
2024-08-21,-0.04856856292
2024-08-22,-0.8259777002
2024-08-23,1.028844379
2024-08-26,0.149850061
2024-08-27,0.374175582
2024-08-28,-0.6753389408
2024-08-29,1.457007245
2024-08-30,-0.343771845
2024-09-03,-2.720560034
2024-09-04,-0.8618430314
2024-09-05,0.6927744262
2024-09-06,-0.7015206643
2024-09-09,0.04077847152
2024-09-10,-0.3621551105
2024-09-11,1.158490773
2024-09-12,0.04940836763
2024-09-13,-0.1211740439
2024-09-16,-2.777558732
2024-09-17,0.2172703093
2024-09-18,1.799001356
2024-09-19,3.706538268
2024-09-20,-0.2927242343
2024-09-23,-0.7581297786
2024-09-24,0.3974332031
2024-09-25,-0.4398098666
2024-09-26,0.5079911498
2024-09-27,0.1186885754
2024-09-30,2.287203691
2024-10-01,-2.914175147
2024-10-02,0.2519910098
2024-10-03,-0.4894648124
2024-10-04,0.5007196225
2024-10-07,-2.253082783
2024-10-08,1.840383642
2024-10-09,1.669874987
2024-10-10,-0.2178479835
2024-10-11,-0.6505241924
2024-10-14,1.647993484
2024-10-15,1.102444315
2024-10-16,-0.8851709715
2024-10-17,0.1596208429
2024-10-18,1.227673384
2024-10-21,0.6297776662
2024-10-22,-0.2621971344
2024-10-23,-2.162303824
2024-10-24,-0.08232624966
2024-10-25,0.3643445297
2024-10-28,0.8599056256
2024-10-29,0.1156984875
2024-10-30,-1.527802651
2024-10-31,-1.820929914
2024-11-01,-1.327956814
2024-11-04,-0.4037803175
2024-11-05,0.6486404485
2024-11-06,-0.3267202566
2024-11-07,2.137253064
2024-11-08,-0.1188423926
2024-11-11,-1.202841409
2024-11-12,0
2024-11-13,0.3969193381
2024-11-14,1.377013943
2024-11-15,-1.410919176
2024-11-18,1.342248529
2024-11-19,0.1140132487
2024-11-20,0.3153965865
2024-11-21,-0.2095886476
2024-11-22,0.5907254083
2024-11-25,1.30509198
2024-11-26,0.9404296512
2024-11-27,-0.05527788062
2024-11-29,1.021577157
2024-12-02,0.9522532246
2024-12-03,1.277201491
2024-12-04,0.1483592069
2024-12-05,0.01235186057
2024-12-06,-0.08230793778
2024-12-09,1.610101439
2024-12-10,0.4133938463
2024-12-11,-0.5166170769
2024-12-12,0.596369396
2024-12-13,0.06856952515
2024-12-16,1.172758394
2024-12-17,0.9719485474
2024-12-18,-2.142150105
2024-12-19,0.7014454877
2024-12-20,1.881605853
2024-12-23,0.3064635187
2024-12-24,1.147808396
2024-12-26,0.3175863902
2024-12-27,-1.32422698
2024-12-30,-1.326313259
2024-12-31,-0.7057987164
2025-01-02,-2.623606384
2025-01-03,-0.200955748
2025-01-06,0.6739054314
2025-01-07,-1.138776195
2025-01-08,0.2023164295
2025-01-10,-2.410403094
2025-01-13,-1.034389639
2025-01-14,-0.4778025295
2025-01-15,1.967579349
2025-01-16,-4.040037907
2025-01-17,0.7535233704
2025-01-21,-3.191575093
2025-01-22,0.534528554
2025-01-23,-0.07596164837
2025-01-24,-0.39347242
2025-01-27,3.178027887
2025-01-28,3.654407309
2025-01-29,0.4616911738
2025-01-30,-0.7394938887
2025-01-31,-0.6692013081
2025-02-03,-3.385621066
2025-02-04,2.10079022
2025-02-05,-0.1417428924
2025-02-06,0.3226238339
2025-02-07,-2.396867578
2025-02-10,0.1187220673
2025-02-11,2.183168529
2025-02-12,1.827049467
2025-02-13,1.967318263
2025-02-14,1.271049995
2025-02-18,-0.05314582565
2025-02-19,0.1636378976
2025-02-20,0.3920318227
2025-02-21,-0.1139046328
2025-02-24,0.6312259551
2025-02-25,-0.02426814838
2025-02-26,-2.704030224
2025-02-27,-1.273093207
2025-02-28,1.913213226
2025-03-03,-1.575418037
2025-03-04,-0.8822575852
2025-03-05,-0.0805159503
2025-03-06,-0.1739231384
2025-03-07,1.589241845
2025-03-10,-4.847932629
2025-03-11,-2.918933838
2025-03-12,-1.747870062
2025-03-13,-3.364376945
2025-03-14,1.817050243
2025-03-17,0.2388954162
2025-03-18,-0.6121533599
2025-03-19,1.198922559
2025-03-20,-0.5296268491
2025-03-21,1.947683927
2025-03-24,1.127015978
2025-03-25,1.368215786
2025-03-26,-0.9922107075
2025-03-27,1.047299952
2025-03-28,-2.658062509
2025-03-31,1.941284927
2025-04-01,0.4771889202
2025-04-02,0.3136247575
2025-04-03,-9.245586827
2025-04-04,-7.288761111
2025-04-07,-3.673427749
2025-04-08,-4.981793805
2025-04-09,15.32882836
2025-04-10,-4.239393547
2025-04-11,4.059477142
2025-04-14,2.205407063
2025-04-15,-0.1876471816
2025-04-16,-3.893346235
2025-04-17,1.394948478
2025-04-21,-1.939259091
2025-04-22,3.406462783
2025-04-23,2.433168832
2025-04-24,1.842643099
2025-04-25,0.4367052606
2025-04-28,0.410960353
2025-04-29,0.5091560956
2025-04-30,0.61075997
2025-05-01,0.3858885071
2025-05-02,-3.736134884
2025-05-05,-3.145892568
2025-05-06,-0.1910214844
2025-05-07,-1.138489532
2025-05-08,0.6318370185
2025-05-09,0.526587417
2025-05-12,6.314632902
2025-05-13,1.015225281
2025-05-14,-0.2817761477
2025-05-15,-0.4144647144
2025-05-16,-0.0898148531
2025-05-19,-1.173922287
2025-05-20,-0.9196451175
2025-05-21,-2.305880067
2025-05-22,-0.3612307203
2025-05-23,-3.024429679
2025-05-27,2.529809994
2025-05-28,0.1048949294
2025-05-29,-0.2344878068
2025-05-30,0.4500767131
2025-06-02,0.4231956651
2025-06-03,0.7784095834
2025-06-04,-0.2213628497
2025-06-05,-1.079791622
2025-06-06,1.639846743
2025-06-09,-1.211298754
2025-06-10,0.6056434276
2025-06-11,-1.919381324
2025-06-12,0.2112990392
2025-06-13,-1.380535598
2025-06-16,1.00278714
2025-06-17,-1.401054158
2025-06-18,0.4804852619
2025-06-20,2.248427552
2025-06-23,0.2487587061
2025-06-24,-0.5955194913
2025-06-25,0.6290365141
2025-06-26,-0.2778297078
2025-06-27,0.0397933943
2025-06-30,2.034052794
2025-07-01,1.291585204
2025-07-02,2.223088245
2025-07-03,0.5224715753
2025-07-07,-1.685748541
2025-07-08,0.02857276867
2025-07-09,0.5380385349
2025-07-10,0.6015008252
2025-07-11,-0.5884904699
2025-07-14,-1.202840144
2025-07-15,0.2348559797
2025-07-16,0.5021522872
2025-07-17,-0.06665098408
2025-07-18,0.5523185994
2025-07-21,0.6156138867
2025-07-22,0.9036309811
2025-07-23,-0.1166056143
2025-07-24,-0.1821509009
2025-07-25,0.05617401818
2025-07-28,0.07944513376
2025-07-29,-1.298748852
2025-07-30,-1.050777679
2025-07-31,-0.7079735345
2025-08-01,-2.500343706
2025-08-04,0.4792792292
2025-08-05,-0.2114423989
2025-08-06,5.0906687
2025-08-07,3.179372013
2025-08-08,4.235798507
2025-08-11,-0.8337462634
2025-08-12,1.087239373
2025-08-13,1.602413935
2025-08-14,-0.2356851085
2025-08-15,-0.5112034884
2025-08-18,-0.3022913031
2025-08-19,-0.1429315398
2025-08-20,-1.973432751
2025-08-21,-0.4911221424
2025-08-22,1.271643126
2025-08-25,-0.2633948186
2025-08-26,0.9464307807
2025-08-27,0.5146061121
2025-08-28,0.8980947276
2025-08-29,-0.1806182972
2025-09-02,-1.042477353
2025-09-03,3.808987021
2025-09-04,0.5493444022
2025-09-05,-0.03754748375
2025-09-08,-0.7551260888
2025-09-09,-1.483938069
2025-09-10,-3.22595428
2025-09-11,1.4286454
2025-09-12,1.756279032
2025-09-15,1.123586833
2025-09-16,0.6126054155
2025-09-17,0.3527153264
2025-09-18,-0.4644484239
2025-09-19,3.203314705
2025-09-22,4.309546539
2025-09-23,-0.6443192396
2025-09-24,-0.8332360265
2025-09-25,1.807293618
2025-09-26,-0.5489116716
2025-09-29,-0.4031906359
2025-09-30,0.07862131431
2025-10-01,0.3220034932
2025-10-02,0.6576956958
2025-10-03,0.3461188202
2025-10-06,-0.5154619124
2025-10-07,-0.08183923615
2025-10-08,0.6160384447
2025-10-09,-1.557775615
2025-10-10,-3.452203631
2025-10-13,0.9744347955
2025-10-14,0.04441769656
2025-10-15,0.6336433765
2025-10-16,-0.7579834822
2025-10-17,1.955955906
2025-10-20,3.943841837
2025-10-21,0.2021243534
2025-10-22,-1.644023042
2025-10-23,0.437205921
2025-10-24,1.248179794
2025-10-27,2.279143961
2025-10-28,0.07068161647
2025-10-29,0.2602141711
2025-10-30,0.6303138656
2025-10-31,-0.3795102905
2025-11-03,-0.4882043576
2025-11-04,0.367940288
2025-11-05,0.03705684639
2025-11-06,-0.136988948
2025-11-07,-0.4818862917
2025-11-10,0.4548718997
2025-11-11,2.16011546
2025-11-12,-0.6466965
2025-11-13,-0.1901164385
2025-11-14,-0.197862599
2025-11-17,-1.817090924
2025-11-18,-0.007498106728
2025-11-19,0.4188006629
2025-11-20,-0.8601692859
2025-11-21,1.968084626
2025-11-24,1.631745539
2025-11-25,0.3805270177
2025-11-26,0.2094359493
2025-11-28,0.4683583541
2025-12-01,1.524130417
2025-12-02,1.091482884
2025-12-03,-0.712826426
2025-12-04,-1.214135436
2025-12-05,-0.6840086019
2025-12-08,-0.3192539328
2025-12-09,-0.2554706072
2025-12-10,0.5772216667
2025-12-11,-0.2690063275
2025-12-12,0.08991064116
2025-12-15,-1.498497791
2025-12-16,0.1823929027
2025-12-17,-1.008673998
2025-12-18,0.128733787
2025-12-19,0.5437443429
2025-12-22,-0.9866004512
2025-12-23,0.5129990852
2025-12-24,0.5323600153
2025-12-26,-0.1497436341
2025-12-29,0.1317035493
2025-12-30,-0.2484095307
2025-12-31,-0.4467598619
2026-01-02,-0.3126636717
2026-01-05,-1.383705369
2026-01-06,-1.833421189
2026-01-07,-0.7737500564
2026-01-08,-0.4955256327
2026-01-09,0.1273918389
2026-01-12,0.3392793561
2026-01-13,0.3074243817
2026-01-14,-0.4175670869
2026-01-15,-0.673161448
2026-01-16,-1.037943902
2026-01-20,-3.455551662
2026-01-21,0.3850745213
2026-01-22,0.2826570982
2026-01-23,-0.1248002429
2026-01-26,2.971297268
2026-01-27,1.119753828
2026-01-28,-0.7085482758
2026-01-29,0.7175146699
2026-01-30,0.4645955084
2026-02-02,4.058110579
2026-02-03,-0.1962662983
2026-02-04,2.601279635
2026-02-05,-0.2097632765
2026-02-06,0.8009856048
2026-02-09,-1.166044742
2026-02-10,-0.3422818596
2026-02-11,0.664988973
2026-02-12,-4.998160062
2026-02-13,-2.273372737
2026-02-17,3.16679611
2026-02-18,0.1781254235
2026-02-19,-1.426145534
2026-02-20,1.535047083
2026-02-23,0.6047131352
2026-02-24,2.239093012
2026-02-25,0.7679956062
2026-02-26,-0.4667542189
2026-02-27,-3.213050688
2026-03-02,0.2043916523
2026-03-03,-0.3663976773
2026-03-04,-0.4663852428
2026-03-05,-0.8494487551
2026-03-06,-1.087226351
2026-03-09,0.9399170588
2026-03-10,0.3655889938
2026-03-11,-0.007681512213
2026-03-12,-1.936273888
2026-03-13,-2.205210721
2026-03-16,1.079485922
2026-03-17,0.5577137658
2026-03-18,-1.687425698
2026-03-19,-0.3921123807
2026-03-20,-0.3896320767
2026-03-23,1.411361505
2026-03-24,0.05963145609
2026-03-25,0.3894635054
2026-03-26,0.106872348
2026-03-27,-1.617298402
2026-03-30,-0.8722128808
2026-03-31,2.903157147
2026-04-01,0.7250000888
2026-04-02,0.1134517307
2026-04-06,1.148811125
2026-04-07,-2.07063575
2026-04-08,2.130185372
2026-04-09,0.6141492686
2026-04-10,-0.003845769269
2026-04-13,-0.4913928374
2026-04-14,-0.1427697407
2026-04-15,2.936305414
2026-04-16,-1.137258352
2026-04-17,2.593001657
2026-04-20,1.043564267
2026-04-21,-2.519705493
2026-04-22,2.629924899
2026-04-23,0.09516530893
2026-04-24,-0.866774699
2026-04-27,-1.272761073
2026-04-28,1.158410427
2026-04-29,-0.1994983492
2026-04-30,0.4367628306
2026-05-01,3.239380566
2026-05-04,-1.181550631
2026-05-05,2.655056201
2026-05-06,1.171768419
2026-05-07,-0.02432074392
2026-05-08,2.045635142
2026-05-11,-0.1262647393
2026-05-12,0.7243497369
2026-05-13,1.380599295
2026-05-14,-0.2208547867
2026-05-15,0.6773887157
2026-05-18,-0.796076158
2026-05-19,0.3794231733
2026-05-20,1.097075314
2026-05-21,0.9065546981
2026-05-22,1.255778939
2026-05-26,-0.1586756803
2026-05-27,0.8172969085
2026-05-28,0.5340294885
2026-05-29,-0.1439914784
2026-06-01,-1.842611928
2026-06-02,2.902308803
2026-06-03,-1.567276879
2026-06-04,0.3126526246
2026-06-05,-1.249864131
2026-06-08,-1.887159888
2026-06-09,-3.644647076
2026-06-10,0.3544958381
2026-06-11,1.389015226
2026-06-12,-1.522199046
2026-06-15,1.817077954
2026-06-16,0.951329092
2026-06-17,-1.099430367
2026-06-18,0.6960550567
2026-06-22,-0.3355463518
2026-06-23,-0.912438952
2026-06-24,-0.4145604231
2026-06-25,-6.117767668
2026-06-26,3.136484319
2026-06-29,-0.7188870529
2026-06-30,2.70464502
2026-07-01,1.734837209
2026-07-02,4.840709586
2026-07-06,1.305761598
2026-07-07,-0.6396799392
2026-07-08,0.8787589125
2026-07-09,0.9030406563
2026-07-10,-0.284604246
2026-07-13,0.6311095791
2026-07-14,-0.772119055
2026-07-15,4.014479859
2026-07-16,1.758767402
2026-07-17,0.1440357891
2026-07-20,-2.142374744
2026-07-21,0.3521206612
2026-07-22,-0.564470026
2026-07-23,-1.297997722
2026-07-24,3.531676244
2026-07-27,1.168113773
2026-07-28,0.9408837332
2026-07-29,-0.5557306653
2026-07-30,-1.407493254
2026-07-31,-7.353875682
2026-08-03,-1.777226693
2026-08-04,1.964286009
2026-08-05,0.5236266043
2026-08-06,0.4533810486
2026-08-07,0.29448249
2026-08-10,-1.533252412
2026-08-11,-1.086744956
2026-08-12,-0.8723885737
2026-08-13,0.9958643507
2026-08-14,0.2194850292
2026-08-17,-0.1111365345
2026-08-18,1.452927125
2026-08-19,2.193336129
2026-08-20,-1.745415523
2026-08-21,-0.6264053967
2026-08-24,0.3200258607
2026-08-25,-0.1417799832
2026-08-26,1.145530816
2026-08-27,0.3605040676
2026-08-28,1.627566915
2026-08-31,-0.8914607444
