date,log_return_pct
2006-10-03,-0.1178041446
2006-10-04,-0.1100758848
2006-10-05,-0.1338266751
2006-10-06,-0.794831873
2006-10-09,0.05159856432
2006-10-10,-0.5092106321
2006-10-11,-0.111736314
2006-10-12,0.2392822677
2006-10-13,-0.3471463694
2006-10-16,0.1876884923
2006-10-17,0.1196172391
2006-10-18,-0.1196172391
2006-10-19,0.7551705205
2006-10-20,-0.07129842653
2006-10-23,-0.5443325517
2006-10-24,0.09557184544
2006-10-25,0.3694805657
2006-10-26,0.6403690157
2006-10-27,0.3539965937
2006-10-30,-0.03927112837
2006-10-31,0.2706573916
2006-11-01,-0.050937446
2006-11-02,0.1409940311
2006-11-03,-0.4628911451
2006-11-06,0.04717166643
2006-11-07,0.3844046469
2006-11-08,-0.09400337538
2006-11-09,0.5081311746
2006-11-10,0.1713996758
2006-11-13,-0.3430936345
2006-11-14,0.1482984974
2006-11-15,0.03119273235
2006-11-16,-0.2341830039
2006-11-17,0.2341830039
2006-11-20,-0.0858034374
2006-11-21,0.2610814927
2006-11-22,0.6980560417
2006-11-24,1.152706224
2006-11-27,0.3546576317
2006-11-28,0.4785061538
2006-11-29,-0.3947922981
2006-11-30,0.7427371293
2006-12-01,0.7035261613
2006-12-04,-0.07125579255
2006-12-05,-0.01500769147
2006-12-06,-0.3006277864
2006-12-07,-0.007527286417
2006-12-08,-0.611599611
2006-12-11,0.2647305078
2006-12-12,0.3092241698
2006-12-13,-0.5020299305
2006-12-14,-0.4855483327
2006-12-15,-0.4917386546
2006-12-18,0.1222073858
2006-12-19,0.6922285363
2006-12-20,-0.1517278294
2006-12-21,-0.02277904338
2006-12-22,-0.1634018338
2006-12-26,-0.3963117755
2006-12-27,0.2174038273
2006-12-28,0.1522823609
2006-12-29,0.4100077875
2007-01-03,-0.2807498619
2007-01-04,-0.5944459832
2007-01-05,-0.605690727
2007-01-08,0.1306486506
2007-01-09,-0.1691072312
2007-01-10,-0.4549317739
2007-01-11,-0.3561340039
2007-01-12,0.1859672769
2007-01-16,-0.01548407079
2007-01-17,0.1547329232
2007-01-18,0.2200815576
2007-01-19,-0.003856908688
2007-01-22,-0.1157764872
2007-01-23,0.6005792836
2007-01-24,-0.507947373
2007-01-25,-0.1776199401
2007-01-26,-0.1818076821
2007-01-29,0.2976825503
2007-01-30,0.1041727046
2007-01-31,0.5192419212
2007-02-01,-0.1151543195
2007-02-02,-0.4079439155
2007-02-05,-0.2935158327
2007-02-06,0.4091406047
2007-02-07,0.2385350469
2007-02-08,0.2187974694
2007-02-09,-0.2726105088
2007-02-12,-0.3157735218
2007-02-13,0.5615399371
2007-02-14,0.7032324032
2007-02-15,0.1141900246
2007-02-16,-0.03043792589
2007-02-20,-0.007610929298
2007-02-21,0.003805537057
2007-02-22,-0.1256592515
2007-02-23,0.3271457574
2007-02-26,0.1366275973
2007-02-27,0.3974342369
2007-02-28,-0.01888966552
2007-03-01,-0.3633752437
2007-03-02,0.05686449345
2007-03-05,-0.7494091183
2007-03-06,0.2212221514
2007-03-07,0.4371882498
2007-03-08,-0.361018082
2007-03-09,-0.1447729604
2007-03-12,0.5854194473
2007-03-13,0
2007-03-14,0.2649710082
2007-03-15,0.06802207201
2007-03-16,0.5763270496
2007-03-19,-0.1089836445
2007-03-20,0.1577998524
2007-03-21,0.5242083371
2007-03-22,-0.3891492282
2007-03-23,-0.3530387502
2007-03-26,0.2892835679
2007-03-27,0.1724202983
2007-03-28,-0.3000527343
2007-03-29,0.1763900553
2007-03-30,0.1798224738
2007-04-02,0.06360966333
2007-04-03,-0.2771848799
2007-04-04,0.3033653382
2007-04-05,0.3956114736
2007-04-09,-0.477916005
2007-04-10,0.5449401362
2007-04-11,-0.02605960218
2007-04-12,0.4272637512
2007-04-13,0.3257211304
2007-04-16,0.09603310186
2007-04-17,0.1954746413
2007-04-18,0.1583123501
2007-04-19,0.1029525406
2007-04-20,-0.09191684012
2007-04-23,-0.12145974
2007-04-24,0.4226315987
2007-04-25,0.02566782186
2007-04-26,-0.2569751781
2007-04-27,0.3485922253
2007-04-30,-0.02564431351
2007-05-01,-0.2568054827
2007-05-02,-0.1323286354
2007-05-03,-0.276248357
2007-05-04,0.2983152935
2007-05-07,0.05514604651
2007-05-08,-0.4530978595
2007-05-09,-0.1182164237
2007-05-10,-0.2887393729
2007-05-11,0.3109156001
2007-05-14,0.1034240849
2007-05-15,0.3317119362
2007-05-16,-0.5312685434
2007-05-17,-0.1628966337
2007-05-18,0.1221973454
2007-05-21,-0.3076298269
2007-05-22,-0.141159013
2007-05-23,0.08917624044
2007-05-24,-0.2714916966
2007-05-25,0.1525723619
2007-05-29,0.02230815
2007-05-30,-0.1339236092
2007-05-31,0.1748089635
2007-06-01,-0.06319350432
2007-06-04,0.3378068064
2007-06-05,0.2036170483
2007-06-06,-0.1036077799
2007-06-07,-0.5717695832
2007-06-08,-0.4515522759
2007-06-11,-0.1085268523
2007-06-12,-0.3225325328
2007-06-13,-0.01502686054
2007-06-14,0.003756926834
2007-06-15,0.528318669
2007-06-18,0.2314297412
2007-06-19,0.1266860591
2007-06-20,-0.1565178824
2007-06-21,-0.1343534444
2007-06-22,0.5808990455
2007-06-25,-0.01485277193
2007-06-26,-0.02228329505
2007-06-27,-0.096618365
2007-06-28,-0.0892691151
2007-06-29,0.7267096606
2007-07-02,0.6407445695
2007-07-03,-0.02569797551
2007-07-05,-0.13594197
2007-07-06,0.1836615268
2007-07-09,-0.02202158124
2007-07-10,0.7897375695
2007-07-11,0.1782888387
2007-07-12,0.1961140995
2007-07-13,0.04715526866
2007-07-16,-0.07255578044
2007-07-17,0.02902862969
2007-07-18,0.07978530923
2007-07-19,0.03262110614
2007-07-20,0.2135863393
2007-07-23,-0.1954680996
2007-07-24,0.1158790642
2007-07-25,-0.7264570105
2007-07-26,0.2003023413
2007-07-27,-0.7632927879
2007-07-30,0.4024591997
2007-07-31,-0.0949806457
2007-08-01,-0.06946602842
2007-08-02,0.2082534868
2007-08-03,0.6366783372
2007-08-06,-0.02538945626
2007-08-07,-0.2542497374
2007-08-08,0.3412724776
2007-08-09,-0.8590305073
2007-08-10,0.1315164768
2007-08-13,-0.626249506
2007-08-14,-0.5341204336
2007-08-15,-0.6484506279
2007-08-16,-0.268016837
2007-08-17,0.5797979522
2007-08-20,-0.048188306
2007-08-21,-0.1484175257
2007-08-22,0.5480480298
2007-08-23,0.1623556683
2007-08-24,0.7785855924
2007-08-27,-0.1537673291
2007-08-28,-0.2788480985
2007-08-29,0.4728487816
2007-08-30,-0.3773658511
2007-08-31,0.01468159298
2007-09-04,-0.1101645235
2007-09-05,0.370404751
2007-09-06,0.2084362556
2007-09-07,0.5864051333
2007-09-10,0.2104118317
2007-09-11,0.2714295136
2007-09-12,0.5047056389
2007-09-13,-0.133139042
2007-09-14,-0.06123147489
2007-09-17,-0.07208506349
2007-09-18,0.7399990662
2007-09-19,-0.07160502973
2007-09-20,0.7635259014
2007-09-21,0.1633639116
2007-09-24,-0.04259095007
2007-09-25,0.4321650368
2007-09-26,-0.1414877672
2007-09-27,0.1450223978
2007-09-28,0.7991452644
2007-10-01,-0.1614262001
2007-10-02,-0.584714593
2007-10-03,-0.4461131885
2007-10-04,0.3188552266
2007-10-05,-0.003537256151
2007-10-08,-0.6636760648
2007-10-09,0.4866535367
2007-10-10,0.2618821612
2007-10-11,0.2929189862
2007-10-12,-0.07755764332
2007-10-15,0.1550551814
2007-10-16,-0.2467918331
2007-10-17,0.169294295
2007-10-18,0.7478048435
2007-10-19,0.003497665309
2007-10-22,-0.9135371497
2007-10-23,0.6473653119
2007-10-24,0.02805147464
2007-10-25,0.3499811083
2007-10-26,0.553960131
2007-10-29,0.2602406091
2007-10-30,0.0588938369
2007-10-31,0.3422825614
2007-11-01,-0.3526730714
2007-11-02,0.5388800218
2007-11-05,-0.2898052744
2007-11-06,0.5684671904
2007-11-07,0.5447550945
2007-11-08,0.3104480105
2007-11-09,-0.06814774695
2007-11-12,-0.8901729556
2007-11-13,0.4358052983
2007-11-14,0.2872091419
2007-11-15,-0.1776988473
2007-11-16,0.2050091264
2007-11-19,0.1159855489
2007-11-20,0.983859205
2007-11-21,0.370670326
2007-11-23,-0.2222372792
2007-11-26,0.3197310254
2007-11-27,-0.3264732045
2007-11-28,-0.02697326292
2007-11-29,-0.5952599847
2007-11-30,-0.7490926785
2007-12-03,0.259412372
2007-12-04,0.6320532119
2007-12-05,-1.035114285
2007-12-06,0.1265584818
2007-12-07,0.1878319627
2007-12-10,0.4153904509
2007-12-11,-0.4290390673
2007-12-12,0.3746598388
2007-12-13,-0.5659363257
2007-12-14,-1.383938365
2007-12-17,-0.222106633
2007-12-18,0.08334780826
2007-12-19,-0.1911083123
2007-12-20,-0.3728422181
2007-12-21,0.2475550854
2007-12-24,0.3337508313
2007-12-26,0.5848475826
2007-12-27,0.8178739749
2007-12-28,0.7229357999
2007-12-31,-0.8085331893
2008-01-02,0.8968364147
2008-01-03,0.1526484803
2008-01-04,0.01694656751
2008-01-07,-0.3768912666
2008-01-08,0.07141278592
2008-01-09,-0.268913446
2008-01-10,0.8823187414
2008-01-11,-0.1453857203
2008-01-14,0.6408116364
2008-01-15,-0.3064027044
2008-01-16,-1.156591997
2008-01-17,0
2008-01-18,-0.2732895494
2008-01-22,0.02052264339
2008-01-23,0.09571668594
2008-01-24,0.9453923368
2008-01-25,-0.6826428724
2008-01-28,0.7570778467
2008-01-29,-0.06428148745
2008-01-30,0.7249951669
2008-01-31,-0.1042104473
2008-02-01,-0.4550902021
2008-02-04,0.2025180427
2008-02-05,-1.296427579
2008-02-06,-0.09910972941
2008-02-07,-1.024169519
2008-02-08,0.265641058
2008-02-11,0.06888238605
2008-02-12,0.4294432435
2008-02-13,-0.09946666115
2008-02-14,0.4519472205
2008-02-15,0.283136521
2008-02-19,0.3264864824
2008-02-20,-0.125707119
2008-02-21,0.7383856878
2008-02-22,0.09444463885
2008-02-25,-0.03371998953
2008-02-26,0.9398880912
2008-02-27,1.122935388
2008-02-28,0.5272014583
2008-02-29,-0.2171339187
2008-03-03,0.1842651306
2008-03-04,0.009861770853
2008-03-05,0.3511020653
2008-03-06,0.7375531118
2008-03-07,-0.2083130656
2008-03-10,0.0423487261
2008-03-11,-0.2315080024
2008-03-12,1.548359516
2008-03-13,0.3433397138
2008-03-14,0.3900385392
2008-03-17,0.4870061986
2008-03-18,-0.6946242561
2008-03-19,-0.1792172528
2008-03-20,-1.244133884
2008-03-24,0.03242752477
2008-03-25,1.208503131
2008-03-26,1.421711843
2008-03-27,-0.3606685762
2008-03-28,0.1836605963
2008-03-31,-0.1171238323
2008-04-01,-1.19487155
2008-04-02,0.5402567366
2008-04-03,-0.130800293
2008-04-04,0.4332182738
2008-04-07,-0.1590533482
2008-04-08,0.01273358166
2008-04-09,0.7231469237
2008-04-10,-0.49739525
2008-04-11,0.5321520319
2008-04-14,-0.09481969167
2008-04-15,-0.1582328885
2008-04-16,1.067945318
2008-04-17,-0.471135993
2008-04-18,-0.4638768791
2008-04-21,0.743685283
2008-04-22,0.3478809432
2008-04-23,-0.5804757361
2008-04-24,-1.346427019
2008-04-25,-0.5372746302
2008-04-28,0.3073674497
2008-04-29,-0.4774655378
2008-04-30,0.3110921192
2008-05-01,-1.007330104
2008-05-02,-0.2947800194
2008-05-05,0.4886662044
2008-05-06,0.2321682972
2008-05-07,-0.7597715215
2008-05-08,-0.05843397128
2008-05-09,0.5505195251
2008-05-12,0.3449557719
2008-05-13,-0.3772555138
2008-05-14,-0.1034293379
2008-05-15,0
2008-05-16,0.8565224955
2008-05-19,-0.5594510122
2008-05-20,1.004130792
2008-05-21,0.7980076367
2008-05-22,-0.498405819
2008-05-23,0.4096999681
2008-05-27,-0.508405658
2008-05-28,-0.3222669945
2008-05-29,-0.9150075879
2008-05-30,0.3541536219
2008-06-02,-0.1157668072
2008-06-03,-0.5032106357
2008-06-04,-0.1747799513
2008-06-05,1.056949227
2008-06-06,1.096635046
2008-06-09,-0.9108923419
2008-06-10,-1.100255598
2008-06-11,0.6577486232
2008-06-12,-0.8812051664
2008-06-13,-0.3930682209
2008-06-16,0.7555281647
2008-06-17,0.241986341
2008-06-18,0.1030695489
2008-06-19,-0.1901171888
2008-06-20,0.7999143155
2008-06-23,-0.6613186221
2008-06-24,0.3119424954
2008-06-25,0.6560758335
2008-06-26,0.5661952908
2008-06-27,0.1648021163
2008-06-30,-0.2790551993
2008-07-01,0.2347121098
2008-07-02,0.6001281435
2008-07-03,-1.146525513
2008-07-07,0.1432414181
2008-07-08,-0.4143696363
2008-07-09,0.5192830924
2008-07-10,0.2792322931
2008-07-11,0.91157759
2008-07-14,-0.07852869056
2008-07-15,-0.08173530791
2008-07-16,-0.5139454172
2008-07-17,0.09794784271
2008-07-18,0.03157562388
2008-07-21,0.3844219506
2008-07-22,-0.7639890677
2008-07-23,-0.5656914596
2008-07-24,-0.006374298829
2008-07-25,0.07009494966
2008-07-28,0.2830655644
2008-07-29,-1.002274661
2008-07-30,-0.0609707199
2008-07-31,0.1475494237
2008-08-01,-0.3789343006
2008-08-04,0.2795227446
2008-08-05,-0.7730004994
2008-08-06,-0.3141245155
2008-08-07,-0.6018529155
2008-08-08,-2.013877985
2008-08-11,-0.7620103046
2008-08-12,0.1207041219
2008-08-13,0.04355181898
2008-08-14,-0.8037303872
2008-08-15,-0.9158194394
2008-08-18,0.1940393113
2008-08-19,0.5731063383
2008-08-20,-0.2912294642
2008-08-21,0.998827268
2008-08-22,-0.7921701266
2008-08-25,-0.1388536334
2008-08-26,-0.7347221731
2008-08-27,0.5175889241
2008-08-28,-0.1699640086
2008-08-29,-0.177069546
2008-09-02,-1.131078689
2008-09-03,-0.003447027801
2008-09-04,-1.262678078
2008-09-05,-0.6162916068
2008-09-08,-0.6413214835
2008-09-09,-0.2973874598
2008-09-10,-0.5617792552
2008-09-11,-0.5040135064
2008-09-12,1.870938717
2008-09-15,0.6939847698
2008-09-16,-1.251246467
2008-09-17,1.523317512
2008-09-18,-0.345447593
2008-09-19,1.191793262
2008-09-22,2.459825516
2008-09-23,-0.8732793109
2008-09-24,-0.6001313746
2008-09-25,0.04786979507
2008-09-26,-0.0957625163
2008-09-29,-1.104451351
2008-09-30,-2.618400232
2008-10-01,-0.494883075
2008-10-02,-1.543001822
2008-10-03,0.06884432397
2008-10-06,-2.108423638
2008-10-07,0.744484329
2008-10-08,0.348221674
2008-10-09,-0.4069890304
2008-10-10,-1.446967608
2008-10-13,1.358751768
2008-10-14,0.4146718846
2008-10-15,-1.189898182
2008-10-16,-0.1854668731
2008-10-17,-0.4689078593
2008-10-20,-0.5573545765
2008-10-21,-2.011926844
2008-10-22,-1.784037741
2008-10-23,0.5284849481
2008-10-24,-2.444169453
2008-10-27,-0.3819987933
2008-10-28,1.251947733
2008-10-29,1.879930559
2008-10-30,-0.1391950115
2008-10-31,-1.39486404
2008-11-03,-0.7996733639
2008-11-04,2.780936214
2008-11-05,-0.6367113293
2008-11-06,-1.572377843
2008-11-07,0.3846460508
2008-11-10,-0.188213207
2008-11-11,-1.698075594
2008-11-12,-0.3639348935
2008-11-13,2.929542305
2008-11-14,-1.245024304
2008-11-17,-0.3393846983
2008-11-18,-0.2533149979
2008-11-19,-0.687971218
2008-11-20,-0.4559460764
2008-11-21,0.834319524
2008-11-24,2.527904754
2008-11-25,1.282488549
2008-11-26,-1.23211169
2008-11-28,-1.569670274
2008-12-01,-0.8973633636
2008-12-02,0.9012987447
2008-12-03,0.03934529481
2008-12-04,0.623519206
2008-12-05,-0.5841893856
2008-12-08,1.757884411
2008-12-09,-0.112109802
2008-12-10,0.7629506799
2008-12-11,2.329568887
2008-12-12,0.3294772534
2008-12-15,2.444369227
2008-12-16,3.025090565
2008-12-17,1.830474
2008-12-18,-1.061944517
2008-12-19,-2.237309229
2008-12-22,0.1507213377
2008-12-23,0.05377404277
2008-12-24,0.1253604276
2008-12-26,0.6529091821
2008-12-29,-0.6385922773
2008-12-30,0.7310104405
2008-12-31,-0.7417479269
2009-01-02,-0.8374866986
2009-01-05,-2.019902421
2009-01-06,-0.4096626939
2009-01-07,0.8103175094
2009-01-08,0.6982170896
2009-01-09,-2.172717668
2009-01-12,-0.3954048721
2009-01-13,-1.426686599
2009-01-14,-0.2087406113
2009-01-15,-0.04180046041
2009-01-16,1.017233525
2009-01-20,-3.110444852
2009-01-21,1.050162155
2009-01-22,-0.09990778575
2009-01-23,-0.1461988564
2009-01-26,1.444868802
2009-01-27,0.1137829145
2009-01-28,-0.3911966857
2009-01-29,-1.340862138
2009-01-30,-1.241866317
2009-02-02,0.3080224679
2009-02-03,1.526039389
2009-02-04,-1.452099355
2009-02-05,-0.4366478673
2009-02-06,0.999133591
2009-02-09,0.6669904245
2009-02-10,-0.9924585719
2009-02-11,0.06983240507
2009-02-12,-0.2990699994
2009-02-13,0.2641598926
2009-02-17,-2.204443063
2009-02-18,-0.425270409
2009-02-19,0.8210910651
2009-02-20,1.408225362
2009-02-23,-1.073005282
2009-02-24,1.146985622
2009-02-25,-1.032873032
2009-02-26,0.1964405613
2009-02-27,-0.4918268457
2009-03-02,-0.8039169685
2009-03-03,0.08346416494
2009-03-04,0.4162790716
2009-03-05,-0.6429869344
2009-03-06,0.6311172634
2009-03-09,-0.2376897684
2009-03-10,0.5340096945
2009-03-11,1.36355063
2009-03-12,0.6168668084
2009-03-13,-0.1044831084
2009-03-16,0.316981981
2009-03-17,0.4543887059
2009-03-18,3.614533138
2009-03-19,1.325205288
2009-03-20,-0.7782711824
2009-03-23,0.598925198
2009-03-24,-1.468769485
2009-03-25,1.094402168
2009-03-26,-0.5974790954
2009-03-27,-1.622231693
2009-03-30,-0.7737201513
2009-03-31,0.6646299153
2009-04-01,-0.3997591687
2009-04-02,1.582097932
2009-04-03,0.3342000883
2009-04-06,-0.6023666611
2009-04-07,-1.049760324
2009-04-08,-0.08672209883
2009-04-09,-0.7154920645
2009-04-13,1.620475616
2009-04-14,-0.7504444059
2009-04-15,-0.4000307244
2009-04-16,-0.405434123
2009-04-17,-1.095660811
2009-04-20,-0.7706870253
2009-04-21,0.1043901968
2009-04-22,0.4357137356
2009-04-23,1.109592039
2009-04-24,0.7732290354
2009-04-27,-1.598511678
2009-04-28,0.8481102181
2009-04-29,0.7956998636
2009-04-30,-0.1321777416
2009-05-01,0.2641810043
2009-05-04,1.023688562
2009-05-05,-0.5874336388
2009-05-06,0.05627356604
2009-05-07,0.3967665034
2009-05-08,1.78457161
2009-05-11,-0.3087216242
2009-05-12,0.4040854811
2009-05-13,-0.4188103109
2009-05-14,0.4041448663
2009-05-15,-1.080135103
2009-05-18,0.4622361933
2009-05-19,0.6178989096
2009-05-20,0.9669667214
2009-05-21,0.9792840289
2009-05-22,0.6987647804
2009-05-26,-0.153667501
2009-05-27,-0.5882580901
2009-05-28,0.3196669568
2009-05-29,1.385325123
2009-06-01,0.1343041129
2009-06-02,1.158802208
2009-06-03,-1.187061772
2009-06-04,0.211752329
2009-06-05,-1.549041526
2009-06-08,-0.3946335035
2009-06-09,1.214777881
2009-06-10,-0.6162634162
2009-06-11,0.8007587675
2009-06-12,-0.761461123
2009-06-15,-1.464397335
2009-06-16,0.3076090366
2009-06-17,0.8240569132
2009-06-18,-0.44537104
2009-06-19,0.3916008525
2009-06-22,-0.5825678156
2009-06-23,1.538932383
2009-06-24,-0.9707081682
2009-06-25,0.3329577213
2009-06-26,0.5738027398
2009-06-29,0.07815275709
2009-06-30,-0.3664245726
2009-07-01,0.8057832499
2009-07-02,-1.016283354
2009-07-06,-0.1429643905
2009-07-07,-0.491207671
2009-07-08,-0.2230938999
2009-07-09,1.092711276
2009-07-10,-0.600409223
2009-07-13,0.3435322756
2009-07-14,-0.4152502835
2009-07-15,1.205177534
2009-07-16,0.2477877374
2009-07-17,-0.2974190487
2009-07-20,0.8896164859
2009-07-21,-0.1934883016
2009-07-22,0.1020677607
2009-07-23,-0.1372877097
2009-07-24,0.1478405
2009-07-27,0.1722047905
2009-07-28,-0.4786887462
2009-07-29,-0.9714321589
2009-07-30,0.2170857985
2009-07-31,1.324288798
2009-08-03,1.112886296
2009-08-04,-0.1006612487
2009-08-05,0.1284120467
2009-08-06,-0.4170727581
2009-08-07,-1.300563439
2009-08-10,-0.2154678427
2009-08-11,0.07776325018
2009-08-12,0.4266203033
2009-08-13,0.5123537317
2009-08-14,-0.6637542148
2009-08-17,-0.7533591787
2009-08-18,0.3190134564
2009-08-19,0.7474561472
2009-08-20,0.1614488628
2009-08-21,0.5490772184
2009-08-24,-0.2933987435
2009-08-25,0.1363279072
2009-08-26,-0.4095425505
2009-08-27,0.7234378975
2009-08-28,-0.4012636449
2009-08-31,0.2444391342
2009-09-01,-0.8300256034
2009-09-02,0.3861008657
2009-09-03,-0.1402278933
2009-09-04,0.3606888508
2009-09-08,1.357494764
2009-09-09,0.3682991858
2009-09-10,0.2299285489
2009-09-11,-0.02742637749
2009-09-14,0.263667179
2009-09-15,0.3720585249
2009-09-16,0.3740737546
2009-09-17,0.01357635002
2009-09-18,-0.2038390378
2009-09-21,-0.1769972211
2009-09-22,0.8379605629
2009-09-23,-0.3892701878
2009-09-24,-0.5850555822
2009-09-25,0.08525004353
2009-09-28,-0.4338253401
2009-09-29,-0.2296290958
2009-09-30,0.4211541723
2009-10-01,-0.7820847328
2009-10-02,0.3506363166
2009-10-05,0.5577908208
2009-10-06,0.4460417004
2009-10-07,-0.2517179368
2009-10-08,0.6721002897
2009-10-09,-0.4815527483
2009-10-12,0.4883186481
2009-10-13,0.3242260262
2009-10-14,0.6051048819
2009-10-15,0.1205828316
2009-10-16,-0.2815864554
2009-10-19,0.3250945469
2009-10-20,-0.08703512082
2009-10-21,0.4610920662
2009-10-22,0.1898323718
2009-10-23,-0.2131699838
2009-10-26,-0.8807974022
2009-10-27,-0.4788086161
2009-10-28,-0.5218758668
2009-10-29,0.7615667467
2009-10-30,-0.758169142
2009-11-02,0.33240652
2009-11-03,-0.3663877627
2009-11-04,1.037995559
2009-11-05,0.07397196128
2009-11-06,-0.1985028829
2009-11-09,0.9485733698
2009-11-10,-0.06006607449
2009-11-11,0.01668864008
2009-11-12,-0.9489868848
2009-11-13,0.5443378919
2009-11-16,0.3445568498
2009-11-17,-0.6768555528
2009-11-18,0.58999199
2009-11-19,-0.2710981127
2009-11-20,-0.3861592079
2009-11-23,0.7174016689
2009-11-24,-0.02672635569
2009-11-25,1.189066753
2009-11-27,-1.215800254
2009-11-30,0.3669606466
2009-12-01,0.4584725639
2009-12-02,-0.2588783391
2009-12-03,0.1859292013
2009-12-04,-1.527512696
2009-12-07,-0.219168932
2009-12-08,-0.74198643
2009-12-09,0.1868619634
2009-12-10,0
2009-12-11,-0.6948493504
2009-12-14,0.1639288643
2009-12-15,-0.7982638275
2009-12-16,-0.02064054498
2009-12-17,-1.32993579
2009-12-18,-0.03835893549
2009-12-21,-0.3458941659
2009-12-22,-0.2382788989
2009-12-23,0.5074110234
2009-12-24,0.2092123919
2009-12-28,0.1635778665
2009-12-29,-0.1914475757
2009-12-30,-0.09411765401
2009-12-31,-0.1500741927
2010-01-04,0.6683632636
2010-01-05,-0.3022987413
2010-01-06,0.3092374035
2010-01-07,-0.6229248797
2010-01-08,0.6506747152
2010-01-11,0.7188060116
2010-01-12,-0.2102687733
2010-01-13,0.1344850976
2010-01-14,-0.06894412352
2010-01-15,-0.827581378
2010-01-19,-0.5404005132
2010-01-20,-1.408226053
2010-01-21,-0.06029117272
2010-01-22,0.3293845617
2010-01-25,0.09895742105
2010-01-26,-0.5277244003
2010-01-27,-0.4163484832
2010-01-28,-0.3572325451
2010-01-29,-0.7760053312
2010-02-01,0.4892976123
2010-02-02,0.2365931703
2010-02-03,-0.4809427115
2010-02-04,-1.13249035
2010-02-05,-0.5509655811
2010-02-08,-0.0439158287
2010-02-09,0.8746730205
2010-02-10,-0.3635177946
2010-02-11,-0.3429158475
2010-02-12,-0.476191376
2010-02-16,1.095501188
2010-02-17,-1.176312241
2010-02-18,0.04408685181
2010-02-19,-0.1323189078
2010-02-22,0.04412575913
2010-02-23,-0.7305766389
2010-02-24,0.2441190737
2010-02-25,0.1734797888
2010-02-26,0.4268792822
2010-03-01,-0.4158163155
2010-03-02,0.3643929902
2010-03-03,0.6335973145
2010-03-04,-0.765950275
2010-03-05,0.2204910492
2010-03-08,0.07338911235
2010-03-09,-0.2313583228
2010-03-10,0.3816378343
2010-03-11,0.2195149603
2010-03-12,0.5902946743
2010-03-15,-0.6524416722
2010-03-16,0.7541156706
2010-03-17,-0.2689346002
2010-03-18,-0.9543557452
2010-03-19,-0.5378535714
2010-03-22,0.1218229288
2010-03-23,-0.3844310357
2010-03-24,-1.308475174
2010-03-25,-0.3232234933
2010-03-26,1.000101978
2010-03-29,0.4833441891
2010-03-30,-0.4945259107
2010-03-31,0.6872113373
2010-04-01,0.575838585
2010-04-05,-0.7759424093
2010-04-06,-0.5504942301
2010-04-07,-0.3849105072
2010-04-08,-0.03370344743
2010-04-09,1.080326406
2010-04-12,0.6573625858
2010-04-13,0.02944315652
2010-04-14,0.5065346317
2010-04-15,-0.558065846
2010-04-16,-0.5241798639
2010-04-19,-0.162981108
2010-04-20,-0.3342000883
2010-04-21,-0.3278569309
2010-04-22,-0.6326647214
2010-04-23,0.4533795727
2010-04-26,-0.0523521065
2010-04-27,-1.431555809
2010-04-28,0.1743877916
2010-04-29,0.3365415061
2010-04-30,0.5158435295
2010-05-03,-0.8940588064
2010-05-04,-1.458096751
2010-05-05,-1.413355311
2010-05-06,-1.516728486
2010-05-07,0.8044524632
2010-05-10,0.4467442182
2010-05-11,-0.8245040819
2010-05-12,-0.4346115099
2010-05-13,-0.7631500928
2010-05-14,-1.208243499
2010-05-17,0.02019019167
2010-05-18,-1.415060411
2010-05-19,1.439283262
2010-05-20,0.9961121847
2010-05-21,0.4864055519
2010-05-24,-1.530969306
2010-05-25,-0.3762977594
2010-05-26,-1.153866797
2010-05-27,1.364444343
2010-05-28,-0.7308193307
2010-06-01,-0.2815696296
2010-06-02,0.06127826652
2010-06-03,-0.7090338932
2010-06-04,-1.583649712
2010-06-07,-0.4061556928
2010-06-08,0.247239634
2010-06-09,0.3426091761
2010-06-10,1.272371435
2010-06-11,-0.392003638
2010-06-14,1.081491718
2010-06-15,0.9849088611
2010-06-16,-0.3488988894
2010-06-17,0.6764034781
2010-06-18,-0.1050080872
2010-06-21,-0.4495481722
2010-06-22,-0.3496933584
2010-06-23,0.2887883075
2010-06-24,0.1177163173
2010-06-25,0.4815970781
2010-06-28,-0.9084703759
2010-06-29,-0.6129974242
2010-06-30,0.2660936991
2010-07-01,2.331560049
2010-07-02,0.2473273959
2010-07-06,0.5602032966
2010-07-07,0.16626424
2010-07-08,0.390818254
2010-07-09,-0.3987293335
2010-07-12,-0.3844405583
2010-07-13,0.9721091332
2010-07-14,0.176806914
2010-07-15,1.515505173
2010-07-16,-0.03867275166
2010-07-19,0.1275633641
2010-07-20,-0.3948137507
2010-07-21,-0.9664923246
2010-07-22,0.9160607456
2010-07-23,0.2325492308
2010-07-26,0.6098050545
2010-07-27,0.06154556489
2010-07-28,-0.1269792579
2010-07-29,0.7021342176
2010-07-30,-0.35620621
2010-08-02,1.068630885
2010-08-03,0.4545118043
2010-08-04,-0.5076729979
2010-08-05,0.2011042435
2010-08-06,0.770309288
2010-08-09,-0.4939771352
2010-08-10,-0.3407932413
2010-08-11,-2.290483974
2010-08-12,-0.443407961
2010-08-13,-0.5746805237
2010-08-16,0.5278914247
2010-08-17,0.4591447755
2010-08-18,-0.1554062242
2010-08-19,-0.3115388633
2010-08-20,-0.8696388244
2010-08-23,-0.3586705459
2010-08-24,0.07499358959
2010-08-25,-0.1816602664
2010-08-26,0.6225885033
2010-08-27,0.03927421306
2010-08-30,-0.539403241
2010-08-31,0.04341733999
2010-09-01,1.040306161
2010-09-02,0.1521921817
2010-09-03,0.5638199052
2010-09-07,-1.582837149
2010-09-08,0.1653153175
2010-09-09,-0.07081596016
2010-09-10,0.05114988996
2010-09-13,1.281968624
2010-09-14,1.023866763
2010-09-15,0.03074676222
2010-09-16,0.5136078749
2010-09-17,-0.3139840227
2010-09-20,0.1877431154
2010-09-21,1.311980487
2010-09-22,1.18304574
2010-09-23,-0.5541010059
2010-09-24,1.294335383
2010-09-27,-0.1557748257
2010-09-28,0.7985550218
2010-09-29,0.3712215969
2010-09-30,0.02934487586
2010-10-01,1.068865625
2010-10-04,-0.6662443867
2010-10-05,1.075435449
2010-10-06,0.7201529035
2010-10-07,-0.17595839
2010-10-08,0.1257161495
2010-10-11,-0.4028492607
2010-10-12,0.3130681411
2010-10-13,0.2834336815
2010-10-14,0.8313015032
2010-10-15,-0.7024078226
2010-10-18,0.1287277586
2010-10-19,-1.893893521
2010-10-20,1.593270576
2010-10-21,-0.1829629741
2010-10-22,0.03231191799
2010-10-25,0.2903383942
2010-10-26,-0.8446755108
2010-10-27,-0.6227842564
2010-10-28,1.173531675
2010-10-29,-0.07541343076
2010-11-01,-0.2337836229
2010-11-02,1.017455845
2010-11-03,0.6643362444
2010-11-04,0.5895764726
2010-11-05,-1.207585898
2010-11-08,-0.8192222109
2010-11-09,-1.018132847
2010-11-10,0.003628776196
2010-11-11,-0.8783655562
2010-11-12,0.25227149
2010-11-15,-0.9133823564
2010-11-16,-0.5950528526
2010-11-17,0.1962781854
2010-11-18,0.8400005181
2010-11-19,0.4210224235
2010-11-22,-0.4577169785
2010-11-23,-1.867066645
2010-11-24,-0.3333523697
2010-11-26,-0.6134180492
2010-11-29,-0.9329557962
2010-11-30,-1.088008281
2010-12-01,1.198444515
2010-12-02,0.6562873274
2010-12-03,1.41169981
2010-12-06,-0.7333989842
2010-12-07,-0.3008991626
2010-12-08,-0.07913628812
2010-12-09,-0.1622366369
2010-12-10,-0.09822441288
2010-12-13,1.224658431
2010-12-14,-0.08964925332
2010-12-15,-1.20684962
2010-12-16,0.1436293099
2010-12-17,-0.4011661891
2010-12-20,-0.4522916815
2010-12-21,-0.2288243247
2010-12-22,0.02290600911
2010-12-23,0.1525727877
2010-12-27,0.3044489926
2010-12-28,-0.3082604766
2010-12-29,0.7745501552
2010-12-30,0.498001482
2010-12-31,0.6302541871
2011-01-03,-0.1459553785
2011-01-04,-0.4052994628
2011-01-05,-1.069892821
2011-01-06,-1.069937605
2011-01-07,-0.8139064005
2011-01-10,0.3441146319
2011-01-11,0.2120646242
2011-01-12,1.152673264
2011-01-13,1.650183769
2011-01-14,0.1683911562
2011-01-18,0.08595721355
2011-01-19,0.6479021771
2011-01-20,0.02226675583
2011-01-21,1.033639089
2011-01-24,0.220110878
2011-01-25,0.2744590309
2011-01-26,0.06210613041
2011-01-27,0.3354361989
2011-01-28,-0.9361926121
2011-01-31,0.6080604816
2011-02-01,1.010109599
2011-02-02,-0.155574481
2011-02-03,-1.271720821
2011-02-04,-0.3489892049
2011-02-07,-0.01472103639
2011-02-08,0.3527081326
2011-02-09,0.7344779332
2011-02-10,-1.017280436
2011-02-11,-0.3463270723
2011-02-14,-0.4438697874
2011-02-15,-0.0370782355
2011-02-16,0.6505770923
2011-02-17,0.2722792174
2011-02-18,0.5715766853
2011-02-22,-0.2340979159
2011-02-23,0.6824719469
2011-02-24,0.3847973674
2011-02-25,-0.3411610031
2011-02-28,0.337537749
2011-03-01,-0.2067427878
2011-03-02,0.6910927551
2011-03-03,0.6684420778
2011-03-04,0.1789293349
2011-03-07,-0.0858461261
2011-03-08,-0.5274217059
2011-03-09,0.03596734204
2011-03-10,-0.8269135533
2011-03-11,0.816124709
2011-03-14,0.6881500938
2011-03-15,-0.01428826579
2011-03-16,-0.7710138426
2011-03-17,0.9494705964
2011-03-18,1.046461368
2011-03-21,0.3698424462
2011-03-22,-0.1548151324
2011-03-23,-0.6854666088
2011-03-24,0.4951380584
2011-03-25,-0.6903293191
2011-03-28,0.1242566948
2011-03-29,0.07093456584
2011-03-30,0.1629588004
2011-03-31,0.3392349273
2011-04-01,0.3451193734
2011-04-04,-0.04571267903
2011-04-05,0.03164946486
2011-04-06,0.7740437575
2011-04-07,-0.1920760513
2011-04-08,1.060529073
2011-04-11,-0.1938790249
2011-04-12,0.3390420131
2011-04-13,-0.2282079757
2011-04-14,0.3455667272
2011-04-15,-0.4667977564
2011-04-18,-1.353871128
2011-04-19,0.6827159997
2011-04-20,1.258619669
2011-04-21,0.3130539048
2011-04-25,0.1715913802
2011-04-26,0.3969617149
2011-04-27,1.049798155
2011-04-28,0.175586741
2011-04-29,-0.06749688083
2011-05-02,0.1416908678
2011-05-03,0.01011309816
2011-05-04,-0.01348435816
2011-05-05,-2.074501713
2011-05-06,-1.198075272
2011-05-09,-0.01393485458
2011-05-10,0.3304293367
2011-05-11,-1.374075428
2011-05-12,0.2531557908
2011-05-13,-0.9384771109
2011-05-16,0.5373506054
2011-05-17,0.2922074286
2011-05-18,0.1124306211
2011-05-19,0.500885476
2011-05-20,-1.085497108
2011-05-23,-0.765852559
2011-05-24,0.4297415738
2011-05-25,-0.1738051338
2011-05-26,0.3720703784
2011-05-27,1.048493174
2011-05-31,0.7357974368
2011-06-01,-0.3550176017
2011-06-02,1.040592116
2011-06-03,0.9888832129
2011-06-06,-0.476052751
2011-06-07,0.8035192737
2011-06-08,-0.762331698
2011-06-09,-0.4126411412
2011-06-10,-1.216842596
2011-06-13,0.5530545063
2011-06-14,0.2494371638
2011-06-15,-1.946082903
2011-06-16,0.08111301603
2011-06-17,0.8634662282
2011-06-20,-0.04194777564
2011-06-21,0.7315576415
2011-06-22,-0.3372449959
2011-06-23,-0.6814276888
2011-06-24,-0.5485052956
2011-06-27,0.6956672002
2011-06-28,0.5795296209
2011-06-29,0.4653755707
2011-06-30,0.4873590346
2011-07-01,0.1860209293
2011-07-05,-0.7253667258
2011-07-06,-0.797038833
2011-07-07,0.3105213318
2011-07-08,-0.6535628331
2011-07-11,-1.750924592
2011-07-12,-0.2822993174
2011-07-13,1.205798102
2011-07-14,-0.07781275814
2011-07-15,0.1166964434
2011-07-18,-0.2441571603
2011-07-19,0.2017378447
2011-07-20,0.5922391901
2011-07-21,1.066313178
2011-07-22,-0.06957490018
2011-07-25,0.01391885311
2011-07-26,1.000544967
2011-07-27,-0.9761916347
2011-07-28,-0.4637305429
2011-07-29,0.4184982044
2011-08-01,-0.765082598
2011-08-02,-0.3266771439
2011-08-03,0.7536094833
2011-08-04,-1.388935636
2011-08-05,1.133695204
2011-08-08,-0.5089248125
2011-08-09,0.8688699863
2011-08-10,-1.062589998
2011-08-11,0.337885722
2011-08-12,0.1404494613
2011-08-15,1.334909947
2011-08-16,-0.2252994835
2011-08-17,0.1802801764
2011-08-18,-0.6812204851
2011-08-19,0.407204948
2011-08-22,-0.2225391231
2011-08-23,0.5381116632
2011-08-24,-0.1420577825
2011-08-25,-0.2325784265
2011-08-26,0.7547728246
2011-08-29,0.0930858008
2011-08-30,-0.3867007546
2011-08-31,-0.6107101114
2011-09-01,-0.6670067159
2011-09-02,-0.5269641564
2011-09-06,-1.358249155
2011-09-07,0.7115695161
2011-09-08,-1.528983453
2011-09-09,-1.655150122
2011-09-12,0.01463860936
2011-09-13,0.219322382
2011-09-14,0.4263000389
2011-09-15,0.9624852678
2011-09-16,-0.650291309
2011-09-19,-0.7823200093
2011-09-20,-0.1206206627
2011-09-21,-0.5537945314
2011-09-22,-0.8865633777
2011-09-23,0.3555690994
2011-09-26,-0.09247443741
2011-09-27,0.6197909607
2011-09-28,-0.3500049626
2011-09-29,0.3132199705
2011-09-30,-1.44153985
2011-10-03,-1.44368837
2011-10-04,0.8859791408
2011-10-05,0.1874977112
2011-10-06,0.7762391566
2011-10-07,-0.4732369609
2011-10-10,1.956604258
2011-10-11,0.2122133174
2011-10-12,0.811754817
2011-10-13,-0.03988759005
2011-10-14,0.6687295611
2011-10-17,-0.9629382255
2011-10-18,0.1381316105
2011-10-19,-0.09812651839
2011-10-20,0.2288122741
2011-10-21,0.8201357457
2011-10-24,0.2192471001
2011-10-25,-0.1688855753
2011-10-26,0.01798011404
2011-10-27,1.993587081
2011-10-28,-0.2011114729
2011-10-31,-2.300758817
2011-11-01,-1.024383254
2011-11-02,0.2989538848
2011-11-03,0.5662858171
2011-11-04,-0.3117864977
2011-11-07,0.07259528449
2011-11-08,0.4164032449
2011-11-09,-2.0774373
2011-11-10,0.3645674344
2011-11-11,1.118514476
2011-11-14,-0.9569101506
2011-11-15,-0.6923246213
2011-11-16,-0.3998968561
2011-11-17,-0.0705179386
2011-11-18,0.3594926507
2011-11-21,-0.1036384591
2011-11-22,0.08513946728
2011-11-23,-1.307256843
2011-11-25,-0.7299302482
2011-11-28,0.5235318261
2011-11-29,0.1351453017
2011-11-30,0.7996156643
2011-12-01,0.1933373595
2011-12-02,-0.4206144185
2011-12-05,-0.07462965382
2011-12-06,0.02239474479
2011-12-07,0.04850474882
2011-12-08,-0.4823611349
2011-12-09,0.2283832588
2011-12-12,-1.363024227
2011-12-13,-1.220550662
2011-12-14,-0.369089231
2011-12-15,0.2462107884
2011-12-16,0.1804257769
2011-12-19,-0.3226924547
2011-12-20,0.6405238123
2011-12-21,-0.2449855765
2011-12-22,0.03448738371
2011-12-23,-0.03448738371
2011-12-27,0.1761440241
2011-12-28,-0.9919724542
2011-12-29,0.1852996207
2011-12-30,-0.1698448644
2012-01-03,0.8616763578
2012-01-04,-0.830774009
2012-01-05,-1.18105491
2012-01-06,-0.5643532771
2012-01-09,0.4000789804
2012-01-10,0
2012-01-11,-0.5141197722
2012-01-12,0.9359953979
2012-01-13,-1.125038816
2012-01-17,0.3855843619
2012-01-18,1.000281853
2012-01-19,0.8247070264
2012-01-20,-0.2625484134
2012-01-23,0.781750395
2012-01-24,-0.05755616681
2012-01-25,0.6579977834
2012-01-26,-0.08010528551
2012-01-27,0.8852136903
2012-01-30,-0.6793581739
2012-01-31,-0.3777260829
2012-02-01,0.545147453
2012-02-02,-0.04943623777
2012-02-03,0.01141053193
2012-02-06,-0.1141639518
2012-02-07,0.9210017916
2012-02-08,0.04149142884
2012-02-09,0.2034358749
2012-02-10,-0.8541891834
2012-02-13,0.1365550415
2012-02-14,-0.5320980971
2012-02-15,-0.4085924539
2012-02-16,0.5304647316
2012-02-17,0.1521317754
2012-02-21,0.6477663425
2012-02-22,0.01887754145
2012-02-23,0.9617987506
2012-02-24,0.69676307
2012-02-27,-0.5137188828
2012-02-28,0.4951518838
2012-02-29,-1.045292677
2012-03-01,-0.1314332039
2012-03-02,-0.7657380733
2012-03-05,0.1286611848
2012-03-06,-0.8049555557
2012-03-07,0.2474918925
2012-03-08,0.8972404927
2012-03-09,-1.148544741
2012-03-12,0.2513042483
2012-03-13,-0.5758868722
2012-03-14,-0.3563426956
2012-03-15,0.4366317405
2012-03-16,0.6324071517
2012-03-19,0.5453732651
2012-03-20,-0.1171557739
2012-03-21,-0.1021508516
2012-03-22,-0.1666919616
2012-03-23,0.6048253109
2012-03-26,0.6873137421
2012-03-27,-0.2848684411
2012-03-28,0
2012-03-29,-0.191617725
2012-03-30,0.3116612552
2012-04-02,-0.06375518227
2012-04-03,-0.7153375634
2012-04-04,-0.7128803131
2012-04-05,-0.5648007687
2012-04-09,0.370533495
2012-04-10,-0.2519662324
2012-04-11,0.1947569019
2012-04-12,0.6275097128
2012-04-13,-0.8566748883
2012-04-16,0.4654187625
2012-04-17,-0.07614986661
2012-04-18,-0.0876440944
2012-04-19,0.148568626
2012-04-20,0.5807239291
2012-04-23,-0.4551841869
2012-04-24,0.2695675266
2012-04-25,0.24615164
2012-04-26,0.1398469471
2012-04-27,-0.003777076921
2012-04-30,0
2012-05-01,0.01510745178
2012-05-02,-0.6326857119
2012-05-03,-0.02280588402
2012-05-04,-0.4877686677
2012-05-07,-0.2486088752
2012-05-08,-0.3375660116
2012-05-09,-0.5007714625
2012-05-10,-0.02703589998
2012-05-11,-0.1623690773
2012-05-14,-0.6715994109
2012-05-15,-0.84491017
2012-05-16,-0.1533169833
2012-05-17,-0.03934993952
2012-05-18,0.5690641522
2012-05-21,0.3242887055
2012-05-22,-1.082448407
2012-05-23,-0.6210094518
2012-05-24,-0.5530481401
2012-05-25,-0.1557228449
2012-05-29,-0.1039501133
2012-05-30,-1.049530112
2012-05-31,-0.02425712565
2012-06-01,0.427678683
2012-06-04,0.630106634
2012-06-05,-0.3486767855
2012-06-06,0.9827892615
2012-06-07,-0.1073964424
2012-06-08,-0.5027141133
2012-06-11,-0.13208191
2012-06-12,0.1760704737
2012-06-13,0.522381808
2012-06-14,0.373164387
2012-06-15,0.3125435258
2012-06-18,-0.637992297
2012-06-19,0.8431853293
2012-06-20,-0.007884259081
2012-06-21,-1.078092091
2012-06-22,0.1194790855
2012-06-25,-0.4707768519
2012-06-26,-0.06000360202
2012-06-27,-0.228342613
2012-06-28,-0.1645694473
2012-06-29,1.673145831
2012-07-02,-0.5506381889
2012-07-03,0.1944560805
2012-07-05,-1.7880834
2012-07-06,-0.8593486204
2012-07-09,0.2723855734
2012-07-10,-0.5210253167
2012-07-11,-0.06940333823
2012-07-12,-0.3190578237
2012-07-13,0.3027206239
2012-07-16,0.2895892714
2012-07-17,0.08956196658
2012-07-18,-0.03662929163
2012-07-19,-0.04071495517
2012-07-20,-0.9903907432
2012-07-23,-0.1811296395
2012-07-24,-0.5329379906
2012-07-25,0.7058415782
2012-07-26,1.071891783
2012-07-27,0.1057469493
2012-07-30,-0.3338901266
2012-07-31,0.3704688016
2012-08-01,-0.6727442656
2012-08-02,-0.3442344191
2012-08-03,1.636777716
2012-08-06,0.1251135266
2012-08-07,0.01209945756
2012-08-08,-0.3110171143
2012-08-09,-0.502900845
2012-08-10,-0.02846512025
2012-08-13,0.3532066275
2012-08-14,-0.09731177024
2012-08-15,-0.3209884315
2012-08-16,0.5600436699
2012-08-17,-0.1701162871
2012-08-20,0.1215411566
2012-08-21,0.9269400993
2012-08-22,0.4602677674
2012-08-23,0.322921723
2012-08-24,-0.3948239391
2012-08-27,-0.1039501133
2012-08-28,0.5505040231
2012-08-29,-0.3067914831
2012-08-30,-0.1717355695
2012-08-31,0.5540842908
2012-09-04,-0.1113674445
2012-09-05,0.2424629047
2012-09-06,0.3368808053
2012-09-07,1.320670087
2012-09-10,-0.3598814712
2012-09-11,0.7690393727
2012-09-12,0.2640880792
2012-09-13,0.7611651223
2012-09-14,0.9919842351
2012-09-17,-0.08769421971
2012-09-18,-0.539291051
2012-09-19,0.1341381824
2012-09-20,-0.6686417718
2012-09-21,0.1310060681
2012-09-24,-0.4476697813
2012-09-25,-0.1780806479
2012-09-26,-0.3065760982
2012-09-27,0.3646807269
2012-09-28,-0.4618945856
2012-10-01,0.2835999648
2012-10-02,0.2324951642
2012-10-03,-0.1200550074
2012-10-04,0.8988391116
2012-10-05,0.06910319685
2012-10-08,-0.4461717467
2012-10-09,-0.7817377272
2012-10-10,0.2405899492
2012-10-11,0.2129431472
2012-10-12,0.2124906628
2012-10-15,-0.007719027406
2012-10-16,0.7383229079
2012-10-17,0.5501866933
2012-10-18,-0.3779279565
2012-10-19,-0.3985595833
2012-10-22,0.2799242582
2012-10-23,-0.5914449993
2012-10-24,-0.1503382894
2012-10-25,-0.1235235238
2012-10-26,-0.07341435001
2012-10-31,0.2007955264
2012-11-01,-0.1621496765
2012-11-02,-0.849781029
2012-11-05,-0.3200502322
2012-11-06,0.2069787707
2012-11-07,-0.386968646
2012-11-08,-0.1960093144
2012-11-09,-0.2475200164
2012-11-12,0.00786720164
2012-11-13,-0.06689095057
2012-11-14,0.2476659743
2012-11-15,0.2822977762
2012-11-16,-0.2626679938
2012-11-19,0.5754003546
2012-11-20,0.07023020187
2012-11-21,0.03899547702
2012-11-23,1.251445014
2012-11-26,-0.1271407002
2012-11-27,-0.30502543
2012-11-28,0.1004908677
2012-11-29,0.2584927846
2012-11-30,0.2193869594
2012-12-03,0.3760701312
2012-12-04,0.317405953
2012-12-05,-0.1643134553
2012-12-06,-0.8025078106
2012-12-07,-0.3011585288
2012-12-10,0.09276079976
2012-12-11,0.4740532648
2012-12-12,0.4603353227
2012-12-13,0.0956370456
2012-12-14,0.6099206953
2012-12-17,0.04559443827
2012-12-18,0.4510231451
2012-12-19,0.1473728232
2012-12-20,0.01510288846
2012-12-21,-0.4540818337
2012-12-24,0.02654481349
2012-12-26,0.2953093427
2012-12-27,0.1057961256
2012-12-28,-0.181433373
2012-12-31,-0.147657386
2013-01-02,-0.07959822272
2013-01-03,-1.002275878
2013-01-04,0.2027893791
2013-01-07,0.2519566135
2013-01-08,-0.2596015812
2013-01-09,-0.1300539525
2013-01-10,1.436467793
2013-01-11,0.6393643203
2013-01-14,0.3555193386
2013-01-15,-0.5318763007
2013-01-16,-0.2180615948
2013-01-17,0.6602417352
2013-01-18,-0.3858622054
2013-01-22,-0.0187691211
2013-01-23,0.00750807118
2013-01-24,0.4008622021
2013-01-25,0.6447427533
2013-01-28,-0.03343922452
2013-01-29,0.2709073336
2013-01-30,0.5396228352
2013-01-31,0.103157361
2013-02-01,0.5654711403
2013-02-04,-1.049018582
2013-02-05,0.4872296661
2013-02-06,-0.4169516953
2013-02-07,-0.9212204371
2013-02-08,-0.2428591304
2013-02-11,0.2577850605
2013-02-12,0.3687086354
2013-02-13,-0.03346284726
2013-02-14,-0.6491591219
2013-02-15,0.02993899951
2013-02-19,0.2093223954
2013-02-20,-0.8587606448
2013-02-21,-0.6878074052
2013-02-22,0.01516760203
2013-02-25,-0.9792233091
2013-02-26,0.034454377
2013-02-27,0.5801100155
2013-02-28,-0.637540574
2013-03-01,-0.2569266105
2013-03-04,-0.03456287598
2013-03-05,0.1956985333
2013-03-06,-0.3879323488
2013-03-07,0.8697872717
2013-03-08,-0.8236174428
2013-03-11,0.2919149375
2013-03-12,-0.03452442637
2013-03-13,-0.5810278577
2013-03-14,0.3813196724
2013-03-15,0.4143334401
2013-03-18,-0.9965262052
2013-03-19,-0.3292215922
2013-03-20,0.418119076
2013-03-21,-0.3638197302
2013-03-22,0.6955205781
2013-03-25,-1.021759799
2013-03-26,0.04278241319
2013-03-27,-0.6671503199
2013-03-28,0.3516865021
2013-04-01,0.2182045754
2013-04-02,-0.2377103003
2013-04-03,0.2493864052
2013-04-04,0.6980831141
2013-04-05,0.5549788785
2013-04-08,-0.04228573688
2013-04-09,0.6018456823
2013-04-10,-0.1070704855
2013-04-11,0.2560135901
2013-04-12,0.007632131276
2013-04-15,-0.5356609074
2013-04-16,1.132972885
2013-04-17,-1.167506585
2013-04-18,0.1763804138
2013-04-19,0.06127685841
2013-04-22,0.01531334944
2013-04-23,-0.4719614309
2013-04-24,0.1268425977
2013-04-25,-0.09992314436
2013-04-26,0.2342775916
2013-04-29,0.4898218886
2013-04-30,0.5444003167
2013-05-01,0.1176269843
2013-05-02,-0.9066383387
2013-05-03,0.393378016
2013-05-06,-0.3321691388
2013-05-07,0.02676710721
2013-05-08,0.5946725869
2013-05-09,-0.9432050832
2013-05-10,-0.3613026185
2013-05-13,-0.1194398031
2013-05-14,-0.2547673732
2013-05-15,-0.4454695442
2013-05-16,-0.01164754529
2013-05-17,-0.392927814
2013-05-20,0.4821910105
2013-05-21,0.1318085091
2013-05-22,-0.3998374924
2013-05-23,0.6552061744
2013-05-24,-0.02705366304
2013-05-28,-0.5659368543
2013-05-29,0.6084464679
2013-05-30,0.7697674835
2013-05-31,-0.3418150232
2013-06-03,0.571594536
2013-06-04,0.07647599027
2013-06-05,0.07641754919
2013-06-06,1.173290091
2013-06-07,-0.2040508568
2013-06-10,0.2832916586
2013-06-11,0.447849007
2013-06-12,0.1350895173
2013-06-13,0.202292719
2013-06-14,-0.1048414369
2013-06-17,0.2469506606
2013-06-18,0.1269794016
2013-06-19,-0.8734334762
2013-06-20,-0.4868760915
2013-06-21,-0.6947768034
2013-06-24,-0.01143009545
2013-06-25,-0.183059431
2013-06-26,-0.6971605652
2013-06-27,0.2533785139
2013-06-28,-0.1880529405
2013-07-01,0.3680985751
2013-07-02,-0.6797391713
2013-07-03,0.288589384
2013-07-05,-1.416267917
2013-07-08,0.3229386306
2013-07-09,-0.6664742589
2013-07-10,0.7596600548
2013-07-11,1.677930458
2013-07-12,-0.2598495864
2013-07-15,0.01530397524
2013-07-16,0.7432428017
2013-07-17,-0.3575915858
2013-07-18,-0.06480758094
2013-07-19,0.2475673028
2013-07-22,0.3190279956
2013-07-23,0.283988907
2013-07-24,-0.19302468
2013-07-25,0.6570276251
2013-07-26,-0.02258440933
2013-07-29,-0.1205364015
2013-07-30,-0.02638671633
2013-07-31,0.3086654562
2013-08-01,-0.735588673
2013-08-02,0.5926670299
2013-08-05,-0.1808250634
2013-08-06,0.3538094627
2013-08-07,0.2289318145
2013-08-08,0.3592280468
2013-08-09,-0.3067601822
2013-08-12,-0.3077040966
2013-08-13,-0.2898061834
2013-08-14,-0.03769886194
2013-08-15,0.7101155124
2013-08-16,-0.1573682366
2013-08-19,0.02999400142
2013-08-20,0.624079456
2013-08-21,-0.4929613747
2013-08-22,0.003743705895
2013-08-23,0.2168954891
2013-08-26,-0.104649434
2013-08-27,0.1494656881
2013-08-28,-0.3778318469
2013-08-29,-0.7373166608
2013-08-30,-0.1965305444
2013-09-03,-0.299316343
2013-09-04,0.2576930333
2013-09-05,-0.7102599317
2013-09-06,0.4411827793
2013-09-09,0.6355232285
2013-09-10,0.06031590638
2013-09-11,0.3536231207
2013-09-12,-0.1277619293
2013-09-13,0.04135260674
2013-09-16,0.2552553938
2013-09-17,0.1723040468
2013-09-18,1.090588294
2013-09-19,0.1442708102
2013-09-20,-0.01848463008
2013-09-23,-0.2146717828
2013-09-24,-0.159451225
2013-09-25,0.4073928823
2013-09-26,-0.3220733927
2013-09-27,0.2777110999
2013-09-30,0.04436229278
2013-10-01,0.04803695242
2013-10-02,0.3834671562
2013-10-03,0.2682888101
2013-10-04,-0.511472423
2013-10-07,0.1806019325
2013-10-08,-0.02946375979
2013-10-09,-0.376425879
2013-10-10,-0.0110928285
2013-10-11,0.2179334134
2013-10-14,0.1106317183
2013-10-15,-0.3766482795
2013-10-16,0.08875083786
2013-10-17,1.113756895
2013-10-18,0.04385484118
2013-10-21,-0.01461614356
2013-10-22,0.7173187857
2013-10-23,-0.02902968305
2013-10-24,0.1740518243
2013-10-25,0.04708694873
2013-10-28,-0.155833833
2013-10-29,-0.3160363711
2013-10-30,-0.07643451572
2013-10-31,-1.138851864
2013-11-01,-0.6428751913
2013-11-04,0.2295447139
2013-11-05,-0.3667825463
2013-11-06,0.3815738047
2013-11-07,-0.7720612939
2013-11-08,-0.4406609566
2013-11-11,0.3996643661
2013-11-12,0.1527201235
2013-11-13,0.2156455327
2013-11-14,-0.02971657835
2013-11-15,0.2374857326
2013-11-18,0.1037229209
2013-11-19,0.2514515247
2013-11-20,-0.7972010555
2013-11-21,0.2862402282
2013-11-22,0.5884873656
2013-11-25,-0.2179656182
2013-11-26,0.3654691481
2013-11-27,0.03315833133
2013-11-29,0.08836850238
2013-12-02,-0.3354780017
2013-12-03,0.3575579311
2013-12-04,-0.01471941125
2013-12-05,0.6053842488
2013-12-06,0.2447802768
2013-12-09,0.2732988856
2013-12-10,0.199945536
2013-12-11,0.1306572973
2013-12-12,-0.2469406056
2013-12-13,-0.1054986729
2013-12-16,0.1890909654
2013-12-17,0.007265593784
2013-12-18,-0.5062195562
2013-12-19,-0.2815306881
2013-12-20,0.1865569814
2013-12-23,0.1132275446
2013-12-24,-0.1095730414
2013-12-26,0.09497023762
2013-12-27,0.3316873519
2013-12-30,0.4212214369
2013-12-31,
2014-01-02,-0.9831846732
2014-01-03,-0.5945844427
2014-01-06,0.3931154832
2014-01-07,-0.1651406823
2014-01-08,-0.2316560761
2014-01-09,0.1655233674
2014-01-10,0.4437199015
2014-01-13,0.07680913309
2014-01-14,0.03655505232
2014-01-15,-0.5607594089
2014-01-16,0.1138722183
2014-01-17,-0.6814901221
2014-01-21,0.2436594405
2014-01-22,-0.09222540541
2014-01-23,1.101130597
2014-01-24,-0.1570862653
2014-01-27,-0.02193864501
2014-01-28,-0.02194345911
2014-01-29,-0.1024665244
2014-01-30,-0.7903145401
2014-01-31,-0.458665498
2014-02-03,0.3109386181
2014-02-04,-0.1035388178
2014-02-05,0.1737362973
2014-02-06,0.4017623952
2014-02-07,0.3415165907
2014-02-10,0.05497425511
2014-02-11,-0.05130836439
2014-02-12,-0.3415040499
2014-02-13,0.6489600953
2014-02-14,0.1241782482
2014-02-18,0.4370477146
2014-02-19,-0.18915287
2014-02-20,-0.09471077497
2014-02-21,0.1311141245
2014-02-24,-0.02912161937
2014-02-25,0.04004004057
2014-02-26,-0.3865091412
2014-02-27,0.1715610649
2014-02-28,0.6833160016
2014-03-03,-0.5338963415
2014-03-04,0.05824960118
2014-03-05,-0.05824960118
2014-03-06,0.9243382532
2014-03-07,0.1045817726
2014-03-10,-0.01081373345
2014-03-11,-0.08655199069
2014-03-12,0.3565451349
2014-03-13,-0.3349001132
2014-03-14,0.3277097482
2014-03-17,0.107801225
2014-03-18,0.07180297573
2014-03-19,-0.7312054191
2014-03-20,-0.3948350628
2014-03-21,0.1559468646
2014-03-24,0.2967146481
2014-03-25,-0.1012182424
2014-03-26,-0.220866538
2014-03-27,-0.3849650659
2014-03-28,0.1018330027
2014-03-31,0.1525553309
2014-04-01,0.1486989122
2014-04-02,-0.2322122882
2014-04-03,-0.3602689535
2014-04-04,-0.0838849731
2014-04-07,0.3023846959
2014-04-08,0.3776055609
2014-04-09,0.4303259393
2014-04-10,0.2054684139
2014-04-11,-0.01800666251
2014-04-14,-0.4693149408
2014-04-15,-0.05429373041
2014-04-16,0.04705626931
2014-04-17,-0.02171552669
2014-04-21,-0.1485157754
2014-04-22,0.08334088715
2014-04-23,0.09050921096
2014-04-24,0.07234843319
2014-04-25,0.05422699553
2014-04-28,0.1083658537
2014-04-29,-0.2856163477
2014-04-30,0.4551537677
2014-05-01,-0.06128887078
2014-05-02,0.05047591685
2014-05-05,0.02162473879
2014-05-06,0.4099840311
2014-05-07,-0.1292871432
2014-05-08,-0.4718773952
2014-05-09,-0.670207374
2014-05-12,0.02544113118
2014-05-13,-0.4151347865
2014-05-14,0.07660180206
2014-05-15,-0.02917472031
2014-05-16,-0.07662416225
2014-05-19,0.08391864033
2014-05-20,-0.06566946606
2014-05-21,-0.1022382971
2014-05-22,-0.2230960055
2014-05-23,-0.1942424242
2014-05-27,0.03667840417
2014-05-28,-0.2974826367
2014-05-29,0.06250804535
2014-05-30,0.2093011211
2014-06-02,-0.2423887484
2014-06-03,0.1726703712
2014-06-04,-0.1653166189
2014-06-05,0.4292560661
2014-06-06,-0.0952311258
2014-06-09,-0.4039074302
2014-06-10,-0.3169224351
2014-06-11,-0.1366599781
2014-06-12,0.2657612667
2014-06-13,-0.184481475
2014-06-16,0.2287064334
2014-06-17,-0.2028585297
2014-06-18,0.3096548351
2014-06-19,0.1397675673
2014-06-20,-0.04411602586
2014-06-23,0.03308884385
2014-06-24,0.01470263915
2014-06-25,0.18360083
2014-06-26,-0.143179715
2014-06-27,0.2788276378
2014-06-30,0.3328398676
2014-07-01,-0.105949629
2014-07-02,-0.1756119428
2014-07-03,-0.3815538253
2014-07-07,0.03307668308
2014-07-08,0.03673904299
2014-07-09,0.2201512594
2014-07-10,-0.2458671722
2014-07-11,-0.003674241729
2014-07-14,0.08080214933
2014-07-15,-0.3825503084
2014-07-16,-0.3174488658
2014-07-17,0.01478743071
2014-07-18,-0.01109036803
2014-07-21,-0.02218442662
2014-07-22,-0.3927385559
2014-07-23,-0.04827240583
2014-07-24,0.01114185439
2014-07-25,-0.2379625588
2014-07-28,0.003722523127
2014-07-29,-0.1639222482
2014-07-30,-0.1343183546
2014-07-31,-0.01866960407
2014-08-01,0.2461585608
2014-08-04,-0.007450454481
2014-08-05,-0.358276181
2014-08-06,0.04485478339
2014-08-07,-0.1121747052
2014-08-08,0.3585170214
2014-08-11,-0.2089786931
2014-08-12,-0.1308338037
2014-08-13,-0.02618731427
2014-08-14,0.04114841543
2014-08-15,0.2166848085
2014-08-18,-0.2615748287
2014-08-19,-0.3110422414
2014-08-20,-0.4551874689
2014-08-21,0.1469397246
2014-08-22,-0.2827682997
2014-08-25,-0.3706930144
2014-08-26,-0.1744737784
2014-08-27,0.1820526938
2014-08-28,-0.08339967882
2014-08-29,-0.3381012585
2014-09-02,-0.07994366301
2014-09-03,0.1370071762
2014-09-04,-1.525225965
2014-09-05,0.02316691775
2014-09-08,-0.3984454315
2014-09-09,0.3868626435
2014-09-10,-0.2667750814
2014-09-11,0.01935546314
2014-09-12,0.2396970142
2014-09-15,-0.0695302871
2014-09-16,0.1505879003
2014-09-17,-0.6503080903
2014-09-18,0.3295534629
2014-09-19,-0.6290305745
2014-09-22,0.1012224645
2014-09-23,0.05835100238
2014-09-24,-0.5772246916
2014-09-25,-0.2898666294
2014-09-26,-0.4915560734
2014-09-29,0.05123455686
2014-09-30,-0.4739345364
2014-10-01,-0.1069455274
2014-10-02,0.3718358715
2014-10-03,-1.207561844
2014-10-06,1.049502776
2014-10-07,0.1462132998
2014-10-08,0.6259000495
2014-10-09,-0.4325946655
2014-10-10,-0.5770767003
2014-10-13,0.6046612767
2014-10-14,-0.2761887729
2014-10-15,1.197854283
2014-10-16,-0.02733147236
2014-10-17,-0.3442344191
2014-10-20,0.3481393725
2014-10-21,-0.7014272768
2014-10-22,-0.5560060855
2014-10-23,0.05139254131
2014-10-24,0.1342865244
2014-10-27,0.2955841906
2014-10-28,0.2633183545
2014-10-29,-0.7880882463
2014-10-30,-0.277304777
2014-10-31,-0.5848551553
2014-11-03,-0.3117259338
2014-11-04,0.4273766815
2014-11-05,-0.4954461149
2014-11-06,-0.864900699
2014-11-07,0.6282996222
2014-11-10,-0.2572865741
2014-11-11,0.4377956586
2014-11-12,-0.3331931386
2014-11-13,0.3492226329
2014-11-14,0.3879306591
2014-11-17,-0.6125777369
2014-11-18,0.68041087
2014-11-19,0.06380094323
2014-11-20,0.0119581465
2014-11-21,-1.223121939
2014-11-24,0.4026742978
2014-11-25,0.2809103336
2014-11-26,0.2601406226
2014-11-28,-0.6013488295
2014-12-01,0.2971173791
2014-12-02,-0.7283001712
2014-12-03,-0.5710482683
2014-12-04,0.5831628725
2014-12-05,-0.7538946212
2014-12-08,0.1747932398
2014-12-09,0.4942683157
2014-12-10,0.5883080997
2014-12-11,-0.4509953686
2014-12-12,0.5313166581
2014-12-15,-0.1607071459
2014-12-16,0.6412847628
2014-12-17,-1.387933373
2014-12-18,-0.4628885965
2014-12-19,-0.4813977965
2014-12-22,0
2014-12-23,-0.4508573913
2014-12-24,0.1477772117
2014-12-26,-0.09028234362
2014-12-29,-0.2013768275
2014-12-30,0.01234085441
2014-12-31,-0.4493648441
2015-01-02,-0.8089819888
2015-01-05,-0.5555453815
2015-01-06,-0.3230478361
2015-01-07,-0.5477849531
2015-01-08,-0.3810012229
2015-01-09,0.4654713888
2015-01-12,-0.05067353683
2015-01-13,-0.5591102709
2015-01-14,0.1527949026
2015-01-15,-1.461064952
2015-01-16,-0.4269548265
2015-01-20,-0.155709374
2015-01-21,0.3241213754
2015-01-22,-1.987080065
2015-01-23,-1.351461737
2015-01-26,0.4895208031
2015-01-27,1.029047394
2015-01-28,-0.7940400801
2015-01-29,0.3139581168
2015-01-30,-0.2254194417
2015-02-02,0.3136807008
2015-02-03,1.292885326
2015-02-04,-0.8044462566
2015-02-05,0.834922779
2015-02-06,-1.455782967
2015-02-09,0.03091394906
2015-02-10,-0.0618374578
2015-02-11,-0.2034498711
2015-02-12,1.030664515
2015-02-13,-0.1052216328
2015-02-17,0.1709289746
2015-02-18,-0.1577702142
2015-02-19,-0.3514942107
2015-02-20,0.1495360265
2015-02-23,-0.3963191589
2015-02-24,0.09702316086
2015-02-25,0.1893648039
2015-02-26,-1.471462086
2015-02-27,-0.07593184366
2015-03-02,-0.07598954392
2015-03-03,-0.05367446566
2015-03-04,-0.8988420589
2015-03-05,-0.4297968477
2015-03-06,-1.627241318
2015-03-09,0.05528425461
2015-03-10,-1.447418106
2015-03-11,-1.497132619
2015-03-12,0.7325347627
2015-03-13,-1.331994191
2015-03-16,0.9167621505
2015-03-17,0.1417501655
2015-03-18,2.3195533
2015-03-19,-1.806212403
2015-03-20,1.5429024
2015-03-23,1.419180133
2015-03-24,-0.3517671916
2015-03-25,0.3973605904
2015-03-26,-0.7549622919
2015-03-27,0.1101675576
2015-03-30,-0.7829811556
2015-03-31,-0.598262654
2015-04-01,0.09763582615
2015-04-02,1.109119924
2015-04-06,0.5774005593
2015-04-07,-1.158154404
2015-04-08,-0.3148296503
2015-04-09,-1.198904105
2015-04-10,-0.4232711018
2015-04-13,-0.2784531143
2015-04-14,0.6500870831
2015-04-15,0.3421851606
2015-04-16,0.7923602397
2015-04-17,0.4400701949
2015-04-20,-0.7376341117
2015-04-21,-0.01862717711
2015-04-22,-0.07920423458
2015-04-23,0.9093924315
2015-04-24,0.3918229366
2015-04-27,0.2022245381
2015-04-28,0.7683901692
2015-04-29,1.249676682
2015-04-30,1.047411214
2015-05-01,-0.1827298559
2015-05-04,-0.4963899019
2015-05-05,0.3401363823
2015-05-06,1.397569277
2015-05-07,-0.6941248552
2015-05-08,-0.5516519017
2015-05-11,-0.5053791029
2015-05-12,0.572273212
2015-05-13,1.130406345
2015-05-14,0.5757878027
2015-05-15,0.3456350651
2015-05-18,-1.221617336
2015-05-19,-1.438361137
2015-05-20,-0.3549688075
2015-05-21,0.06299779716
2015-05-22,-0.9627845745
2015-05-26,-1.233906524
2015-05-27,0.2525891719
2015-05-28,0.3799761937
2015-05-29,0.3694332723
2015-06-01,-0.5615299285
2015-06-02,2.016791296
2015-06-03,1.164230203
2015-06-04,-0.3198154905
2015-06-05,-1.1409775
2015-06-08,1.567171264
2015-06-09,-0.0975090938
2015-06-10,0.4733579588
2015-06-11,-0.5177117251
2015-06-12,-0.1465071629
2015-06-15,0.2662172129
2015-06-16,-0.3906948674
2015-06-17,0.907788809
2015-06-18,0.2949140505
2015-06-19,-0.2640614157
2015-06-22,-0.0881756516
2015-06-23,-1.51548353
2015-06-24,0.272790456
2015-06-25,0.08035355997
2015-06-26,-0.3128494172
2015-06-29,0.6603039963
2015-06-30,-0.8439999193
2015-07-01,-0.8692769523
2015-07-02,0.2800742672
2015-07-06,-0.2755507108
2015-07-07,-0.3262202159
2015-07-08,0.4798995085
2015-07-09,-0.4163843988
2015-07-10,1.087089801
2015-07-13,-1.327752875
2015-07-14,0.0590841967
2015-07-15,-0.4645240159
2015-07-16,-0.6962604281
2015-07-17,-0.3084503976
2015-07-20,-0.08764444595
2015-07-21,0.9278890644
2015-07-22,-0.1738971699
2015-07-23,0.7165217886
2015-07-24,-0.1547353879
2015-07-27,1.060128626
2015-07-28,-0.3114353356
2015-07-29,-0.7077106161
2015-07-30,-0.447162636
2015-07-31,0.447162636
2015-08-03,-0.2461483602
2015-08-04,-0.6042591057
2015-08-05,0.1376525867
2015-08-06,0.2335754113
2015-08-07,0.2604108651
2015-08-10,0.5414888211
2015-08-11,0.2356995017
2015-08-12,1.170235697
2015-08-13,-0.1925963017
2015-08-14,-0.3953106985
2015-08-17,-0.2433529817
2015-08-18,-0.4522234451
2015-08-19,0.8664705142
2015-08-20,0.805553696
2015-08-21,1.319537389
2015-08-24,2.037776787
2015-08-25,-0.9397059515
2015-08-26,-1.366763873
2015-08-27,-0.8237789621
2015-08-28,-0.4948629167
2015-08-31,0.2722547485
2015-09-01,0.7283094632
2015-09-02,-0.6436599739
2015-09-03,-0.9171297927
2015-09-04,0.1706408425
2015-09-08,0.5057183684
2015-09-09,0.05355469401
2015-09-10,0.6537278968
2015-09-11,0.5481403522
2015-09-14,-0.1632437326
2015-09-15,-0.4824619295
2015-09-16,0.1596028003
2015-09-17,1.337694857
2015-09-18,-1.382003423
2015-09-21,-0.778594906
2015-09-22,-0.5508915511
2015-09-23,0.4436385578
2015-09-24,0.3704286475
2015-09-25,-0.1694235547
2015-09-28,0.2495767407
2015-09-29,0.160113893
2015-09-30,-0.6733131361
2015-10-01,0.1073201373
2015-10-02,0.1384515976
2015-10-05,-0.1652708361
2015-10-06,0.845802763
2015-10-07,-0.3285679184
2015-10-08,0.2842298845
2015-10-09,0.711463705
2015-10-12,0.06602839461
2015-10-13,0.1978240012
2015-10-14,0.8745136625
2015-10-15,-0.9623871304
2015-10-16,-0.1847860088
2015-10-19,-0.238084853
2015-10-20,0.1058854771
2015-10-21,0
2015-10-22,-2.053752995
2015-10-23,-0.8724993755
2015-10-26,0.3535334326
2015-10-27,-0.07694571181
2015-10-28,-1.120128277
2015-10-29,0.5206442159
2015-10-30,0.1865884447
2015-11-02,0.1817026029
2015-11-03,-0.4913567666
2015-11-04,-0.9439652187
2015-11-05,0.1518183992
2015-11-06,-1.225703928
2015-11-09,0.1162763788
2015-11-10,-0.3912258728
2015-11-11,0.2656415403
2015-11-12,0.6170997428
2015-11-13,-0.5426603609
2015-11-16,-0.6157884732
2015-11-17,-0.3609689127
2015-11-18,0.05164683074
2015-11-19,0.762202376
2015-11-20,-0.8279393367
2015-11-23,-0.1692365955
2015-11-24,0.173933526
2015-11-25,-0.268077762
2015-11-27,-0.1649659837
2015-11-30,-0.3118210974
2015-12-01,0.6226728926
2015-12-02,-0.164725299
2015-12-03,3.107136111
2015-12-04,-0.6964837539
2015-12-07,-0.2532171423
2015-12-08,0.4415627431
2015-12-09,1.131760358
2015-12-10,-0.6555907842
2015-12-11,0.392050101
2015-12-14,-0.03185365548
2015-12-15,-0.5934193705
2015-12-16,-0.0320534838
2015-12-17,-0.9155592928
2015-12-18,0.5071238566
2015-12-21,0.4359104799
2015-12-22,0.2789019479
2015-12-23,-0.2560118432
2015-12-24,0.274273348
2015-12-28,0.1915447295
2015-12-29,-0.3605910291
2015-12-30,-0.03201390345
2015-12-31,-0.5964141182
2016-01-04,-0.3410927483
2016-01-05,-0.7321966073
2016-01-06,0.3482301836
2016-01-07,1.353487194
2016-01-08,-0.1372746624
2016-01-11,-0.6200786926
2016-01-12,0.01842808445
2016-01-13,0.2622318803
2016-01-14,-0.1655401123
2016-01-15,0.4866413056
2016-01-19,-0.06413780685
2016-01-20,-0.1742959803
2016-01-21,-0.03214031571
2016-01-22,-0.8392947584
2016-01-25,0.5311422782
2016-01-26,0.04144886881
2016-01-27,0.3080249775
2016-01-28,0.4442721485
2016-01-29,-0.987401533
2016-02-01,0.5614889568
2016-02-02,0.1742480265
2016-02-03,1.77550356
2016-02-04,0.8649138594
2016-02-05,-0.4696209181
2016-02-08,0.3356684066
2016-02-09,0.9206407173
2016-02-10,0
2016-02-11,0.2829356441
2016-02-12,-0.633291902
2016-02-16,-1.004629707
2016-02-17,-0.103266369
2016-02-18,-0.2924176005
2016-02-19,0.2879253384
2016-02-22,-0.9478743955
2016-02-23,-0.06351222824
2016-02-24,-0.09988650093
2016-02-25,0.1633987292
2016-02-26,-0.7693921544
2016-02-29,-0.563717435
2016-03-01,-0.1011633875
2016-03-02,-0.01840434348
2016-03-03,0.875048534
2016-03-04,0.3687940984
2016-03-07,0.0953916809
2016-03-08,-0.06358434223
2016-03-09,-0.009086778743
2016-03-10,1.568801052
2016-03-11,-0.2507950618
2016-03-14,-0.4764482224
2016-03-15,0.0990723309
2016-03-16,1.096723095
2016-03-17,0.776074318
2016-03-18,-0.3850669772
2016-03-21,-0.2797701494
2016-03-22,-0.2404275424
2016-03-23,-0.3527813068
2016-03-24,0
2016-03-28,0.2055682898
2016-03-29,0.8667684002
2016-03-30,0.3313821656
2016-03-31,0.3874267415
2016-04-01,0.09662260842
2016-04-04,0.02633542569
2016-04-05,-0.05267778875
2016-04-06,0.1141001572
2016-04-07,-0.2415194938
2016-04-08,0.2459053626
2016-04-11,0.04384811085
2016-04-12,-0.1228231939
2016-04-13,-0.9836217187
2016-04-14,-0.2174347998
2016-04-15,0.2440270084
2016-04-18,0.2169054214
2016-04-19,0.4896240566
2016-04-20,-0.6356514737
2016-04-21,-0.008857003681
2016-04-22,-0.5996686488
2016-04-25,0.3291525078
2016-04-26,0.2483701991
2016-04-27,0.2212390283
2016-04-28,0.3749866531
2016-04-29,0.8375221612
2016-05-02,0.5877631915
2016-05-03,-0.09989359992
2016-05-04,-0.134797281
2016-05-05,-0.7775341666
2016-05-06,0.02192357451
2016-05-09,-0.2018784149
2016-05-10,-0.0966948036
2016-05-11,0.4650354963
2016-05-12,-0.4386549123
2016-05-13,-0.5466180681
2016-05-16,0.07069948595
2016-05-17,-0.03976231027
2016-05-18,-0.8565077768
2016-05-19,-0.2052289468
2016-05-20,0.1873996622
2016-05-23,-0.004457817899
2016-05-24,-0.6664454947
2016-05-25,0.107647465
2016-05-26,0.3133115086
2016-05-27,-0.6770870878
2016-05-31,0.1214056221
2016-06-01,0.5958932483
2016-06-02,-0.3580062895
2016-06-03,1.799368804
2016-06-06,0.05722460814
2016-06-07,-0.03961354835
2016-06-08,0.3296344046
2016-06-09,-0.6515254602
2016-06-10,-0.6024648328
2016-06-13,0.385818346
2016-06-14,-0.8132835974
2016-06-15,0.4274652515
2016-06-16,-0.1111432306
2016-06-17,0.3419262196
2016-06-20,0.2435191923
2016-06-21,-0.4876328485
2016-06-22,0.4434007176
2016-06-23,0.7097699909
2016-06-24,-2.625990939
2016-06-27,-0.6288333056
2016-06-28,0.5521375359
2016-06-29,0.2164015091
2016-06-30,-0.07658865511
2016-07-01,0.3688879076
2016-07-05,-0.6035238785
2016-07-06,0.3022172399
2016-07-07,-0.3474027271
2016-07-08,-0.1040041695
2016-07-11,0.0542765403
2016-07-12,0.04520795737
2016-07-13,0.2843411299
2016-07-14,0.175616391
2016-07-15,-0.4012177139
2016-07-18,0.02258304926
2016-07-19,-0.4707808251
2016-07-20,-0.009075233693
2016-07-21,0.03629599423
2016-07-22,-0.4455362889
2016-07-25,0.1593480726
2016-07-26,-0.02729878537
2016-07-27,0.5898116096
2016-07-28,0.203357731
2016-07-29,0.9256828929
2016-08-01,-0.09397445482
2016-08-02,0.4779034978
2016-08-03,-0.6571471379
2016-08-04,-0.1526101109
2016-08-05,-0.3915660875
2016-08-08,-0.04059448422
2016-08-09,0.2613202659
2016-08-10,0.5653535048
2016-08-11,-0.3047143422
2016-08-12,0.1838359446
2016-08-15,0.2192639876
2016-08-16,0.8235262105
2016-08-17,0.0354594215
2016-08-18,0.7241608897
2016-08-19,-0.3172787221
2016-08-22,-0.06622662994
2016-08-23,-0.1370075126
2016-08-24,-0.3855106137
2016-08-25,0.1641344496
2016-08-26,-0.769765086
2016-08-29,-0.05808368682
2016-08-30,-0.4030457762
2016-08-31,0.1031552129
2016-09-01,0.4160242194
2016-09-02,-0.3756880844
2016-09-06,0.7988795751
2016-09-07,-0.06225265886
2016-09-08,0.1422348893
2016-09-09,-0.2713102383
2016-09-12,0.06678391201
2016-09-13,-0.1826484526
2016-09-14,0.3249719066
2016-09-15,-0.04445432392
2016-09-16,-0.8125407444
2016-09-19,0.2104651159
2016-09-20,-0.1701289809
2016-09-21,0.2550850547
2016-09-22,0.1563093456
2016-09-23,0.2006108156
2016-09-26,0.2402029534
2016-09-27,-0.2847483682
2016-09-28,-0.06239693566
2016-09-29,0.03120333455
2016-09-30,0.1336184058
2016-10-03,-0.1826565897
2016-10-04,-0.08029620809
2016-10-05,0.008924985503
2016-10-06,-0.4920609347
2016-10-07,0.4161731557
2016-10-10,-0.5418125871
2016-10-11,-0.7164613277
2016-10-12,-0.3805903738
2016-10-13,0.3217841386
2016-10-14,-0.712942647
2016-10-17,0.3003278559
2016-10-18,-0.2137773437
2016-10-19,-0.1002232328
2016-10-20,-0.3927483699
2016-10-21,-0.421864162
2016-10-24,-0.06435302451
2016-10-25,0.1424403485
2016-10-26,0.1101372237
2016-10-27,-0.03211082851
2016-10-28,0.7723810707
2016-10-31,-0.0546472986
2016-11-01,0.6809541476
2016-11-02,0.3657962396
2016-11-03,0.1351412431
2016-11-04,0.2787144982
2016-11-07,-0.8384848295
2016-11-08,-0.2765250294
2016-11-09,-0.9578617297
2016-11-10,-0.2156409269
2016-11-11,-0.3589015954
2016-11-14,-1.042569043
2016-11-15,-0.05124979729
2016-11-16,-0.4249860454
2016-11-17,-0.549078039
2016-11-18,-0.3016309196
2016-11-21,0.3063366912
2016-11-22,-0.009411764713
2016-11-23,-0.6752475191
2016-11-25,0.3783225925
2016-11-28,0.136789248
2016-11-29,0.3575969557
2016-11-30,-0.4566325458
2016-12-01,0.597437976
2016-12-02,0.02344830831
2016-12-05,0.9288064718
2016-12-06,-0.3816798527
2016-12-07,0.3863255055
2016-12-08,-1.379912908
2016-12-09,-0.528926853
2016-12-12,0.703048641
2016-12-13,-0.1270319397
2016-12-14,-0.8320380814
2016-12-15,-1.136267357
2016-12-16,0.2780976092
2016-12-19,-0.4030135474
2016-12-20,-0.1058201157
2016-12-21,0.3986460936
2016-12-22,0.02875629064
2016-12-23,0.1436575452
2016-12-27,0.06218756927
2016-12-28,-0.4553414535
2016-12-29,0.7227851393
2016-12-30,0.3950786965
2017-01-03,-1.175528422
2017-01-04,0.8090620287
2017-01-05,1.067094141
2017-01-06,-0.610407176
2017-01-09,0.3269602742
2017-01-10,-0.06625337425
2017-01-11,0.1040927466
2017-01-12,0.4764946623
2017-01-13,0.1269960896
2017-01-17,0.6372432772
2017-01-18,-0.623142551
2017-01-19,0.2065825421
2017-01-20,0.3371263201
2017-01-23,0.4384335381
2017-01-24,-0.09778130363
2017-01-25,0.1768676281
2017-01-26,-0.7140387355
2017-01-27,0.1918443374
2017-01-30,-0.01402491763
2017-01-31,0.9446104532
2017-02-01,-0.2411203987
2017-02-02,-0.06966214144
2017-02-03,0.1624695727
2017-02-06,-0.2740300361
2017-02-07,-0.5783867983
2017-02-08,-0.004678034291
2017-02-09,-0.2388703976
2017-02-10,-0.2347418918
2017-02-13,-0.390892249
2017-02-14,-0.1936566271
2017-02-15,0.2502657427
2017-02-16,0.6721371453
2017-02-17,-0.6108467448
2017-02-21,-0.600375264
2017-02-22,0.1989484811
2017-02-23,0.1560394671
2017-02-24,-0.1939039128
2017-02-27,0.2694718567
2017-02-28,0.04248188683
2017-03-01,-0.4635550612
2017-03-02,-0.3704939402
2017-03-03,1.032059532
2017-03-06,-0.3160603617
2017-03-07,-0.1181893531
2017-03-08,-0.2462822122
2017-03-09,0.3644715653
2017-03-10,0.9779569221
2017-03-13,-0.3045854139
2017-03-14,-0.451552978
2017-03-15,0.9617939914
2017-03-16,0.5633817718
2017-03-17,-0.246379968
2017-03-20,0.009308386863
2017-03-21,0.6216963515
2017-03-22,-0.1388503417
2017-03-23,-0.1019462554
2017-03-24,0.08341830125
2017-03-27,0.6602512616
2017-03-28,-0.4751260178
2017-03-29,-0.3845178581
2017-03-30,-0.8577341417
2017-03-31,-0.09836296725
2017-04-03,0.02811357904
2017-04-04,-0.046860357
2017-04-05,0.103063815
2017-04-06,-0.3423938056
2017-04-07,-0.4520633052
2017-04-10,-0.009439750798
2017-04-11,0.1132182402
2017-04-12,0.507901769
2017-04-13,-0.3853931546
2017-04-17,0.2069809752
2017-04-18,0.8842369714
2017-04-19,-0.1678243832
2017-04-20,0.0186610684
2017-04-21,-0.1447144477
2017-04-24,1.529861556
2017-04-25,0.637456012
2017-04-26,-0.2792466737
2017-04-27,-0.2938207972
2017-04-28,0.169970411
2017-05-01,0.04588840022
2017-05-02,0.2520104887
2017-05-03,-0.2795410019
2017-05-04,0.8180845882
2017-05-05,0.1137268404
2017-05-08,-0.6156672052
2017-05-09,-0.5136683465
2017-05-10,-0.07359705944
2017-05-11,-0.02301019362
2017-05-12,0.6057009295
2017-05-15,0.4382167966
2017-05-16,0.9745119615
2017-05-17,0.6115676944
2017-05-18,-0.3592925809
2017-05-19,0.8199889118
2017-05-22,0.2940916477
2017-05-23,-0.4861631752
2017-05-24,0.290198208
2017-05-25,-0.04013109545
2017-05-26,-0.3574304583
2017-05-30,0.1565330492
2017-05-31,0.4013920294
2017-06-01,-0.1692801545
2017-06-02,0.6000951487
2017-06-05,-0.2351637246
2017-06-06,0.1997027313
2017-06-07,-0.09314498023
2017-06-08,-0.4447416715
2017-06-09,-0.1963147019
2017-06-12,0.08035714718
2017-06-13,0.02230997488
2017-06-14,0.1025618248
2017-06-15,-0.6528372319
2017-06-16,0.4922591163
2017-06-19,-0.4653460453
2017-06-20,-0.2020248055
2017-06-21,0.354395544
2017-06-22,-0.1254649087
2017-06-23,0.4116521093
2017-06-26,-0.1519349653
2017-06-27,1.495844487
2017-06-28,0.2903525862
2017-06-29,0.5039118522
2017-06-30,-0.1574734589
2017-07-03,-0.5619225462
2017-07-05,-0.136566906
2017-07-06,0.6853554636
2017-07-07,-0.1314348492
2017-07-10,-0.04385003359
2017-07-11,0.555471938
2017-07-12,-0.3758088674
2017-07-13,-0.1182784061
2017-07-14,0.5594909253
2017-07-17,0.1002025919
2017-07-18,0.6510439662
2017-07-19,-0.3466959052
2017-07-20,0.95913636
2017-07-21,0.3476771396
2017-07-24,-0.2187668433
2017-07-25,0.03434803177
2017-07-26,0.6375853345
2017-07-27,-0.3931965062
2017-07-28,0.7040930323
2017-07-31,0.6611594332
2017-08-01,-0.3046074192
2017-08-02,0.452345991
2017-08-03,0.1812090932
2017-08-04,-0.8031832153
2017-08-07,0.1145305434
2017-08-08,-0.3822796993
2017-08-09,0.05956179712
2017-08-10,0.1487494696
2017-08-11,0.4364691125
2017-08-14,-0.338839799
2017-08-15,-0.3868312333
2017-08-16,0.2552215431
2017-08-17,-0.3532294342
2017-08-18,0.3022372094
2017-08-21,0.3902775072
2017-08-22,-0.420034984
2017-08-23,0.4919850453
2017-08-24,-0.1397150887
2017-08-25,1.036846514
2017-08-28,0.4142525329
2017-08-29,-0.04594340689
2017-08-30,-0.6580487732
2017-08-31,0.1260769236
2017-09-01,-0.3365590051
2017-09-05,0.4498924905
2017-09-06,-0.02517412114
2017-09-07,0.8731855526
2017-09-08,0.05406192301
2017-09-11,-0.6172086819
2017-09-12,0.1170617634
2017-09-13,-0.6876049061
2017-09-14,0.1765448126
2017-09-15,0.3354160203
2017-09-18,0.06276544759
2017-09-19,0.3716001854
2017-09-20,-0.8874435571
2017-09-21,0.3358102472
2017-09-22,0.1088959732
2017-09-25,-0.8111844418
2017-09-26,-0.4695340789
2017-09-27,-0.3610495586
2017-09-28,0.242259506
2017-09-29,0.3474874248
2017-10-02,-0.7174880596
2017-10-03,0.123485719
2017-10-04,0.1148325485
2017-10-05,-0.490019516
2017-10-06,0.2346567623
2017-10-09,0.1575507575
2017-10-10,0.5431336813
2017-10-11,0.4307075318
2017-10-12,-0.2658061181
2017-10-13,-0.1352836936
2017-10-16,-0.2244669854
2017-10-17,-0.2037265676
2017-10-18,0.2164457078
2017-10-19,0.3934930716
2017-10-20,-0.5717084198
2017-10-23,-0.2040643511
2017-10-24,0.0935811885
2017-10-25,0.373451461
2017-10-26,-1.334689237
2017-10-27,-0.4215785303
2017-10-30,0.4988184929
2017-10-31,-0.05577843236
2017-11-01,-0.2535400254
2017-11-02,0.352203783
2017-11-03,-0.4641376676
2017-11-06,0.01722875483
2017-11-07,-0.1637931401
2017-11-08,0.06899823466
2017-11-09,0.3786416468
2017-11-10,0.1930709599
2017-11-13,0.02999978594
2017-11-14,1.061323178
2017-11-15,-0.004239893155
2017-11-16,-0.1867334923
2017-11-17,0.2079311606
2017-11-20,-0.561130532
2017-11-21,0.0852224357
2017-11-22,0.6876380082
2017-11-24,0.9095565484
2017-11-27,-0.2392195034
2017-11-28,-0.4886071807
2017-11-29,0.08441312281
2017-11-30,0.4294020238
2017-12-01,-0.09666506311
2017-12-04,-0.2905571051
2017-12-05,-0.2744876198
2017-12-06,-0.2370873253
2017-12-07,-0.1824314797
2017-12-08,-0.08496538172
2017-12-11,0.07222517574
2017-12-12,-0.2338585584
2017-12-13,0.6745745866
2017-12-14,-0.3133869503
2017-12-15,-0.2888456685
2017-12-18,0.2336896392
2017-12-19,0.4995353712
2017-12-20,0.3204185043
2017-12-21,-0.01683856034
2017-12-22,-0.151674771
2017-12-26,0.03794026562
2017-12-27,0.2651795724
2017-12-28,0.3859874731
2017-12-29,0.4803986096
2018-01-02,0.5071299891
2018-01-03,-0.3863494825
2018-01-04,0.4650978028
2018-01-05,-0.2198213282
2018-01-08,-0.6247677451
2018-01-09,-0.2468155785
2018-01-10,0.1632175131
2018-01-11,0.6128210945
2018-01-12,1.292471796
2018-01-16,0.6502159617
2018-01-17,-0.4371011269
2018-01-18,0.2126616211
2018-01-19,-0.1471790944
2018-01-22,0.3063790464
2018-01-23,0.2891764565
2018-01-24,0.8504485713
2018-01-25,0.06047046202
2018-01-26,0.1087547687
2018-01-29,-0.3023891025
2018-01-30,0.0968640347
2018-01-31,0.1692866184
2018-02-01,0.7942280017
2018-02-02,-0.4244080682
2018-02-05,-0.5915629235
2018-02-06,-0.1332821942
2018-02-07,-0.8971946918
2018-02-08,-0.1428309329
2018-02-09,-0.06944870267
2018-02-12,0.4566590338
2018-02-13,0.5314953175
2018-02-14,0.8662248721
2018-02-15,0.3284075201
2018-02-16,-0.7948337779
2018-02-20,-0.565840973
2018-02-21,-0.3695210588
2018-02-22,0.2843680824
2018-02-23,-0.2518279154
2018-02-26,0.1503606907
2018-02-27,-0.6804549022
2018-02-28,-0.2374131283
2018-03-01,0.5068890386
2018-03-02,0.5570591997
2018-03-05,0.05675138991
2018-03-06,0.5254448046
2018-03-07,0.08059317006
2018-03-08,-0.804808906
2018-03-09,-0.05686433947
2018-03-12,0.2637399837
2018-03-13,0.3761455627
2018-03-14,-0.1211827584
2018-03-15,-0.5593399797
2018-03-16,-0.1220107521
2018-03-19,0.4344919836
2018-03-20,-0.7646665421
2018-03-21,0.8092271149
2018-03-22,-0.223001694
2018-03-23,0.3808293709
2018-03-26,0.7011351606
2018-03-27,-0.4467077875
2018-03-28,-0.7733614818
2018-03-29,0.02844892421
2018-04-02,0.01218991895
2018-04-03,-0.3459577312
2018-04-04,0.1588821551
2018-04-05,-0.3915495662
2018-04-06,0.4119008291
2018-04-09,0.3007154412
2018-04-10,0.2553037676
2018-04-11,0.06069066157
2018-04-12,-0.2916516832
2018-04-13,0.09731177024
2018-04-16,0.3115708511
2018-04-17,-0.02828454269
2018-04-18,0.02020406108
2018-04-19,-0.2143710247
2018-04-20,-0.5440533111
2018-04-23,-0.6002590554
2018-04-24,0.2045743523
2018-04-25,-0.5081145172
2018-04-26,-0.5478788601
2018-04-27,0.2145657931
2018-04-30,-0.4461526796
2018-05-01,-0.6938269176
2018-05-02,-0.4429038285
2018-05-03,0.3720040236
2018-05-04,-0.2297267263
2018-05-07,-0.2721773763
2018-05-08,-0.5212943238
2018-05-09,-0.1138688101
2018-05-10,0.639356094
2018-05-11,0.1633884609
2018-05-14,-0.05024494516
2018-05-15,-0.8073716116
2018-05-16,-0.3341019369
2018-05-17,-0.06780235873
2018-05-18,-0.2291729561
2018-05-21,0.1528403117
2018-05-22,-0.03394433162
2018-05-23,-0.6642279382
2018-05-24,0.1707359131
2018-05-25,-0.538808231
2018-05-29,-1.073401836
2018-05-30,1.081977062
2018-05-31,0.2440853369
2018-06-01,-0.2998374559
2018-06-04,0.3511480141
2018-06-05,0.1452371037
2018-06-06,0.4896856642
2018-06-07,0.2333525317
2018-06-08,-0.2715893882
2018-06-11,0.1571025523
2018-06-12,-0.2846644371
2018-06-13,0.3313230454
2018-06-14,-1.74966498
2018-06-15,0.2198513656
2018-06-18,0.04305149025
2018-06-19,-0.3060677031
2018-06-20,0
2018-06-21,0.267322196
2018-06-22,0.4039367789
2018-06-25,0.3467691897
2018-06-26,-0.4755079964
2018-06-27,-0.7845882382
2018-06-28,0.09949173525
2018-06-29,0.9723852541
2018-07-02,-0.5151331417
2018-07-03,0.2793598035
2018-07-05,0.3684192146
2018-07-06,0.4224366761
2018-07-09,0.02980181813
2018-07-10,0.004256677664
2018-07-11,-0.6576723398
2018-07-12,0.03855463025
2018-07-13,0.0599443392
2018-07-16,0.2522285073
2018-07-17,-0.397869998
2018-07-18,-0.1844979392
2018-07-19,-0.05154860718
2018-07-20,0.7704528117
2018-07-23,-0.281810605
2018-07-24,-0.0556018919
2018-07-25,0.3757797573
2018-07-26,-0.7572714649
2018-07-27,0.1416218077
2018-07-30,0.3809528417
2018-07-31,-0.08975702096
2018-08-01,-0.2611805985
2018-08-02,-0.6322193821
2018-08-03,-0.1381573486
2018-08-06,-0.1643101507
2018-08-07,0.3714746615
2018-08-08,0.1335660165
2018-08-09,-0.7173135934
2018-08-10,-1.116404251
2018-08-13,-0.03508925866
2018-08-14,-0.4572843566
2018-08-15,-0.008814455713
2018-08-16,0.250908022
2018-08-17,0.6004971035
2018-08-20,0.2923659709
2018-08-21,0.8201569113
2018-08-22,0.2977541199
2018-08-23,-0.5443953821
2018-08-24,0.7424067248
2018-08-27,0.4676414125
2018-08-28,0.0941216806
2018-08-29,0.09403317499
2018-08-30,-0.2266847274
2018-08-31,-0.5969654182
2018-09-04,-0.1897124701
2018-09-05,0.3962618787
2018-09-06,-0.0817081345
2018-09-07,-0.5522015757
2018-09-10,0.3325490551
2018-09-11,-0.04312575537
2018-09-12,0.3014904515
2018-09-13,0.5361253218
2018-09-14,-0.553328883
2018-09-17,0.510544473
2018-09-18,-0.1284631702
2018-09-19,0.03427298466
2018-09-20,0.899735298
2018-09-21,-0.2465149157
2018-09-24,-0.02979293929
2018-09-25,0.1743753765
2018-09-26,-0.1701186988
2018-09-27,-0.8249143865
2018-09-28,-0.3482451551
2018-10-01,-0.2673798384
2018-10-02,-0.2291347925
2018-10-03,-0.3251471445
2018-10-04,-0.00868507904
2018-10-05,0.08247781163
2018-10-08,-0.2302396812
2018-10-09,0.004349055168
2018-10-10,0.1738072915
2018-10-11,0.6620391546
2018-10-12,-0.3110019353
2018-10-15,0.1772168777
2018-10-16,0.02159034488
2018-10-17,-0.641055602
2018-10-18,-0.4529427194
2018-10-19,0.4616330818
2018-10-22,-0.374369234
2018-10-23,0.05668069302
2018-10-24,-0.6296479044
2018-10-25,-0.2415407072
2018-10-26,0.320463849
2018-10-29,-0.1974247685
2018-10-30,-0.3475357082
2018-10-31,-0.1587721953
2018-11-01,0.7256447172
2018-11-02,-0.1315443494
2018-11-05,0.1140150974
2018-11-06,0.08323659386
2018-11-07,0.1837512001
2018-11-08,-0.6886143135
2018-11-09,-0.2026610968
2018-11-12,-0.9215430066
2018-11-13,0.4574024894
2018-11-14,0.3361645062
2018-11-15,0.0838648501
2018-11-16,0.7341176342
2018-11-19,0.3104845612
2018-11-20,-0.7186394365
2018-11-21,0.1142756805
2018-11-23,-0.4181804267
2018-11-26,-0.008822621206
2018-11-27,-0.331411452
2018-11-28,0.6441388194
2018-11-29,0.1757546918
2018-11-30,-0.5988305509
2018-12-03,0.2073545401
2018-12-04,-0.06172023297
2018-12-06,0.3873244279
2018-12-07,0.2544642272
2018-12-10,-0.4919626895
2018-12-11,-0.2513062628
2018-12-12,0.3965112253
2018-12-13,-0.06597611904
2018-12-14,-0.5603491465
2018-12-17,0.3974217012
2018-12-18,0.1585274893
2018-12-19,0.08796235778
2018-12-20,0.7576623277
2018-12-21,-0.8852330037
2018-12-24,0.4435960455
2018-12-26,-0.4876236956
2018-12-27,0.7545881203
2018-12-28,0.01748098947
2018-12-31,0.1266458671
2019-01-02,-0.9736064978
2019-01-03,0.4660578257
2019-01-04,0.03947108794
2019-01-07,0.6468554023
2019-01-08,-0.3185341408
2019-01-09,0.9915280189
2019-01-10,-0.4901864278
2019-01-11,-0.3092269619
2019-01-14,0.05669057998
2019-01-15,-0.485087808
2019-01-16,-0.1841621147
2019-01-17,-0.008778089893
2019-01-18,-0.2329005952
2019-01-22,-0.1100473315
2019-01-23,0.2639104237
2019-01-24,-0.6566648395
2019-01-25,0.941784015
2019-01-28,0.1181955617
2019-01-29,0.03936749608
2019-01-30,0.414603339
2019-01-31,-0.3096990545
2019-02-01,0.1266126913
2019-02-04,-0.2183979203
2019-02-05,-0.1882044543
2019-02-06,-0.3950665777
2019-02-07,-0.2245658239
2019-02-08,-0.1764836108
2019-02-11,-0.4070982214
2019-02-12,0.4865543923
2019-02-13,-0.5752737345
2019-02-14,0.2260789579
2019-02-15,0.06197158359
2019-02-19,0.388658735
2019-02-20,-0.02204245386
2019-02-21,-0.01763746201
2019-02-22,-0.05734324499
2019-02-25,0.2599864861
2019-02-26,0.268090784
2019-02-27,-0.1845100027
2019-02-28,0.02198333672
2019-03-01,-0.07916263937
2019-03-04,-0.193772906
2019-03-05,-0.3046292725
2019-03-06,0.02652637179
2019-03-07,-1.151507666
2019-03-08,0.4506220399
2019-03-11,0.137903445
2019-03-12,0.4347061494
2019-03-13,0.331411452
2019-03-14,-0.2783117561
2019-03-15,0.1723795428
2019-03-18,0.1808996942
2019-03-19,0.1409629765
2019-03-20,0.6625010521
2019-03-21,-0.5876952137
2019-03-22,-0.6132958401
2019-03-25,0.1547816782
2019-03-26,-0.402931759
2019-03-27,-0.15985084
2019-03-28,-0.2491658686
2019-03-29,-0.05347355415
2019-04-01,-0.06242197456
2019-04-02,-0.08031412175
2019-04-03,0.3297685698
2019-04-04,-0.1246494396
2019-04-05,-0.05792581202
2019-04-08,0.4180942798
2019-04-09,-0.004438624915
2019-04-10,0.0709943678
2019-04-11,-0.1109508602
2019-04-12,0.3457603516
2019-04-15,0.05751067424
2019-04-16,-0.1992164813
2019-04-17,0.1461308795
2019-04-18,-0.6169708201
2019-04-22,0.2579040071
2019-04-23,-0.3068919615
2019-04-24,-0.6076601514
2019-04-25,-0.206370643
2019-04-26,0.1256676257
2019-04-29,0.3224220249
2019-04-30,0.2946430703
2019-05-01,-0.1918658421
2019-05-02,-0.2011848225
2019-05-03,0.2413732622
2019-05-06,0.01785634575
2019-05-07,-0.1340003774
2019-05-08,0.06702263382
2019-05-09,0.2275415353
2019-05-10,0.1113511462
2019-05-13,-0.008903530256
2019-05-14,-0.2094614933
2019-05-15,-0.04015974709
2019-05-16,-0.2323504173
2019-05-17,-0.1477336587
2019-05-20,0.04031264752
2019-05-21,-0.03135287688
2019-05-22,-0.07170065286
2019-05-23,0.2194210853
2019-05-24,0.2769466191
2019-05-28,-0.3888359946
2019-05-29,-0.3004823429
2019-05-30,0.02694570457
2019-05-31,0.3406852856
2019-06-03,0.6645728168
2019-06-04,0.08886914604
2019-06-05,-0.2935683987
2019-06-06,0.4444649301
2019-06-07,0.5219403215
2019-06-10,-0.1368563002
2019-06-11,0.0927295675
2019-06-12,-0.3625755652
2019-06-13,-0.1108033354
2019-06-14,-0.6049302319
2019-06-17,0.08473254013
2019-06-18,-0.1963322214
2019-06-19,0.3077131333
2019-06-20,0.5550512685
2019-06-21,0.7235857735
2019-06-24,0.1932452619
2019-06-25,-0.2416149834
2019-06-26,-0.02199397374
2019-06-27,0.02639218807
2019-06-28,0.03078208507
2019-07-01,-0.7502572815
2019-07-02,-0.03101393437
2019-07-03,-0.01772656774
2019-07-05,-0.4842624476
2019-07-08,-0.1604564438
2019-07-09,-0.01784439691
2019-07-10,0.4140608307
2019-07-11,0.03109659962
2019-07-12,0.1242897887
2019-07-15,-0.1242897887
2019-07-16,-0.4273130334
2019-07-17,0.1470949027
2019-07-18,0.4444254237
2019-07-19,-0.5023460741
2019-07-22,-0.07133303914
2019-07-23,-0.5545631386
2019-07-24,-0.1076909374
2019-07-25,0.06732042531
2019-07-26,-0.1841166292
2019-07-29,0.2110321148
2019-07-30,0.09414719038
2019-07-31,-0.7917982703
2019-08-01,0.2075532036
2019-08-02,0.1531324895
2019-08-05,0.7800281627
2019-08-06,0.008930564864
2019-08-07,0.05356664712
2019-08-08,-0.1518467533
2019-08-09,0.1429209712
2019-08-12,0.08476278083
2019-08-13,-0.3484324083
2019-08-14,-0.358632204
2019-08-15,-0.179799572
2019-08-16,-0.1846306786
2019-08-19,-0.1488531816
2019-08-20,0.2254487383
2019-08-21,-0.1487391255
2019-08-22,-0.02255554312
2019-08-23,0.5354463962
2019-08-26,-0.4092008318
2019-08-27,-0.05859419184
2019-08-28,-0.1263196054
2019-08-29,-0.1626457393
2019-08-30,-0.5986412436
2019-09-03,-0.218579322
2019-09-04,0.5863519902
2019-09-05,0.03171941935
2019-09-06,-0.09065361875
2019-09-09,0.2083805964
2019-09-10,-0.08148852821
2019-09-11,-0.2675677885
2019-09-12,0.4937610539
2019-09-13,0.1038773438
2019-09-16,-0.620346575
2019-09-17,0.5751957705
2019-09-18,-0.3483457118
2019-09-19,0.09965122897
2019-09-20,-0.2220863423
2019-09-23,-0.2089390295
2019-09-24,0.1907877384
2019-09-25,-0.6556504842
2019-09-26,-0.2561406514
2019-09-27,0.2195892735
2019-09-30,-0.3800109877
2019-10-01,0.3388747118
2019-10-02,0.2237597116
2019-10-03,0.08207186308
2019-10-04,0.1093244768
2019-10-07,-0.0774258231
2019-10-08,-0.1641587236
2019-10-09,0.1823819583
2019-10-10,0.3047465459
2019-10-11,0.2811793236
2019-10-14,-0.13595579
2019-10-15,0.08159565276
2019-10-16,0.3663587625
2019-10-17,0.4459567291
2019-10-18,0.3365269144
2019-10-21,-0.1120498515
2019-10-22,-0.1615726755
2019-10-23,0.01347436504
2019-10-24,-0.2968562428
2019-10-25,-0.1803426999
2019-10-28,0.2073660753
2019-10-29,0.07202665297
2019-10-30,0.2965627876
2019-10-31,0.08072835349
2019-11-01,0.1478329309
2019-11-04,-0.3722394701
2019-11-05,-0.5090215725
2019-11-06,-0.01806603139
2019-11-07,-0.2125207103
2019-11-08,-0.2220460865
2019-11-11,0.09975515473
2019-11-12,-0.195068903
2019-11-13,-0.02724919405
2019-11-14,0.1180262518
2019-11-15,0.3035041174
2019-11-18,0.1852731048
2019-11-19,0.02257081603
2019-11-20,-0.03611575137
2019-11-21,-0.1491155017
2019-11-22,-0.312507331
2019-11-25,-0.1089275286
2019-11-26,0.1225351307
2019-11-27,-0.2088536514
2019-11-29,0.1407971165
2019-12-02,0.6198694146
2019-12-03,-0.03609131141
2019-12-04,-0.01353760071
2019-12-05,0.2118788125
2019-12-06,-0.3880345978
2019-12-09,0.04519774088
2019-12-10,0.2752647211
2019-12-11,0.3912843149
2019-12-12,-0.06286201994
2019-12-13,-0.1393352586
2019-12-16,0.2515611587
2019-12-17,0.01794446194
2019-12-18,-0.2425223501
2019-12-19,0.0404612589
2019-12-20,-0.4234049837
2019-12-23,0.1398317736
2019-12-24,-0.04057618234
2019-12-26,0.1351899625
2019-12-27,0.6553279883
2019-12-30,0.2011218806
2019-12-31,0.1695218108
2020-01-02,-0.4332975309
2020-01-03,-0.06717270354
2020-01-06,0.2862896163
2020-01-07,-0.4432016208
2020-01-08,-0.2875631025
2020-01-09,-0.04950829365
2020-01-10,0.1304690321
2020-01-13,0.148257996
2020-01-14,-0.08084074814
2020-01-15,0.2154302705
2020-01-16,-0.1301002853
2020-01-17,-0.4048406411
2020-01-21,-0.04959311208
2020-01-22,0.04508566352
2020-01-23,-0.3341162581
2020-01-24,-0.2490548529
2020-01-27,-0.09979588036
2020-01-28,0.04537411031
2020-01-29,-0.136184142
2020-01-30,0.231402812
2020-01-31,0.5243423847
2020-02-03,-0.2934738093
2020-02-04,-0.1221581421
2020-02-05,-0.4264592254
2020-02-06,-0.1683616988
2020-02-07,-0.2873237559
2020-02-10,-0.3202198528
2020-02-11,0.0641260557
2020-02-12,-0.4037628793
2020-02-13,-0.3131190107
2020-02-14,-0.03690207155
2020-02-18,-0.3836646951
2020-02-19,0.1295936495
2020-02-20,-0.1851852381
2020-02-21,0.545313057
2020-02-24,0.03225583513
2020-02-25,0.2760526253
2020-02-26,0.02297002422
2020-02-27,0.987301191
2020-02-28,0.4085158421
2020-03-02,0.8839238575
2020-03-03,0.3988085854
2020-03-04,-0.3898291035
2020-03-05,0.8137760089
2020-03-06,0.6922899753
2020-03-09,1.287448853
2020-03-10,-1.336107425
2020-03-11,-0.2436486465
2020-03-12,-0.8194576897
2020-03-13,-0.6055323623
2020-03-16,0.5563296685
2020-03-17,-1.569225509
2020-03-18,-0.9406462052
2020-03-19,-2.025233155
2020-03-20,-0.1311721354
2020-03-23,0.5609588382
2020-03-24,0.4279474389
2020-03-25,1.034364597
2020-03-26,1.545329897
2020-03-27,0.6267916717
2020-03-30,-0.6313152281
2020-03-31,-0.1901743838
2020-04-01,-0.7643349313
2020-04-02,-0.9037795203
2020-04-03,-0.3693618863
2020-04-06,-0.1018141517
2020-04-07,0.976831248
2020-04-08,-0.4687939461
2020-04-09,0.7572490808
2020-04-13,-0.1738892124
2020-04-14,0.6300527622
2020-04-15,-0.6575366156
2020-04-16,-0.6250020345
2020-04-17,0.2118352162
2020-04-20,-0.1104667331
2020-04-21,0.02302396805
2020-04-22,-0.3782641285
2020-04-23,-0.3379554616
2020-04-24,0.2686057281
2020-04-27,0.1709757585
2020-04-28,0.02769827365
2020-04-29,0.3961678297
2020-04-30,0.7374698471
2020-05-01,0.2142646303
2020-05-04,-0.7496492573
2020-05-05,-0.4690957829
2020-05-06,-0.4898346208
2020-05-07,0.3329790803
2020-05-08,0.06923130454
2020-05-11,-0.2032145536
2020-05-12,0.3277102469
2020-05-13,-0.3277102469
2020-05-14,-0.1434222643
2020-05-15,0.1665356355
2020-05-18,0.9522348099
2020-05-19,0.04119653092
2020-05-20,0.5112532248
2020-05-21,-0.2918245653
2020-05-22,-0.4164098725
2020-05-26,0.7127874462
2020-05-27,0.1410405384
2020-05-28,0.6706264655
2020-05-29,0.2525823363
2020-06-01,0.32381409
2020-06-02,0.2690463934
2020-06-03,0.6828097487
2020-06-04,0.7841440113
2020-06-05,-0.3447974418
2020-06-08,0.04869734696
2020-06-09,0.349040494
2020-06-10,0.4664269655
2020-06-11,-0.7933401388
2020-06-12,-0.4123717184
2020-06-15,0.5450329212
2020-06-16,-0.469526022
2020-06-17,-0.1999956223
2020-06-18,-0.3252904858
2020-06-19,-0.1429273547
2020-06-22,0.6149203941
2020-06-23,0.4211279137
2020-06-24,-0.4522286581
2020-06-25,-0.2714309629
2020-06-26,0.04900104782
2020-06-29,0.08458165973
2020-06-30,-0.02225139637
2020-07-01,0.1512119479
2020-07-02,-0.1067141053
2020-07-06,0.6208996353
2020-07-07,-0.3277094293
2020-07-08,0.5352929236
2020-07-09,-0.4155987943
2020-07-10,0.1328256637
2020-07-13,0.43707714
2020-07-14,0.3430233365
2020-07-15,0.1798364412
2020-07-16,-0.2369253478
2020-07-17,0.5038897725
2020-07-20,0.06990563025
2020-07-21,0.6746929635
2020-07-22,0.4587958186
2020-07-23,0.1208407208
2020-07-24,0.4217962697
2020-07-27,0.8893888532
2020-07-28,-0.2685480844
2020-07-29,0.5363769192
2020-07-30,0.5757360751
2020-07-31,-0.5587552634
2020-08-03,-0.1274264285
2020-08-04,0.3309715755
2020-08-05,0.4775497718
2020-08-06,0.1306115756
2020-08-07,-0.7268456611
2020-08-10,-0.3824421438
2020-08-11,-0.06814310315
2020-08-12,0.4336188404
2020-08-13,0.1780038614
2020-08-14,0.236846668
2020-08-17,0.2994835097
2020-08-18,0.5167101752
2020-08-19,-0.7317413533
2020-08-20,0.1349755562
2020-08-21,-0.5706692299
2020-08-24,-0.02119856706
2020-08-25,0.3301869825
2020-08-26,-0.02113316012
2020-08-27,-0.08034676402
2020-08-28,0.6703935722
2020-08-31,0.2895329635
2020-09-01,-0.1719402407
2020-09-02,-0.5555803676
2020-09-03,0.08437750996
2020-09-04,-0.1139264665
2020-09-08,-0.5418690763
2020-09-09,0.2120172104
2020-09-10,0.1185335843
2020-09-11,0.1986517697
2020-09-14,0.1771853315
2020-09-15,-0.1349698632
2020-09-16,-0.3975307612
2020-09-17,0.4312903091
2020-09-18,-0.00843881857
2020-09-21,-0.7241651906
2020-09-22,-0.4515449632
2020-09-23,-0.4064263654
2020-09-24,0.04714454175
2020-09-25,-0.3691783545
2020-09-28,0.3777477019
2020-09-29,0.5980368101
2020-09-30,-0.144909031
2020-10-01,0.23005165
2020-10-02,-0.3239283371
2020-10-05,0.6128721941
2020-10-06,-0.2846886284
2020-10-07,0.08506656972
2020-10-08,-0.01275537322
2020-10-09,0.5639311941
2020-10-12,-0.1057596816
2020-10-13,-0.551760663
2020-10-14,0.02978786805
2020-10-15,-0.3964791074
2020-10-16,0.1195355334
2020-10-19,0.4342464996
2020-10-20,0.4619728914
2020-10-21,0.2913422797
2020-10-22,-0.3420972611
2020-10-23,0.3716063564
2020-10-26,-0.4647241148
2020-10-27,0.0127029831
2020-10-28,-0.5264063777
2020-10-29,-0.6190912756
2020-10-30,-0.2401270396
2020-11-02,-0.07300994548
2020-11-03,0.5526887958
2020-11-04,0.1152934773
2020-11-05,0.9345068433
2020-11-06,0.4471637909
2020-11-09,-0.5656171426
2020-11-10,-0.02963527466
2020-11-11,-0.2373988991
2020-11-12,0.2246953781
2020-11-13,0.2199662477
2020-11-16,0.1646577392
2020-11-17,0.1096213956
2020-11-18,-0.1054029653
2020-11-19,0.219113521
2020-11-20,-0.1727225285
2020-11-23,-0.1730213754
2020-11-24,0.4593253056
2020-11-25,0.2603293375
2020-11-27,0.2805638238
2020-11-30,-0.2470222529
2020-12-01,1.204206306
2020-12-02,0.2440690396
2020-12-03,0.3629318951
2020-12-04,-0.1483129675
2020-12-07,-0.1567915819
2020-12-08,-0.0165186868
2020-12-09,-0.2191305944
2020-12-10,0.5201679565
2020-12-11,-0.2102183334
2020-12-14,0.2472698561
2020-12-15,0.1069606816
2020-12-16,0.1889583211
2020-12-17,0.6463247567
2020-12-18,-0.1346471836
2020-12-21,-0.1103008875
2020-12-22,-0.6191208607
2020-12-23,0.3161895664
2020-12-24,-0.1025493865
2020-12-28,0.2500359961
2020-12-29,0.2984039658
2020-12-30,0.3422707278
2020-12-31,-0.6202076352
2021-01-04,0.2738551915
2021-01-05,0.3626218654
2021-01-06,0.243724225
2021-01-07,-0.4758137446
2021-01-08,-0.3184716068
2021-01-11,-0.5988533073
2021-01-12,0.4269475676
2021-01-13,-0.4187198236
2021-01-14,0.07812982284
2021-01-15,-0.7095153929
2021-01-19,0.4048755789
2021-01-20,-0.1650573949
2021-01-21,0.5107936629
2021-01-22,-0.004108885465
2021-01-25,-0.2221309017
2021-01-26,0.2139126242
2021-01-27,-0.5149872335
2021-01-28,0.173331726
2021-01-29,0.0741931529
2021-02-01,-0.6489905589
2021-02-02,-0.1618694192
2021-02-03,-0.03323639416
2021-02-04,-0.5583580488
2021-02-05,0.6912373973
2021-02-08,0.02489523269
2021-02-09,0.5337538791
2021-02-10,0.02888205825
2021-02-11,0.1030821656
2021-02-12,-0.1154591691
2021-02-16,-0.05777961366
2021-02-17,-0.5754875427
2021-02-18,0.4102187367
2021-02-19,0.210669884
2021-02-22,0.2843193707
2021-02-23,-0.03292316586
2021-02-24,0.1562885898
2021-02-25,-0.02466091258
2021-02-26,-0.8089523664
2021-03-01,-0.1742016202
2021-03-02,0.3729183074
2021-03-03,-0.2235840613
2021-03-04,-0.7656176873
2021-03-05,-0.4563254941
2021-03-08,-0.597619724
2021-03-09,0.4758604983
2021-03-10,0.2140295003
2021-03-11,0.5226529156
2021-03-12,-0.2421713083
2021-03-15,-0.2553317559
2021-03-16,-0.2055757893
2021-03-17,0.5987665748
2021-03-18,-0.5567779951
2021-03-19,-0.04198857972
2021-03-22,0.2600454448
2021-03-23,-0.7441855699
2021-03-24,-0.3000784146
2021-03-25,-0.3816798527
2021-03-26,0.2588531288
2021-03-29,-0.2546042282
2021-03-30,-0.408719915
2021-03-31,0.05544537706
2021-04-01,0.4254782405
2021-04-05,0.3136924997
2021-04-06,0.5066080831
2021-04-07,-0.008422471158
2021-04-08,0.3447409451
2021-04-09,-0.08817417068
2021-04-12,0.04619616654
2021-04-13,0.3897170059
2021-04-14,0.2005515839
2021-04-15,-0.03757279774
2021-04-16,0.05426728859
2021-04-19,0.4704715466
2021-04-20,-0.03323501339
2021-04-21,0.008309788936
2021-04-22,-0.174650743
2021-04-23,0.7133111985
2021-04-26,-0.08268221563
2021-04-27,-0.008271982799
2021-04-28,0.338591454
2021-04-29,-0.004122266423
2021-04-30,-0.8777797334
2021-05-03,0.3362882791
2021-05-04,-0.4028495595
2021-05-05,-0.09992506452
2021-05-06,0.5069192722
2021-05-07,0.8583743691
2021-05-10,-0.2180218474
2021-05-11,0.06175253896
2021-05-12,-0.6109662334
2021-05-13,0.09105584007
2021-05-14,0.4746289271
2021-05-17,0.1193342116
2021-05-18,0.5618337894
2021-05-19,-0.4344269127
2021-05-20,0.4507834861
2021-05-21,-0.352257266
2021-05-24,0.2540776713
2021-05-25,0.2534337524
2021-05-26,-0.4541835586
2021-05-27,0.06149683485
2021-05-28,-0.05739586907
2021-06-01,0.2293860835
2021-06-02,-0.07776845858
2021-06-03,-0.6614242629
2021-06-04,0.3127703278
2021-06-07,0.2134384917
2021-06-08,-0.1723572324
2021-06-09,0.03285286055
2021-06-10,-0.05749959087
2021-06-11,-0.5024722269
2021-06-14,0.09904668384
2021-06-15,0.05360935405
2021-06-16,-1.019359923
2021-06-17,-0.8574767587
2021-06-18,-0.2902759658
2021-06-21,0.4246112364
2021-06-22,0.1927913422
2021-06-23,-0.1466552399
2021-06-24,0.07544955717
2021-06-25,0.05864365769
2021-06-28,-0.125707119
2021-06-29,-0.2140654346
2021-06-30,-0.3409309445
2021-07-01,-0.101240201
2021-07-02,0.1518218915
2021-07-06,-0.3588394352
2021-07-07,-0.2328782676
2021-07-08,0.4483364106
2021-07-09,0.2697236969
2021-07-12,-0.1684920365
2021-07-13,-0.7277682964
2021-07-14,0.516753236
2021-07-15,-0.1860623
2021-07-16,-0.08045223054
2021-07-19,-0.05084530426
2021-07-20,-0.1272264803
2021-07-21,0.152652364
2021-07-22,-0.2545502202
2021-07-23,0.01274291177
2021-07-26,0.2841694204
2021-07-27,0.1354382905
2021-07-28,0.219696738
2021-07-29,0.3412613116
2021-07-30,-0.2189474559
2021-08-02,0.07584376549
2021-08-03,-0.04212832349
2021-08-04,-0.2362471568
2021-08-05,-0.01689617306
2021-08-06,-0.6484309978
2021-08-09,-0.2085595257
2021-08-10,-0.1407039693
2021-08-11,0.2045949309
2021-08-12,-0.05963029396
2021-08-13,0.5311589601
2021-08-16,-0.1696641059
2021-08-17,-0.5619427303
2021-08-18,0.004269034558
2021-08-19,-0.3078372605
2021-08-20,0.2181492406
2021-08-23,0.3795556511
2021-08-24,0.09360109601
2021-08-25,0.1147544593
2021-08-26,-0.1360197438
2021-08-27,0.3524195313
2021-08-30,0.0296654167
2021-08-31,0.05930444534
2021-09-01,0.2622120344
2021-09-02,0.303643958
2021-09-03,0.0505178086
2021-09-07,-0.3372684479
2021-09-08,-0.1859836532
2021-09-09,0.06767044752
2021-09-10,-0.1099877432
2021-09-13,-0.04656971782
2021-09-14,-0.0254108082
2021-09-15,0.1100668979
2021-09-16,-0.411252779
2021-09-17,-0.3276668393
2021-09-20,-0.00426248375
2021-09-21,-0.004262665445
2021-09-22,-0.2945635975
2021-09-23,0.4010757606
2021-09-24,-0.2174052906
2021-09-27,-0.153747628
2021-09-28,-0.111187148
2021-09-29,-0.7904160744
2021-09-30,-0.08629245045
2021-10-01,0.1250997726
2021-10-04,0.1981136786
2021-10-05,-0.2110477794
2021-10-06,-0.3282231407
2021-10-07,-0.03893996804
2021-10-08,0.1513481079
2021-10-11,-0.1816452363
2021-10-12,-0.151623483
2021-10-13,0.5232104989
2021-10-14,0.03449614109
2021-10-15,0.04741277216
2021-10-18,0.06892392795
2021-10-19,0.2150815988
2021-10-20,0.1417008632
2021-10-21,-0.2577874682
2021-10-22,0.1805209809
2021-10-25,-0.2665980251
2021-10-26,-0.1206324734
2021-10-27,0.01293187061
2021-10-28,0.6915686591
2021-10-29,-1.041317499
2021-11-01,0.4057676292
2021-11-02,-0.2026780055
2021-11-03,0.2112934962
2021-11-04,-0.4316864032
2021-11-05,0.09080885362
2021-11-08,0.1813706936
2021-11-09,0.06038387072
2021-11-10,-1.022805137
2021-11-11,-0.270447275
2021-11-12,-0.004368052068
2021-11-15,-0.7585593123
2021-11-16,-0.4145906349
2021-11-17,0.08393895039
2021-11-18,0.4406264014
2021-11-19,-0.7413652066
2021-11-22,-0.4617100322
2021-11-23,0.1200720577
2021-11-24,-0.4008021398
2021-11-26,0.8752305021
2021-11-29,-0.2125493427
2021-11-30,0.5525730745
2021-12-01,-0.2736946043
2021-12-02,-0.1105730005
2021-12-03,0.09731069416
2021-12-06,-0.234591233
2021-12-07,-0.1374692574
2021-12-08,0.7163101021
2021-12-09,-0.4769695038
2021-12-10,0.1990138419
2021-12-13,-0.2920226844
2021-12-14,-0.2662172129
2021-12-15,0.3016593539
2021-12-16,0.4022727172
2021-12-17,-0.8551036797
2021-12-20,0.3642020459
2021-12-21,0.0398927334
2021-12-22,0.4907063183
2021-12-23,-0.03528581547
2021-12-27,-0.05736601883
2021-12-28,-0.141349023
2021-12-29,0.3265669275
2021-12-30,-0.2558674415
2021-12-31,0.4978970873
2022-01-03,-0.7012929834
2022-01-04,-0.1062840541
2022-01-05,0.2345600863
2022-01-06,-0.1769755351
2022-01-07,0.6224498631
2022-01-10,-0.30853339
2022-01-11,0.3437338128
2022-01-12,0.7407278943
2022-01-13,0.02183167785
2022-01-14,-0.3279766797
2022-01-18,-0.8622259998
2022-01-19,0.2559238921
2022-01-20,-0.3708613522
2022-01-21,0.3311919302
2022-01-24,-0.1853323273
2022-01-25,-0.1414364877
2022-01-26,-0.5677549072
2022-01-27,-0.8756701623
2022-01-28,0.07177141115
2022-01-31,0.759406848
2022-02-01,0.2932814047
2022-02-02,0.3278110493
2022-02-03,1.099588841
2022-02-04,0.2141094524
2022-02-07,-0.1441457432
2022-02-08,-0.1706223754
2022-02-09,0.05690647793
2022-02-10,0.05250032933
2022-02-11,-0.78600532
2022-02-14,-0.4196768027
2022-02-15,0.5650480756
2022-02-16,0.206679786
2022-02-17,-0.1934746888
2022-02-18,-0.3129893009
2022-02-22,0
2022-02-23,-0.1679187315
2022-02-24,-0.9420198522
2022-02-25,0.5920206025
2022-02-28,-0.493850135
2022-03-01,-0.7161751214
2022-03-02,-0.02695660004
2022-03-03,-0.5813314855
2022-03-04,-1.168327871
2022-03-07,-0.5870230111
2022-03-08,0.3306243541
2022-03-09,1.492497104
2022-03-10,-0.8436189365
2022-03-11,-0.6076268781
2022-03-14,0.3522338447
2022-03-15,0.03195982221
2022-03-16,0.836444553
2022-03-17,0.4832127179
2022-03-18,-0.4153317333
2022-03-21,-0.3444060141
2022-03-22,0.1451576576
2022-03-23,-0.2314448175
2022-03-24,-0.04998977586
2022-03-25,-0.1455670548
2022-03-28,0.03641163392
2022-03-29,0.9150272215
2022-03-30,0.5710318792
2022-03-31,-0.7922259656
2022-04-01,-0.1447178255
2022-04-04,-0.708514182
2022-04-05,-0.6034579893
2022-04-06,-0.03210346516
2022-04-07,-0.2617982894
2022-04-08,0.05517241519
2022-04-11,0.05514199202
2022-04-12,-0.4927592922
2022-04-13,0.4835710715
2022-04-14,-0.5389855269
2022-04-18,-0.3794895335
2022-04-19,0.05099084593
2022-04-20,0.5960512044
2022-04-21,-0.1382998561
2022-04-22,-0.416050896
2022-04-25,-0.7439472634
2022-04-26,-0.6508275343
2022-04-27,-0.8065130381
2022-04-28,-0.4604037845
2022-04-29,0.365648483
2022-05-02,-0.4227532718
2022-05-03,0.1997242568
2022-05-04,0.7902187003
2022-05-05,-0.5482314407
2022-05-06,-0.02843871476
2022-05-09,0.1042357718
2022-05-10,-0.2180715759
2022-05-11,-0.1852600107
2022-05-12,-1.369163042
2022-05-13,0.2791818901
2022-05-16,0.2927838133
2022-05-17,1.082070762
2022-05-18,-0.7614733158
2022-05-19,1.191988469
2022-05-20,-0.3262645635
2022-05-23,1.223890254
2022-05-24,0.4062104337
2022-05-25,-0.4951430146
2022-05-26,0.434549664
2022-05-27,0.09320533809
2022-05-31,0.013973311
2022-06-01,-0.7996114709
2022-06-02,0.9206317799
2022-06-03,-0.2608413608
2022-06-06,-0.2334704086
2022-06-07,0.1168033398
2022-06-08,0.05601718007
2022-06-09,-0.9424521756
2022-06-10,-0.8943629945
2022-06-13,-1.036823354
2022-06-14,0.00480272795
2022-06-15,0.4121740798
2022-06-16,1.018329047
2022-06-17,-0.6316660361
2022-06-21,0.351945574
2022-06-22,0.3365171316
2022-06-23,-0.379255219
2022-06-24,0.3035191555
2022-06-27,0.2034107468
2022-06-28,-0.5164297361
2022-06-29,-0.8108023624
2022-06-30,0.3632891185
2022-07-01,-0.4830811738
2022-07-05,-1.565627534
2022-07-06,-0.7773769805
2022-07-07,-0.201439624
2022-07-08,0.1179651157
2022-07-11,-1.320265426
2022-07-12,-0.1245175108
2022-07-13,0.2687638488
2022-07-14,-0.4383568663
2022-07-15,0.6667354781
2022-07-18,0.6031858494
2022-07-19,0.7660238784
2022-07-20,-0.4313943648
2022-07-21,0.333513478
2022-07-22,0.004896320416
2022-07-25,0.132110111
2022-07-26,-1.096399783
2022-07-27,0.9349081529
2022-07-28,-0.2206369947
2022-07-29,0.3381113107
2022-08-01,0.3662202877
2022-08-02,-0.8762753415
2022-08-03,-0.004917025201
2022-08-04,0.7543878238
2022-08-05,-0.6610056628
2022-08-08,0.1423627545
2022-08-09,0.1519570891
2022-08-10,0.9311916737
2022-08-11,0.1309376778
2022-08-12,-0.549144862
2022-08-15,-0.9744708995
2022-08-16,0.09345105567
2022-08-17,0.09827527694
2022-08-18,-0.8532937912
2022-08-19,-0.5364073654
2022-08-22,-0.9708328266
2022-08-23,0.2611492043
2022-08-24,0.02507459706
2022-08-25,0.05514199202
2022-08-26,-0.1153315911
2022-08-29,0.3005863693
2022-08-30,0.2198571815
2022-08-31,0.3139563539
2022-09-01,-1.045349255
2022-09-02,0.08543787428
2022-09-06,-0.4935297322
2022-09-07,1.054597229
2022-09-08,-0.09996002432
2022-09-09,0.4639685042
2022-09-12,0.6944127899
2022-09-13,-1.413732541
2022-09-14,0.06014133394
2022-09-15,0.1551979084
2022-09-16,0.1799280773
2022-09-19,0.1097968868
2022-09-20,-0.4800009216
2022-09-21,-1.26092355
2022-09-22,-0.1168076109
2022-09-23,-1.520727701
2022-09-26,-0.8497460457
2022-09-27,-0.1510141667
2022-09-28,1.428078287
2022-09-29,0.7013620785
2022-09-30,0
2022-10-03,0.2852778297
2022-10-04,1.629744187
2022-10-05,-1.056560443
2022-10-06,-0.9043858004
2022-10-07,-0.588673605
2022-10-10,-0.3754858718
2022-10-11,0.08241900224
2022-10-12,-0.09272615542
2022-10-13,0.7547593142
2022-10-14,-0.4819780648
2022-10-17,1.093912662
2022-10-18,0.2234410842
2022-10-19,-0.8558381327
2022-10-20,0.1176019565
2022-10-21,0.788948688
2022-10-24,0.1216052035
2022-10-25,0.9374596149
2022-10-26,1.142242511
2022-10-27,-1.102118125
2022-10-28,-0.05015799874
2022-10-31,-0.8363190465
2022-11-01,-0.05566660906
2022-11-02,-0.4922243719
2022-11-03,-0.7916080254
2022-11-04,2.125634883
2022-11-07,0.5955526448
2022-11-08,0.5076658325
2022-11-09,-0.6075110807
2022-11-10,1.845901725
2022-11-11,1.561733559
2022-11-14,-0.2803830513
2022-11-15,0.2417562342
2022-11-16,0.4288853164
2022-11-17,-0.2841116206
2022-11-18,-0.4204224909
2022-11-21,-0.8071225807
2022-11-22,0.5695524706
2022-11-23,0.9853724128
2022-11-25,0.03364009932
2022-11-28,-0.6797991611
2022-11-29,-0.09680074324
2022-11-30,0.7910136262
2022-12-01,1.113166309
2022-12-02,0.09022914063
2022-12-05,-0.4614990231
2022-12-06,-0.1479396104
2022-12-07,0.3813341768
2022-12-08,0.4367441075
2022-12-09,-0.2371242693
2022-12-12,0.05221560416
2022-12-13,0.859996795
2022-12-14,0.4928083566
2022-12-15,-0.506924343
2022-12-16,-0.3110569008
2022-12-19,0.1132235815
2022-12-20,0.1036757869
2022-12-21,-0.04239983104
2022-12-22,-0.1225894821
2022-12-23,0.1744090569
2022-12-27,0.2352056781
2022-12-28,-0.3153017977
2022-12-29,0.5640172876
2022-12-30,0.3509021777
2023-01-03,-1.448959819
2023-01-04,0.4916105387
2023-01-05,-0.7905927987
2023-01-06,1.195299233
2023-01-09,0.7905549301
2023-01-10,0.04658312843
2023-01-11,0.1675198158
2023-01-12,0.9071616409
2023-01-13,-0.1798520165
2023-01-17,-0.3606773539
2023-01-18,-0.03706620994
2023-01-19,0.3654281653
2023-01-20,0.2536258305
2023-01-23,0.1058712612
2023-01-24,0.1241408008
2023-01-25,0.302808086
2023-01-26,-0.2063605621
2023-01-27,-0.2435942834
2023-01-30,-0.1796283559
2023-01-31,0.239432843
2023-02-01,1.061309138
2023-02-02,-0.6757399469
2023-02-03,-1.110226767
2023-02-06,-0.5947143858
2023-02-07,-0.04194924203
2023-02-08,-0.1026167355
2023-02-09,0.1818394253
2023-02-10,-0.5090495523
2023-02-13,0.4111771049
2023-02-14,0.1397884762
2023-02-15,-0.4433355372
2023-02-16,-0.1591462609
2023-02-17,0.1965556604
2023-02-21,-0.4592322972
2023-02-22,-0.4000287707
2023-02-23,0.004715535332
2023-02-24,-0.5342676003
2023-02-27,0.5766974149
2023-02-28,-0.2973874598
2023-03-01,0.8332793078
2023-03-02,-0.6066182106
2023-03-03,0.3249278835
2023-03-06,0.3941446544
2023-03-07,-1.187125304
2023-03-08,-0.03317771436
2023-03-09,0.3029301318
2023-03-10,0.5420322935
2023-03-13,0.8705067373
2023-03-14,0.107118749
2023-03-15,-1.510205984
2023-03-16,0.3255410863
2023-03-17,0.4371026629
2023-03-20,0.5798473109
2023-03-21,0.4280469942
2023-03-22,0.8874567142
2023-03-23,-0.2349635966
2023-03-24,-0.75003824
2023-03-27,0.3572012241
2023-03-28,0.4666105345
2023-03-29,-0.07838617116
2023-03-30,0.620791546
2023-03-31,-0.5608436528
2023-04-03,0.5562593357
2023-04-04,0.4665211535
2023-04-05,-0.4894458917
2023-04-06,0.1740963467
2023-04-10,-0.550813841
2023-04-11,0.4683849312
2023-04-12,0.680290262
2023-04-13,0.5264364325
2023-04-14,-0.4536595359
2023-04-17,-0.5974251038
2023-04-18,0.3652638524
2023-04-19,-0.1459454788
2023-04-20,0.0775600559
2023-04-21,0.2414194809
2023-04-24,0.4856251176
2023-04-25,-0.6677745304
2023-04-26,0.5953074771
2023-04-27,-0.09972802277
2023-04-28,-0.0453638186
2023-05-01,-0.4228720636
2023-05-02,0.3002868629
2023-05-03,0.4397006246
2023-05-04,-0.3624998305
2023-05-05,0.036309173
2023-05-08,-0.1498603854
2023-05-09,-0.3551107761
2023-05-10,0.1777130175
2023-05-11,-0.598188957
2023-05-12,-0.5971812501
2023-05-15,0.2117182178
2023-05-16,-0.1104057523
2023-05-17,-0.211952344
2023-05-18,-0.6107171753
2023-05-19,0.2965711164
2023-05-22,0.04625988888
2023-05-23,-0.4031796365
2023-05-24,-0.1626583372
2023-05-25,-0.27013197
2023-05-26,0.08391217685
2023-05-30,0
2023-05-31,-0.4062294009
2023-06-01,0.708660712
2023-06-02,-0.5076744096
2023-06-05,0.04201582658
2023-06-06,-0.1915485647
2023-06-07,0.0140281967
2023-06-08,0.7963716556
2023-06-09,-0.3252337579
2023-06-12,0.1488095513
2023-06-13,0.2969564172
2023-06-14,0.3237895423
2023-06-15,1.106810536
2023-06-16,-0.1142465565
2023-06-20,-0.2013914998
2023-06-21,0.6849029102
2023-06-22,-0.2733985117
2023-06-23,-0.6133023023
2023-06-26,0.1422181683
2023-06-27,0.5121415922
2023-06-28,-0.4250754852
2023-06-29,-0.4268900931
2023-06-30,0.3994037216
2023-07-03,0.02290583422
2023-07-05,-0.5557994143
2023-07-06,0.3081383081
2023-07-07,0.7137985008
2023-07-10,0.2868266666
2023-07-11,0.07725692856
2023-07-12,1.178689104
2023-07-13,0.8004156579
2023-07-14,-0.004453847011
2023-07-17,0.1602136524
2023-07-18,-0.1245884294
2023-07-19,-0.2362539267
2023-07-20,-0.6402385819
2023-07-21,-0.05840728011
2023-07-24,-0.5859567834
2023-07-25,-0.07687959678
2023-07-26,0.4018336219
2023-07-27,-1.17389795
2023-07-28,0.5093235203
2023-07-31,-0.2497900792
2023-08-01,-0.1183001321
2023-08-02,-0.3923004758
2023-08-03,0.04112687699
2023-08-04,0.5785497768
2023-08-07,-0.02725785952
2023-08-08,-0.4325758629
2023-08-09,0.1504753938
2023-08-10,0.05010818918
2023-08-11,-0.291891113
2023-08-14,-0.4027465398
2023-08-15,0.02751157796
2023-08-16,-0.2892497598
2023-08-17,-0.02299220574
2023-08-18,0.004598864081
2023-08-21,0.2159083917
2023-08-22,-0.4599400988
2023-08-23,0.1658222397
2023-08-24,-0.5353035394
2023-08-25,-0.0277662087
2023-08-28,0.1387540114
2023-08-29,0.6220214955
2023-08-30,0.3301695117
2023-08-31,-0.7167501394
2023-09-01,-0.6337186137
2023-09-05,-0.4977564763
2023-09-06,0.04662439473
2023-09-07,-0.294097264
2023-09-08,0.04206688697
2023-09-11,0.4615715587
2023-09-12,-0.1908975088
2023-09-13,0.03261806604
2023-09-14,-0.8374513843
2023-09-15,0.1643000018
2023-09-18,0.2529630805
2023-09-19,-0.06084006272
2023-09-20,-0.2061953024
2023-09-21,0.009381743135
2023-09-22,-0.1455160207
2023-09-25,-0.4802947501
2023-09-26,-0.2173605732
2023-09-27,-0.607327735
2023-09-28,0.5505471903
2023-09-29,0.08042959296
2023-10-02,-0.8692196176
2023-10-03,-0.09068130916
2023-10-04,0.4193078045
2023-10-05,0.3228106292
2023-10-06,0.3831694179
2023-10-09,-0.193766454
2023-10-10,0.330594426
2023-10-11,0.07541123042
2023-10-12,-0.7709263239
2023-10-13,-0.1615586001
2023-10-16,0.4649626444
2023-10-17,0.1324503505
2023-10-18,-0.3931325371
2023-10-19,0.497077739
2023-10-20,0.04249191537
2023-10-23,0.6868029631
2023-10-24,-0.6915233955
2023-10-25,-0.2268431975
2023-10-26,-0.1088783274
2023-10-27,0.1325318507
2023-10-30,0.4389387578
2023-10-31,-0.3443805739
2023-11-01,-0.1229430834
2023-11-02,0.5285274915
2023-11-03,0.9508936441
2023-11-06,-0.04663091714
2023-11-07,-0.2334813108
2023-11-08,0.1401541925
2023-11-09,-0.4304301583
2023-11-10,0.1967305895
2023-11-13,0.1356122633
2023-11-14,1.695898304
2023-11-15,-0.3636283954
2023-11-16,0.03227368109
2023-11-17,0.5699854549
2023-11-20,0.3066293792
2023-11-21,-0.2745494541
2023-11-22,-0.2247758922
2023-11-24,0.485615761
2023-11-27,0.1507021635
2023-11-28,0.2870749961
2023-11-29,-0.1457128804
2023-11-30,-0.8006447894
2023-12-01,-0.05054101971
2023-12-04,-0.4190947254
2023-12-05,-0.3606273269
2023-12-06,-0.3015194213
2023-12-07,0.306151088
2023-12-08,-0.2968599981
2023-12-11,0.0139350164
2023-12-12,0.3014495036
2023-12-13,0.7749473719
2023-12-14,1.019460702
2023-12-15,-0.9046527635
2023-12-18,0.2338002761
2023-12-19,0.5388633005
2023-12-20,-0.4290284992
2023-12-21,0.6519433153
2023-12-22,0.08630283745
2023-12-26,0.2720473226
2023-12-27,0.5779058027
2023-12-28,-0.3698362505
2023-12-29,-0.2216543553
2024-01-02,-0.8869943755
2024-01-03,-0.2012349181
2024-01-04,0.2560469599
2024-01-05,-0.09137010092
2024-01-08,0.1370238636
2024-01-09,-0.2422027918
2024-01-10,0.3425677637
2024-01-11,0.05470210284
2024-01-12,-0.1824568312
2024-01-16,-0.7331747089
2024-01-17,0.08734628759
2024-01-18,-0.1103448388
2024-01-19,0.2389267816
2024-01-22,-0.1010147476
2024-01-23,-0.3128740935
2024-01-24,0.2761161441
2024-01-25,-0.3683245416
2024-01-26,0.1336744535
2024-01-29,-0.2121184969
2024-01-30,0.1199483443
2024-01-31,-0.3371438363
2024-02-01,0.5904076191
2024-02-02,-0.7292901006
2024-02-05,-0.4643396159
2024-02-06,0.1302325765
2024-02-07,0.1486298462
2024-02-08,0.04640155992
2024-02-09,0.07883327172
2024-02-12,-0.1113121028
2024-02-13,-0.6237800693
2024-02-14,0.1912715472
2024-02-15,0.4046611257
2024-02-16,0.04640802014
2024-02-20,0.3150046613
2024-02-21,0.06473090664
2024-02-22,0.04159061036
2024-02-23,0.004620111345
2024-02-26,0.2629941304
2024-02-27,-0.05992026175
2024-02-28,-0.05995618766
2024-02-29,-0.2725615528
2024-03-01,0.2679480491
2024-03-04,0.1705580426
2024-03-05,0.01381628943
2024-03-06,0.381495648
2024-03-07,0.4394404215
2024-03-08,-0.095962719
2024-03-11,-0.09605489589
2024-03-12,0
2024-03-13,0.196584972
2024-03-14,-0.51743596
2024-03-15,-0.0137737885
2024-03-18,-0.1838320293
2024-03-19,-0.04140882067
2024-03-20,0.5140927507
2024-03-21,-0.5923562264
2024-03-22,-0.466244353
2024-03-25,0.3095334065
2024-03-26,-0.1015322221
2024-03-27,-0.009235315854
2024-03-28,-0.3654788829
2024-04-01,-0.4273113794
2024-04-02,0.2417481419
2024-04-03,0.6064412262
2024-04-04,0.004615207108
2024-04-05,0.01384434345
2024-04-08,0.1982252579
2024-04-09,-0.004605429803
2024-04-10,-1.041651973
2024-04-11,-0.1397103566
2024-04-12,-0.8470859123
2024-04-15,-0.1128615215
2024-04-16,-0.04235593164
2024-04-17,0.4649314501
2024-04-18,-0.2627259311
2024-04-19,0.107988836
2024-04-22,-0.02815975989
2024-04-23,0.4776408051
2024-04-24,-0.01868809574
2024-04-25,0.265976219
2024-04-26,-0.2753215767
2024-04-29,0.1960693406
2024-04-30,-0.4534095224
2024-05-01,0.1591611608
2024-05-02,0.3501976357
2024-05-03,0.3443305249
2024-05-06,0.03251050815
2024-05-07,-0.1022114938
2024-05-08,-0.1023160725
2024-05-09,0.3437387257
2024-05-10,-0.09742745905
2024-05-13,0.157692162
2024-05-14,0.2869176849
2024-05-15,0.5713774645
2024-05-16,-0.1379373983
2024-05-17,0.05059914089
2024-05-20,-0.1150350984
2024-05-21,-0.03683919732
2024-05-22,-0.3229231943
2024-05-23,-0.1017058938
2024-05-24,0.3601278189
2024-05-28,0.1105481458
2024-05-29,-0.5447089127
2024-05-30,0.2588758842
2024-05-31,0.1937180625
2024-06-03,0.4505547597
2024-06-04,-0.1744640266
2024-06-05,-0.06435302451
2024-06-06,0.1424403485
2024-06-07,-0.8206592854
2024-06-10,-0.3478103073
2024-06-11,-0.2139237201
2024-06-12,0.6172715861
2024-06-13,-0.612616201
2024-06-14,-0.3217310961
2024-06-17,0.2472189145
2024-06-18,0.06054537595
2024-06-20,-0.3124346779
2024-06-21,-0.126182982
2024-06-24,0.4106781953
2024-06-25,-0.1864628547
2024-06-26,-0.3271489575
2024-06-27,0.2057613895
2024-06-28,0.07471747803
2024-07-01,0.256416374
2024-07-02,0.06981777844
2024-07-03,0.4642102849
2024-07-05,0.4205667666
2024-07-08,-0.1523088934
2024-07-09,-0.09704476373
2024-07-10,0.1339894395
2024-07-11,0.3318893062
2024-07-12,0.3812328068
2024-07-15,-0.06878998689
2024-07-16,0.02752167349
2024-07-17,0.311384078
2024-07-18,-0.3572577427
2024-07-19,-0.1607237505
2024-07-22,0.06891324096
2024-07-23,-0.3312175261
2024-07-24,-0.1106500804
2024-07-25,0.06456075853
2024-07-26,0.1105787064
2024-07-29,-0.3136244615
2024-07-30,-0.1248006818
2024-07-31,0.1155615263
2024-08-01,-0.3053720043
2024-08-02,1.133495986
2024-08-05,0.420629735
2024-08-06,-0.2649734293
2024-08-07,-0.05948704044
2024-08-08,-0.06868289379
2024-08-09,0.02747881858
2024-08-12,0.1144138703
2024-08-13,0.5883040568
2024-08-14,0.154482288
2024-08-15,-0.3547554546
2024-08-16,0.4591230194
2024-08-19,0.5337447084
2024-08-20,0.3692367307
2024-08-21,0.2424134784
2024-08-22,-0.3863436971
2024-08-23,0.7443980562
2024-08-26,-0.2863408515
2024-08-27,0.2237738134
2024-08-28,-0.6368305673
2024-08-29,-0.3379980234
2024-08-30,-0.207872098
2024-09-03,-0.0995700467
2024-09-04,0.3254975749
2024-09-05,0.2299214321
2024-09-06,-0.1351838706
2024-09-09,-0.4519373173
2024-09-10,-0.1042351276
2024-09-11,-0.08618930425
2024-09-12,0.4798995085
2024-09-13,0.0677246792
2024-09-16,0.459315438
2024-09-17,-0.1168802111
2024-09-18,-0.09450307838
2024-09-19,0.507467127
2024-09-20,0
2024-09-23,-0.421960495
2024-09-24,0.5517812264
2024-09-25,-0.4528648027
2024-09-26,0.4662849194
2024-09-27,-0.1253245173
2024-09-30,-0.282555746
2024-10-01,-0.5810696289
2024-10-02,-0.1718135794
2024-10-03,-0.1857094861
2024-10-04,-0.4726207389
2024-10-07,-0.03644813016
2024-10-08,0.05011275474
2024-10-09,-0.3604594052
2024-10-10,-0.03657477296
2024-10-11,-0.0091457838
2024-10-14,-0.2701776114
2024-10-15,-0.1560277495
2024-10-16,-0.2667281416
2024-10-17,-0.2766763731
2024-10-18,0.3319199064
2024-10-21,-0.4474280395
2024-10-22,-0.1897226455
2024-10-23,-0.08340670517
2024-10-24,0.3978723731
2024-10-25,-0.3098340012
2024-10-28,0.1850909788
2024-10-29,-0.01386994616
2024-10-30,0.4290763002
2024-10-31,0.1564081651
2024-11-01,-0.382251139
2024-11-04,0.3638628706
2024-11-05,0.4541188052
2024-11-06,-1.749773412
2024-11-07,0.6221581959
2024-11-08,-0.7899669334
2024-11-11,-0.5801728715
2024-11-12,-0.3101797768
2024-11-13,-0.5711738722
2024-11-14,-0.3936919588
2024-11-15,0.07126398857
2024-11-18,0.6107828936
2024-11-19,0.009440196363
2024-11-20,-0.5110501824
2024-11-21,-0.5756849165
2024-11-22,-0.6174188614
2024-11-25,0.7461650346
2024-11-26,-0.1096622038
2024-11-27,0.8029881837
2024-11-29,0.0189277434
2024-12-02,-0.6407996295
2024-12-03,0.085677572
2024-12-04,0.03805537102
2024-12-05,0.6778080222
2024-12-06,-0.1986004057
2024-12-09,-0.1278802836
2024-12-10,-0.2229972694
2024-12-11,-0.3235171003
2024-12-12,-0.2385497314
2024-12-13,0.2861914665
2024-12-16,0.09997382471
2024-12-17,-0.1857452967
2024-12-18,-1.184467297
2024-12-19,0.02893937222
2024-12-20,0.5866247529
2024-12-23,-0.2207824271
2024-12-24,-0.1683137765
2024-12-26,0.3027611223
2024-12-27,0.05756500207
2024-12-30,-0.2593038668
2024-12-31,-0.3902208974
2025-01-02,-0.9408410817
2025-01-03,0.4327222019
2025-01-06,0.7925043894
2025-01-07,-0.4196316299
2025-01-08,-0.2758889483
2025-01-10,-0.6955111814
2025-01-13,-0.2736915838
2025-01-14,0.8333990776
2025-01-15,-0.05825808496
2025-01-16,0.03884249418
2025-01-17,-0.2381474237
2025-01-21,1.396461533
2025-01-22,-0.07680491929
2025-01-23,0.05280971822
2025-01-24,0.7364226089
2025-01-27,-0.06195639421
2025-01-28,-0.5401671874
2025-01-29,-0.2015162375
2025-01-30,-0.02882121261
2025-01-31,-0.3272222736
2025-02-03,-0.7547570785
2025-02-04,0.8703695968
2025-02-05,0.1875857312
2025-02-06,-0.1538905757
2025-02-07,-0.5888900544
2025-02-10,-0.203537749
2025-02-11,0.5418494147
2025-02-12,0.2794509166
2025-02-13,0.671336558
2025-02-14,0.2863417056
2025-02-18,-0.4202489471
2025-02-19,-0.2155844369
2025-02-20,0.7406202475
2025-02-21,-0.4006874279
2025-02-24,0.03822995363
2025-02-25,0.4909096435
2025-02-26,-0.2904418183
2025-02-27,-0.7706521639
2025-02-28,-0.2935446395
2025-03-03,1.030813395
2025-03-04,1.194836651
2025-03-05,1.719588188
2025-03-06,-0.05097430542
2025-03-07,0.5592933297
2025-03-10,-0.142992252
2025-03-11,0.8091254147
2025-03-12,-0.2705120744
2025-03-13,-0.3864027992
2025-03-14,0.3221059291
2025-03-17,0.3393875942
2025-03-18,0.2378013651
2025-03-19,-0.4348728558
2025-03-20,-0.4183433293
2025-03-21,-0.3276195164
2025-03-24,-0.1433824625
2025-03-25,-0.06482081901
2025-03-26,-0.4084100911
2025-03-27,0.4037784243
2025-03-28,0.2821398232
2025-03-31,-0.1062871238
2025-04-01,-0.222181169
2025-04-02,0.5545300716
2025-04-03,1.622707301
2025-04-04,-0.7646480295
2025-04-07,-0.2470266581
2025-04-08,0.342928024
2025-04-09,-0.1690308541
2025-04-10,2.434572943
2025-04-11,1.215254234
2025-04-14,0.1145525966
2025-04-15,-0.6405322839
2025-04-16,0.9175590424
2025-04-17,-0.1142355133
2025-04-21,1.219074368
2025-04-22,-0.8023065623
2025-04-23,-0.8220368509
2025-04-24,0.5019383557
2025-04-25,-0.2198382876
2025-04-28,0.5486922003
2025-04-29,-0.3508160062
2025-04-30,-0.4579085141
2025-05-01,-0.3669566644
2025-05-02,0.1416368138
2025-05-05,0.09284025513
2025-05-06,0.5068881377
2025-05-07,-0.5776157509
2025-05-08,-0.7144947963
2025-05-09,0.2757518203
2025-05-12,-1.476536892
2025-05-13,0.8751318053
2025-05-14,-0.201274808
2025-05-15,0.1476411247
2025-05-16,-0.308953164
2025-05-19,0.8084190614
2025-05-20,0.3596726863
2025-05-21,0.3407158322
2025-05-22,-0.3540139993
2025-05-23,0.7463874774
2025-05-27,-0.2864132034
2025-05-28,-0.3669242197
2025-05-29,0.6841330503
2025-05-30,-0.09241534752
2025-06-02,0.7806372421
2025-06-03,-0.6706286503
2025-06-04,0.3818892774
2025-06-05,0.2231899572
2025-06-06,-0.3634854776
2025-06-09,0.2322576035
2025-06-10,0.02625935505
2025-06-11,0.4976220492
2025-06-12,0.8066308535
2025-06-13,-0.2248552361
2025-06-16,0.04760771335
2025-06-17,-0.611967796
2025-06-18,-0.09146541285
2025-06-20,0.3610190737
2025-06-23,0.5412557326
2025-06-24,0.2975230188
2025-06-25,0.3910367443
2025-06-26,0.3937855536
2025-06-27,0.01708598526
2025-06-30,0.6216489405
2025-07-01,0.09757960936
2025-07-02,0.09748448438
2025-07-03,-0.4245389522
2025-07-07,-0.2811862793
2025-07-08,0.04265483771
2025-07-09,-0.04692132234
2025-07-10,-0.2007303841
2025-07-11,-0.06414779872
2025-07-14,-0.1712622443
2025-07-15,-0.5758750712
2025-07-16,0.301243934
2025-07-17,-0.3314182989
2025-07-18,0.2153316939
2025-07-21,0.5748128387
2025-07-22,0.5289889047
2025-07-23,0.1870351236
2025-07-24,-0.1274859938
2025-07-25,-0.1233911443
2025-07-28,-1.307040098
2025-07-29,-0.3586633925
2025-07-30,-1.096903137
2025-07-31,-0.1007159676
2025-08-01,1.361986113
2025-08-04,-0.008644163034
2025-08-05,0.03889285069
2025-08-06,0.7275264014
2025-08-07,-0.02144864131
2025-08-08,-0.103017565
2025-08-11,-0.3226156148
2025-08-12,0.5970936359
2025-08-13,0.2139129762
2025-08-14,-0.4411614393
2025-08-15,0.4539816782
2025-08-18,-0.2867109395
2025-08-19,-0.1801493153
2025-08-20,0.05579519019
2025-08-21,-0.4127617865
2025-08-22,0.9860744422
2025-08-25,-0.9473055689
2025-08-26,0.2666668247
2025-08-27,-0.05585512186
2025-08-28,0.4160150104
2025-08-29,0.1368632864
2025-09-02,-0.4884328476
2025-09-03,0.1459227727
2025-09-04,-0.06435144691
2025-09-05,0.5734107885
2025-09-08,0.3790383789
2025-09-09,-0.4772261816
2025-09-10,-0.05126671621
2025-09-11,0.3114669185
2025-09-12,-0.004260123118
2025-09-15,0.2467876327
2025-09-16,0.8042030983
2025-09-17,-0.3039901011
2025-09-18,-0.3346113798
2025-09-19,-0.3187084393
2025-09-22,0.4459079477
2025-09-23,0.1397328367
2025-09-24,-0.6665417702
2025-09-25,-0.6624380487
2025-09-26,0.3894469219
2025-09-29,0.1834980351
2025-09-30,0.1065303179
2025-10-01,-0.08095268971
2025-10-02,-0.09808312264
2025-10-03,0.1875533372
2025-10-06,-0.2558418588
2025-10-07,-0.5179473514
2025-10-08,-0.1933114849
2025-10-09,-0.5908372983
2025-10-10,0.461755055
2025-10-13,-0.4012171305
2025-10-14,0.3366134716
2025-10-15,0.3354841856
2025-10-16,0.3814263094
2025-10-17,-0.1583938344
2025-10-20,-0.2530941016
2025-10-21,-0.3485148634
2025-10-22,0.04740051367
2025-10-23,0.09042954648
2025-10-24,0.1290433765
2025-10-27,0.1374629711
2025-10-28,0.04291845559
2025-10-29,-0.455875553
2025-10-30,-0.3065169581
2025-10-31,-0.3334852265
2025-11-03,-0.05207203416
2025-11-04,-0.3434860657
2025-11-05,0.07401441442
2025-11-06,0.5122428287
2025-11-07,0.1471097531
2025-11-10,-0.004323669932
2025-11-11,0.1684847574
2025-11-12,0.05178440542
2025-11-13,0.3746371052
2025-11-14,-0.1075107077
2025-11-17,-0.2757552697
2025-11-18,-0.06905779548
2025-11-19,-0.4673916848
2025-11-20,-0.004337924304
2025-11-21,-0.07377351865
2025-11-24,0.04340277846
2025-11-25,0.3681650071
2025-11-26,0.2504427234
2025-11-28,0.07759624479
2025-12-01,0.05600430949
2025-12-02,0.1291211335
2025-12-03,0.3520828025
2025-12-04,-0.1801802289
2025-12-05,-0.004293964833
2025-12-08,-0.05154196489
2025-12-09,-0.0945626548
2025-12-10,0.5745910067
2025-12-11,0.4011099895
2025-12-12,-0.01277655929
2025-12-15,0.09791192966
2025-12-16,-0.02553300154
2025-12-17,-0.07237892812
2025-12-18,-0.1491806001
2025-12-19,-0.1024240445
2025-12-22,0.3835504382
2025-12-23,0.2930622837
2025-12-24,-0.1103284505
2025-12-26,-0.01273804218
2025-12-29,-0.0382238649
2025-12-30,-0.2253929381
2025-12-31,-0.02980689413
2026-01-02,-0.1960952116
2026-01-05,0.06398635176
2026-01-06,-0.3246201381
2026-01-07,-0.06847556546
2026-01-08,-0.2357430208
2026-01-09,-0.1460105043
2026-01-12,0.2618083429
2026-01-13,-0.1673066176
2026-01-14,-0.02146982424
2026-01-15,-0.3312187134
2026-01-16,-0.04309601859
2026-01-20,1.029212739
2026-01-21,-0.2777008172
2026-01-22,0.5291017634
2026-01-23,0.6151776894
2026-01-26,0.5146822026
2026-01-27,1.229523686
2026-01-28,-0.7007327943
2026-01-29,0.163108294
2026-01-30,-0.9404721263
2026-02-02,-0.5202067178
2026-02-03,0.2498677848
2026-02-04,-0.1481513107
2026-02-05,-0.1908033397
2026-02-06,0.3474138138
2026-02-09,0.7793943357
2026-02-10,-0.1638002004
2026-02-11,-0.2061813021
2026-02-12,-0.004212211201
2026-02-13,0.03790351495
2026-02-17,-0.1980991565
2026-02-18,-0.571200436
2026-02-19,-0.123129195
2026-02-20,0.1485852834
2026-02-23,0.02120845801
2026-02-24,-0.1145791464
2026-02-25,0.2586774973
2026-02-26,-0.03812347817
2026-02-27,0.1227903192
2026-03-02,-1.067799906
2026-03-03,-0.6263964192
2026-03-04,0.1934860326
2026-03-05,-0.3011402577
2026-03-06,0.008616604202
2026-03-09,0.02584535875
2026-03-10,0.04736581569
2026-03-11,-0.3579518647
2026-03-12,-0.5024265593
2026-03-13,-0.8065438817
2026-03-16,0.7457351234
2026-03-17,0.2430134853
2026-03-18,-0.5781242331
2026-03-19,0.9976659483
2026-03-20,-0.2246900656
2026-03-23,0.4747117494
2026-03-24,-0.2413898323
2026-03-25,-0.1900730625
2026-03-26,-0.3595334275
2026-03-27,-0.04340466234
2026-03-30,-0.49614934
2026-03-31,0.8601643026
2026-04-01,0.2160481331
2026-04-02,-0.4282291294
2026-04-06,0.07366482838
2026-04-07,0.4494778075
2026-04-08,0.6276081298
2026-04-09,0.2781523928
2026-04-10,0.2304935287
2026-04-13,0.2809947353
2026-04-14,0.2674876874
2026-04-15,0.06781960246
2026-04-16,-0.1611467208
2026-04-17,-0.1019108368
2026-04-20,0.144343052
2026-04-21,-0.5146429069
2026-04-22,-0.1664426477
2026-04-23,-0.1667201412
2026-04-24,0.2734460153
2026-04-27,0.01706557451
2026-04-28,-0.08962677453
2026-04-29,-0.286490265
2026-04-30,0.4869723421
2026-05-01,-0.1193877258
2026-05-04,-0.2092721087
2026-05-05,0
2026-05-06,0.45216133
2026-05-07,-0.1192402833
2026-05-08,0.3955011641
2026-05-11,-0.02546905524
2026-05-12,-0.3146528661
2026-05-13,-0.2643924781
2026-05-14,-0.329334572
2026-05-15,-0.4250301558
2026-05-18,0.2535182365
2026-05-19,-0.3826727232
2026-05-20,0.1850696691
2026-05-21,-0.05591518243
2026-05-22,-0.1334625104
2026-05-26,0.2237715023
2026-05-27,-0.02579424803
2026-05-28,0.1589586398
2026-05-29,0.145847658
2026-06-01,-0.2790120497
2026-06-02,0.00429839455
2026-06-03,-0.2970235282
2026-06-04,0.1249434686
2026-06-05,-0.752013225
2026-06-08,0.04770888994
2026-06-09,0.09101745129
2026-06-10,0
2026-06-11,0.3243877328
2026-06-12,-0.06479341926
2026-06-15,0.1209137773
2026-06-16,0.1983272186
2026-06-17,-0.98689283
2026-06-18,-0.318048411
2026-06-22,-0.2884239206
2026-06-23,-0.4034385405
2026-06-24,-0.224348494
2026-06-25,0.1672094027
2026-06-26,0.1274193366
2026-06-29,0.3419106474
2026-06-30,0.004375888853
2026-07-01,-0.4165667816
2026-07-02,0.4559411669
2026-07-06,0.08744316752
2026-07-07,-0.2143717325
2026-07-08,0.09630538303
2026-07-09,0
2026-07-10,-0.1006851049
2026-07-13,-0.2850941645
2026-07-14,0.3245047577
2026-07-15,0.3801704419
2026-07-16,-0.2051999236
2026-07-17,0.004370342854
2026-07-20,-0.2231313681
2026-07-21,-0.1227155345
2026-07-22,0.08766931697
2026-07-23,-0.2983897953
2026-07-24,-0.06594131462
2026-07-27,0
2026-07-28,0.1537954824
2026-07-29,0.5298779668
2026-07-30,0.7224018535
2026-07-31,0.004336043361
2026-08-03,-0.1822758946
2026-08-04,0.1779398512
2026-08-05,0.1732952518
2026-08-06,-0.2383584738
2026-08-07,0.3292184043
2026-08-10,-0.173137731
2026-08-11,0.01299573309
2026-08-12,-0.177754702
2026-08-13,0.05639546383
2026-08-14,0.3420286915
2026-08-17,0.09072254645
2026-08-18,-0.03455126578
2026-08-19,0.8816313422
2026-08-20,0.004281646722
2026-08-21,0.008562743508
2026-08-24,-0.1499539708
2026-08-25,0.1242635404
2026-08-26,-0.1928888915
2026-08-27,-0.03433034407
2026-08-28,-0.5465787961
2026-08-31,0.2629028559
