date,pct_return
2006-10-03,-1.967694567
2006-10-04,9.946075494
2006-10-05,-2.752043597
2006-10-06,2.185486131
2006-10-09,6.41623252
2006-10-10,-2.164390621
2006-10-11,0.5530682117
2006-10-12,0.4190675746
2006-10-13,3.964527908
2006-10-16,-0.150526844
2006-10-17,-3.91959799
2006-10-18,-2.432008368
2006-10-19,1.902975074
2006-10-20,-1.288795371
2006-10-23,-0.6394884093
2006-10-24,2.896218825
2006-10-25,1.016419077
2006-10-26,3.070175439
2006-10-27,-4.305381727
2006-10-30,1.046298718
2006-10-31,6.549314005
2006-11-01,-7.725947522
2006-11-02,-0.8952080042
2006-11-03,2.098831031
2006-11-06,3.278688525
2006-11-07,1.385739481
2006-11-08,1.491053678
2006-11-09,1.909892262
2006-11-10,-2.282556463
2006-11-13,4.475043029
2006-11-14,1.012002824
2006-11-15,-1.677539609
2006-11-16,1.279620853
2006-11-17,0.2105755732
2006-11-20,1.190754144
2006-11-21,-1.776649746
2006-11-22,1.80878553
2006-11-24,0.7614213198
2006-11-27,-4.625601099
2006-11-28,1.944777911
2006-11-29,1.460197833
2006-11-30,1.462395543
2006-12-01,-4.118050789
2006-12-04,4.151753758
2006-12-05,-0.9851088202
2006-12-06,-0.185099491
2006-12-07,-2.433936022
2006-12-08,-0.28510335
2006-12-11,1.691684537
2006-12-12,-1.054358013
2006-12-13,1.255031968
2006-12-14,1.730589336
2006-12-15,1.701149425
2006-12-18,1.808318264
2006-12-19,1.376554174
2006-12-20,-1.095050372
2006-12-21,-0.8635961027
2006-12-22,-2.255974983
2006-12-26,-0.1371115174
2006-12-27,1.350114416
2006-12-28,-0.7450891849
2006-12-29,-0.6369426752
2007-01-03,-2.564102564
2007-01-04,-0.469924812
2007-01-05,-6.326723324
2007-01-08,0.9828629032
2007-01-09,-2.121287746
2007-01-10,4.920958695
2007-01-11,-0.2187120292
2007-01-12,1.315148563
2007-01-16,0.1201923077
2007-01-17,-2.040816327
2007-01-18,-8.382352941
2007-01-19,0.8025682183
2007-01-22,-0.1326963907
2007-01-23,-0.02657454159
2007-01-24,3.163211058
2007-01-25,-3.504251482
2007-01-26,-0.9078771696
2007-01-29,-4.042037187
2007-01-30,2.02190396
2007-01-31,-0.3303055326
2007-02-01,1.104667219
2007-02-02,2.649549303
2007-02-05,1.67642363
2007-02-06,3.506935357
2007-02-07,3.94437421
2007-02-08,-1.337873997
2007-02-09,-5.078895464
2007-02-12,2.519480519
2007-02-13,1.621484672
2007-02-14,-1.171777612
2007-02-15,0.7063572149
2007-02-16,-3.331663327
2007-02-20,0.958797616
2007-02-21,-1.540041068
2007-02-22,0.7299270073
2007-02-23,-0.2587991718
2007-02-26,-1.478982875
2007-02-27,-3.055043455
2007-02-28,-0.5704971475
2007-03-01,-1.256830601
2007-03-02,-2.767017156
2007-03-05,-3.44336938
2007-03-06,5.86501621
2007-03-07,-2.728285078
2007-03-08,4.121350887
2007-03-09,-1.044529962
2007-03-12,-0.5555555556
2007-03-13,-4.162011173
2007-03-14,-0.6120664529
2007-03-15,-0.9384164223
2007-03-16,-0.9769094139
2007-03-19,0.5381165919
2007-03-20,-0.5352363961
2007-03-21,5.739910314
2007-03-22,2.205258694
2007-03-23,-1.106500692
2007-03-26,0.1958041958
2007-03-27,-1.870463428
2007-03-28,-1.906116643
2007-03-29,-1.827146172
2007-03-30,0.3249630724
2007-04-02,-0.1177856302
2007-04-03,-0.383254717
2007-04-04,-0.1775673276
2007-04-05,8.21227394
2007-04-09,-1.97260274
2007-04-10,-0.9223029625
2007-04-11,-1.833568406
2007-04-12,2.873563218
2007-04-13,0.8100558659
2007-04-16,-0.4987531172
2007-04-17,0.9189640769
2007-04-18,1.296909492
2007-04-19,1.38926723
2007-04-20,1.128425578
2007-04-23,-1.594048884
2007-04-24,3.779697624
2007-04-25,1.716961498
2007-04-26,1.150895141
2007-04-27,-1.163084703
2007-04-30,-0.5883857764
2007-05-01,1.003602676
2007-05-02,-1.222929936
2007-05-03,1.908692288
2007-05-04,0.7086813465
2007-05-07,-1.985423473
2007-05-08,0.7435897436
2007-05-09,0.5599389158
2007-05-10,-1.948873703
2007-05-11,7.176045431
2007-05-14,-1.05973025
2007-05-15,-0.9493670886
2007-05-16,1.302531334
2007-05-17,-1.576904415
2007-05-18,1.947251664
2007-05-21,0.2659574468
2007-05-22,0.5305039788
2007-05-23,-2.662508995
2007-05-24,-3.523903401
2007-05-25,1.455938697
2007-05-29,1.158106747
2007-05-30,0.07466401195
2007-05-31,1.765729918
2007-06-01,0.5865102639
2007-06-04,0.5102040816
2007-06-05,3.166545806
2007-06-06,0.6091846298
2007-06-07,-1.071262226
2007-06-08,1.553672316
2007-06-11,0.347705146
2007-06-12,-0.9702009702
2007-06-13,2.332633543
2007-06-14,1.846364258
2007-06-15,4.476275739
2007-06-18,0.06426735219
2007-06-19,0.6208520659
2007-06-20,0.1276595745
2007-06-21,7.692307692
2007-06-22,1.479873717
2007-06-25,-2.469375851
2007-06-26,-4.645135566
2007-06-27,2.676144679
2007-06-28,0.8552229688
2007-06-29,-1.57480315
2007-07-02,4.184615385
2007-07-03,0.1575113211
2007-07-05,1.002555534
2007-07-06,0.5449591281
2007-07-09,2.884243128
2007-07-10,1.015992474
2007-07-11,-0.5587632706
2007-07-12,2.116501217
2007-07-13,-0.7336757153
2007-07-16,1.84774575
2007-07-17,-0.3628447025
2007-07-18,-1.820830299
2007-07-19,-0.2225519288
2007-07-20,-1.059479554
2007-07-23,0.9205335337
2007-07-24,-2.494415488
2007-07-25,-0.6300114548
2007-07-26,0.9221902017
2007-07-27,-0.6091757091
2007-07-30,2.834705995
2007-07-31,0.4656360589
2007-08-01,-0.2780867631
2007-08-02,-0.7808142777
2007-08-03,-5.902192243
2007-08-06,0.8363201912
2007-08-07,1.579778831
2007-08-08,4.821150855
2007-08-09,1.446587537
2007-08-10,-4.91773309
2007-08-13,-1.192078446
2007-08-14,3.833430629
2007-08-15,-4.235382309
2007-08-16,-1.604696673
2007-08-17,5.827366746
2007-08-20,-0.3758691975
2007-08-21,5.451801547
2007-08-22,2.218246869
2007-08-23,-0.8400420021
2007-08-24,0.4941757854
2007-08-27,2.318229715
2007-08-28,-6.110538963
2007-08-29,5.648994516
2007-08-30,-0.5710330507
2007-08-31,5.029585799
2007-09-04,3.148301574
2007-09-05,-0.7389558233
2007-09-06,0.3884123645
2007-09-07,-3.433822344
2007-09-10,0.08347245409
2007-09-11,2.118432027
2007-09-12,-3.871283894
2007-09-13,-0.05097706032
2007-09-14,-2.924175451
2007-09-17,-0.2276707531
2007-09-18,8.776549061
2007-09-19,-1.710505083
2007-09-20,-0.7059596125
2007-09-21,0.958994709
2007-09-24,2.587618736
2007-09-25,1.293103448
2007-09-26,2.269503546
2007-09-27,0.4006780706
2007-09-28,-1.427475058
2007-10-01,4.126440361
2007-10-02,-0.9570809032
2007-10-03,-4.272988072
2007-10-04,0.4574132492
2007-10-05,2.653477783
2007-10-08,1.636586112
2007-10-09,-1.835966892
2007-10-10,0.1533036946
2007-10-11,-4.576764121
2007-10-12,2.614693616
2007-10-15,0.7503517274
2007-10-16,0.9619860357
2007-10-17,7.745504841
2007-10-18,-0.3280559121
2007-10-19,-5.266170578
2007-10-22,4.652567976
2007-10-23,0.5629330254
2007-10-24,-3.387397732
2007-10-25,-8.780270391
2007-10-26,-0.7980456026
2007-10-29,-2.364143819
2007-10-30,3.665713805
2007-10-31,1.605839416
2007-11-01,0
2007-11-02,3.847381865
2007-11-05,0
2007-11-06,3.151421983
2007-11-07,-4.739195231
2007-11-08,-6.382978723
2007-11-09,-1.320187166
2007-11-12,-9.923793395
2007-11-13,8.779845836
2007-11-14,-1.348081576
2007-11-15,-1.524176594
2007-11-16,2.117061021
2007-11-19,-6.515679443
2007-11-20,-0.9131569139
2007-11-21,-1.166071093
2007-11-23,1.655566127
2007-11-26,-2.059153875
2007-11-27,4.128440367
2007-11-28,6.754772394
2007-11-29,0.9112792297
2007-11-30,-4.856023173
2007-12-03,1.432664756
2007-12-04,-0.08827683616
2007-12-05,5.124580315
2007-12-06,2.286098504
2007-12-07,-1.429745275
2007-12-10,1.167055685
2007-12-11,0
2007-12-12,3.345418589
2007-12-13,-2.742784245
2007-12-14,1.91834727
2007-12-17,-5.212355212
2007-12-18,2.562797013
2007-12-19,0.8439516796
2007-12-20,2.182474565
2007-12-21,0.03211819496
2007-12-24,1.701717772
2007-12-26,1.199684294
2007-12-27,-2.948058025
2007-12-28,-0.9964641594
2007-12-31,-2.045454545
2008-01-02,-3.264832615
2008-01-03,-0.6681514477
2008-01-04,-8.382200759
2008-01-07,-10.33509036
2008-01-08,2.120512282
2008-01-09,5.160361842
2008-01-10,-2.072336266
2008-01-11,-4.39209423
2008-01-14,6.66109835
2008-01-15,-7.341425215
2008-01-16,-11.30361293
2008-01-17,-1.738923297
2008-01-18,6.618181818
2008-01-22,-4.661209641
2008-01-23,1.478654901
2008-01-24,7.638072855
2008-01-25,-3.558951965
2008-01-28,-1.199909441
2008-01-29,3.093492209
2008-01-30,-0.8668593021
2008-01-31,-2.376681614
2008-02-01,9.232889297
2008-02-04,-3.132884777
2008-02-05,-6.273062731
2008-02-06,-0.3242241779
2008-02-07,0.999070632
2008-02-08,1.771336554
2008-02-11,0.3390596745
2008-02-12,3.694525794
2008-02-13,3.932218119
2008-02-14,-16.32525084
2008-02-15,-1.498875843
2008-02-19,-1.496322597
2008-02-20,-0.7209062822
2008-02-21,-2.256224066
2008-02-22,4.85539931
2008-02-25,-0.05060728745
2008-02-26,0.8607594937
2008-02-27,1.5562249
2008-02-28,-3.781512605
2008-02-29,-2.722835859
2008-03-03,-1.161869554
2008-03-04,-0.9885118889
2008-03-05,1.133297356
2008-03-06,-6.270010672
2008-03-07,-1.480216339
2008-03-10,-5.720889916
2008-03-11,3.309837573
2008-03-12,-2.729160487
2008-03-13,6.37389448
2008-03-14,-6.995412844
2008-03-17,-2.527743527
2008-03-18,6.230234029
2008-03-19,-6.906817505
2008-03-20,4.860889031
2008-03-24,8.142726441
2008-03-25,1.46644106
2008-03-26,-3.196220122
2008-03-27,-1.435544071
2008-03-28,1.485581124
2008-03-31,0.5740528129
2008-04-01,6.107305936
2008-04-02,-3.039268424
2008-04-03,-1.886269071
2008-04-04,-5.99378004
2008-04-07,2.406015038
2008-04-08,-0.5873715125
2008-04-09,1.979320532
2008-04-10,1.969872538
2008-04-11,-6.789772727
2008-04-14,-3.352636391
2008-04-15,1.166824346
2008-04-16,3.990024938
2008-04-17,-1.378896882
2008-04-18,2.370820669
2008-04-21,4.45368171
2008-04-22,-1.876065947
2008-04-23,4.837775203
2008-04-24,-2.403979
2008-04-25,1.019252548
2008-04-28,-1.793721973
2008-04-29,2.054794521
2008-04-30,1.733780761
2008-05-01,4.645409566
2008-05-02,4.728132388
2008-05-05,-2.483069977
2008-05-06,2.597736626
2008-05-07,-2.306342442
2008-05-08,-0.2822684116
2008-05-09,2.650540401
2008-05-12,-2.832790173
2008-05-13,-2.063983488
2008-05-14,2.950474183
2008-05-15,7.727737973
2008-05-16,2.660332542
2008-05-19,-2.082369273
2008-05-20,-2.599243856
2008-05-21,-0.8248423096
2008-05-22,2.421722114
2008-05-23,-2.268927633
2008-05-27,1.075268817
2008-05-28,0.9429400387
2008-05-29,-0.2634730539
2008-05-30,5.019212296
2008-06-02,0.4116167391
2008-06-03,-3.393304486
2008-06-04,1.178689298
2008-06-05,2.516309413
2008-06-06,-3.181818182
2008-06-09,-1.549295775
2008-06-10,-5.913209347
2008-06-11,-4.662949823
2008-06-12,0.6113769272
2008-06-13,-0.3170409511
2008-06-16,-1.351709515
2008-06-17,-2.444922085
2008-06-18,-2.919305976
2008-06-19,-0.2553191489
2008-06-20,-0.4835039818
2008-06-23,-2.086310374
2008-06-24,3.298307064
2008-06-25,0.565131393
2008-06-26,-5.14189379
2008-06-27,1.125592417
2008-06-30,-2.929115407
2008-07-01,0.1810500905
2008-07-02,-3.855421687
2008-07-03,-30.73308271
2008-07-07,-3.120759837
2008-07-08,-0.5602240896
2008-07-09,-1.737089202
2008-07-10,-0.2866698519
2008-07-11,-1.006229037
2008-07-14,-4.549854792
2008-07-15,1.115618661
2008-07-16,0.5015045135
2008-07-17,0.3493013972
2008-07-18,1.790154152
2008-07-21,0.5862237421
2008-07-22,-2.136959689
2008-07-23,2.977667494
2008-07-24,-5.879518072
2008-07-25,4.813108039
2008-07-28,-0.293111871
2008-07-29,1.077902989
2008-07-30,-1.454192923
2008-07-31,-0.3935071323
2008-08-01,-5.234567901
2008-08-04,-2.397081813
2008-08-05,5.766150561
2008-08-06,2.170620899
2008-08-07,-1.086956522
2008-08-08,-2.697302697
2008-08-11,2.05338809
2008-08-12,-1.408450704
2008-08-13,10.76530612
2008-08-14,6.034085675
2008-08-15,-0.3040834057
2008-08-18,2.004357298
2008-08-19,1.495087569
2008-08-20,4.924242424
2008-08-21,-3.289209787
2008-08-22,-0.04147656574
2008-08-25,-1.493775934
2008-08-26,-2.358887953
2008-08-27,0.7333908542
2008-08-28,-0.3854389722
2008-08-29,-3.783319003
2008-09-02,-2.54691689
2008-09-03,-5.364511692
2008-09-04,-1.356589147
2008-09-05,1.473477407
2008-09-08,-4.114230397
2008-09-09,-3.382130237
2008-09-10,0.1044932079
2008-09-11,-4.801670146
2008-09-12,-1.096491228
2008-09-15,-8.702882483
2008-09-16,3.096539162
2008-09-17,4.299175501
2008-09-18,8.865047995
2008-09-19,4.771784232
2008-09-22,-2.079207921
2008-09-23,-2.881698686
2008-09-24,3.695991671
2008-09-25,1.957831325
2008-09-26,1.920236337
2008-09-29,-13.62318841
2008-09-30,6.040268456
2008-10-01,-2.79535865
2008-10-02,-10.36353771
2008-10-03,-3.208232446
2008-10-06,-13.07066917
2008-10-07,-7.769784173
2008-10-08,2.028081123
2008-10-09,-6.345565749
2008-10-10,-1.551020408
2008-10-13,18.15920398
2008-10-14,-2.245614035
2008-10-15,-10.76812635
2008-10-16,9.654062751
2008-10-17,-0.6603081438
2008-10-20,1.994091581
2008-10-21,-7.675597393
2008-10-22,-3.764705882
2008-10-23,-5.623471883
2008-10-24,1.03626943
2008-10-27,5.47008547
2008-10-28,15.07293355
2008-10-29,3.23943662
2008-10-30,4.229195089
2008-10-31,1.505235602
2008-11-03,-3.675048356
2008-11-04,6.425702811
2008-11-05,-5.220125786
2008-11-06,-10.4844061
2008-11-07,14.45515196
2008-11-10,-6.411917098
2008-11-11,-4.429065744
2008-11-12,-5.865314989
2008-11-13,8.153846154
2008-11-14,-9.743954481
2008-11-17,-2.048857368
2008-11-18,-3.29847144
2008-11-19,-8.236272879
2008-11-20,-5.258386219
2008-11-21,8.133971292
2008-11-24,6.548672566
2008-11-25,2.823920266
2008-11-26,8.804523425
2008-11-28,-1.781737194
2008-12-01,-8.616780045
2008-12-02,5.624483044
2008-12-03,5.090054816
2008-12-04,-6.557377049
2008-12-05,3.907496013
2008-12-08,-3.223330775
2008-12-09,9.674861221
2008-12-10,9.472161967
2008-12-11,-4.227212682
2008-12-12,5.034482759
2008-12-15,-3.282994091
2008-12-16,6.720977597
2008-12-17,4.961832061
2008-12-18,-9.212121212
2008-12-19,0.6675567423
2008-12-22,-5.835543767
2008-12-23,-1.408450704
2008-12-24,-2.357142857
2008-12-26,-2.706656913
2008-12-29,3.157894737
2008-12-30,3.498542274
2008-12-31,0.6338028169
2009-01-02,7.907627712
2009-01-05,1.815823606
2009-01-06,3.439490446
2009-01-07,-6.034482759
2009-01-08,-2.55570118
2009-01-09,-5.581708137
2009-01-12,-4.05982906
2009-01-13,0.5196733482
2009-01-14,-4.431314623
2009-01-15,3.554868624
2009-01-16,5.597014925
2009-01-20,-9.752650177
2009-01-21,4.855129209
2009-01-22,-1.867064974
2009-01-23,3.881278539
2009-01-26,3.36996337
2009-01-27,5.882352941
2009-01-28,4.149933066
2009-01-29,-5.784061697
2009-01-30,-3.956343793
2009-02-02,5.397727273
2009-02-03,1.145552561
2009-02-04,2.864756829
2009-02-05,7.31865285
2009-02-06,5.431502716
2009-02-09,-1.316542645
2009-02-10,-4.292343387
2009-02-11,-12.54545455
2009-02-12,2.079002079
2009-02-13,-0.1357773252
2009-02-17,-5.778382053
2009-02-18,2.66955267
2009-02-19,-7.659873507
2009-02-20,2.511415525
2009-02-23,-4.602821084
2009-02-24,8.949416342
2009-02-25,1.142857143
2009-02-26,3.248587571
2009-02-27,0.2735978112
2009-03-02,-8.458390177
2009-03-03,3.949329359
2009-03-04,7.383512545
2009-03-05,-2.403204272
2009-03-06,1.573187415
2009-03-09,-1.01010101
2009-03-10,8.979591837
2009-03-11,2.808988764
2009-03-12,5.889496053
2009-03-13,-0.5160550459
2009-03-16,-3.86167147
2009-03-17,4.976019185
2009-03-18,3.14106225
2009-03-19,-1.162790698
2009-03-20,-5.490196078
2009-03-23,7.231772377
2009-03-24,-4.256495301
2009-03-25,1.616628176
2009-03-26,6.25
2009-03-27,-0.9625668449
2009-03-30,-6.425485961
2009-03-31,0.7501442585
2009-04-01,2.520045819
2009-04-02,4.636871508
2009-04-03,6.994127069
2009-04-06,0.2994011976
2009-04-07,-3.482587065
2009-04-08,4.12371134
2009-04-09,5.544554455
2009-04-13,-3.236397749
2009-04-14,0.5816771692
2009-04-15,-2.795180723
2009-04-16,2.528507685
2009-04-17,0.6769825919
2009-04-20,-6.051873199
2009-04-21,-0.2556237219
2009-04-22,3.02409021
2009-04-23,-1.592039801
2009-04-24,2.325581395
2009-04-27,-3.606719368
2009-04-28,0.2562788314
2009-04-29,-1.533742331
2009-04-30,5.555555556
2009-05-01,1.623216921
2009-05-04,5.421103582
2009-05-05,-4.086317723
2009-05-06,-2.010531355
2009-05-07,-7.18124084
2009-05-08,-13.78947368
2009-05-11,1.953601954
2009-05-12,-4.790419162
2009-05-13,-6.477987421
2009-05-14,1.412239408
2009-05-15,2.586206897
2009-05-18,6.076276665
2009-05-19,1.950030469
2009-05-20,2.988643156
2009-05-21,-0.6384213581
2009-05-22,1.577102804
2009-05-26,5.347901093
2009-05-27,0.2183406114
2009-05-28,1.361655773
2009-05-29,-0.7522837184
2009-06-01,4.872766649
2009-06-02,-0.826019618
2009-06-03,-3.123373243
2009-06-04,3.600214938
2009-06-05,-0.5705394191
2009-06-08,-0.521648409
2009-06-09,5.453592029
2009-06-10,3.182496271
2009-06-11,-1.301204819
2009-06-12,-0.48828125
2009-06-15,-1.668302257
2009-06-16,-2.744510978
2009-06-17,2.462801437
2009-06-18,-1.952929394
2009-06-19,1.072522983
2009-06-22,-5.60889338
2009-06-23,-0.4817987152
2009-06-24,3.335126412
2009-06-25,5.257678293
2009-06-26,1.285855589
2009-06-29,0
2009-06-30,-2.392578125
2009-07-01,0.4502251126
2009-07-02,-3.884462151
2009-07-06,-3.212435233
2009-07-07,-4.389721627
2009-07-08,0.2239641657
2009-07-09,2.17877095
2009-07-10,0.3827227993
2009-07-13,1.14379085
2009-07-14,2.100161551
2009-07-15,4.113924051
2009-07-16,5.217831814
2009-07-17,2.888781897
2009-07-20,1.263453439
2009-07-21,-2.07948244
2009-07-22,2.501179802
2009-07-23,5.985267035
2009-07-24,-0.3040834057
2009-07-27,0.4357298475
2009-07-28,0.1735357918
2009-07-29,-1.992204417
2009-07-30,0.7512152011
2009-07-31,0.3947368421
2009-08-03,2.708606378
2009-08-04,0.6805614632
2009-08-05,0.2112378538
2009-08-06,-2.065767285
2009-08-07,4.476969436
2009-08-10,-3.255047384
2009-08-11,-2.34241908
2009-08-12,3.706934147
2009-08-13,2.985702271
2009-08-14,-2.980808493
2009-08-17,-4.166666667
2009-08-18,3.645147123
2009-08-19,-1.101694915
2009-08-20,3.941730934
2009-08-21,1.648804617
2009-08-24,-2.798053528
2009-08-25,0.9178139341
2009-08-26,1.1575031
2009-08-27,1.34859011
2009-08-28,5.161290323
2009-08-31,-1.418711656
2009-09-01,-3.383897316
2009-09-02,1.409017713
2009-09-03,2.421595871
2009-09-04,3.682170543
2009-09-08,2.803738318
2009-09-09,2.763636364
2009-09-10,3.184713376
2009-09-11,-0.9259259259
2009-09-14,-1.626860505
2009-09-15,2.040816327
2009-09-16,-2.689655172
2009-09-17,-4.394046775
2009-09-18,-0.1111934766
2009-09-21,-0.4823747681
2009-09-22,0.2237136465
2009-09-23,-1.599702381
2009-09-24,-1.323251418
2009-09-25,-1.647509579
2009-09-28,2.298402805
2009-09-29,-1.827875095
2009-09-30,3.219550039
2009-10-01,-7.10259301
2009-10-02,-0.8090614887
2009-10-05,-0.4893964111
2009-10-06,1.639344262
2009-10-07,-0.7661290323
2009-10-08,0.6501422186
2009-10-09,1.291885345
2009-10-12,-1.15583898
2009-10-13,-0.3225806452
2009-10-14,-0.1618122977
2009-10-15,-2.957860616
2009-10-16,-2.254697286
2009-10-19,3.630926954
2009-10-20,0.04122011542
2009-10-21,-2.389781623
2009-10-22,0.6753904601
2009-10-23,-2.389937107
2009-10-26,-1.288659794
2009-10-27,-3.394255875
2009-10-28,-4.144144144
2009-10-29,4.417293233
2009-10-30,-4.680468047
2009-11-02,0.8970727101
2009-11-03,-0.5147402901
2009-11-04,-0.2351834431
2009-11-05,2.404526167
2009-11-06,7.274401473
2009-11-09,2.274678112
2009-11-10,-2.43390684
2009-11-11,2.795698925
2009-11-12,-0.2928870293
2009-11-13,0.7553503987
2009-11-16,1.374427322
2009-11-17,-0.123253903
2009-11-18,-1.522007404
2009-11-19,-4.010025063
2009-11-20,-0.6092254134
2009-11-23,0.7880910683
2009-11-24,-0.651607298
2009-11-25,1.18058592
2009-11-27,-2.160760588
2009-11-30,2.120141343
2009-12-01,1.989619377
2009-12-02,3.011026293
2009-12-03,0.8233841087
2009-12-04,3.103307472
2009-12-07,12.83168317
2009-12-08,-4.843804844
2009-12-09,2.471412763
2009-12-10,-1.799856012
2009-12-11,-1.282991202
2009-12-14,3.007797995
2009-12-15,-0.10814708
2009-12-16,8.047636232
2009-12-17,-0.4676018704
2009-12-18,-0.06711409396
2009-12-21,3.559435863
2009-12-22,2.658884565
2009-12-23,1.389766267
2009-12-24,-0.2180685358
2009-12-28,-1.592257259
2009-12-29,1.205583756
2009-12-30,3.636363636
2009-12-31,0.03024803388
2010-01-04,-0.9978832779
2010-01-05,1.435552841
2010-01-06,0.662451069
2010-01-07,-1.974274604
2010-01-08,0.2136100092
2010-01-11,-1.400730816
2010-01-12,-3.39715874
2010-01-13,1.374680307
2010-01-14,-1.576789656
2010-01-15,-2.94777315
2010-01-19,1.881809178
2010-01-20,-0.388852884
2010-01-21,-1.78919974
2010-01-22,-3.477972839
2010-01-25,1.715854496
2010-01-26,-3.171390013
2010-01-27,2.717770035
2010-01-28,-3.358208955
2010-01-29,-4.352404352
2010-02-01,7.669724771
2010-02-02,1.022494888
2010-02-03,0.8434547908
2010-02-04,-5.821344931
2010-02-05,2.024866785
2010-02-08,-0.208913649
2010-02-09,-0.8025122121
2010-02-10,1.934576152
2010-02-11,4.589371981
2010-02-12,1.352688882
2010-02-16,1.822916667
2010-02-17,0.9910485934
2010-02-18,-6.58436214
2010-02-19,-0.5083022704
2010-02-22,0.1702997275
2010-02-23,-2.414144849
2010-02-24,2.090592334
2010-02-25,-0.8873720137
2010-02-26,-1.239669421
2010-03-01,4.009762901
2010-03-02,-0.03352329869
2010-03-03,-1.274312542
2010-03-04,0.2038043478
2010-03-05,3.050847458
2010-03-08,-1.447368421
2010-03-09,3.70493992
2010-03-10,0.2252977148
2010-03-11,-2.247912653
2010-03-12,0.3285151117
2010-03-15,-0.5239030779
2010-03-16,3.456221198
2010-03-17,1.972637607
2010-03-18,-3.556942278
2010-03-19,-1.197023617
2010-03-22,1.637197119
2010-03-23,2.029639175
2010-03-24,-3.347016104
2010-03-25,0.2940215616
2010-03-26,0
2010-03-29,1.270358306
2010-03-30,0.3859761981
2010-03-31,-1.2816405
2010-04-01,-1.038623823
2010-04-05,1.508691374
2010-04-06,-2.455573506
2010-04-07,0.629347466
2010-04-08,-1.612903226
2010-04-09,0.6356641017
2010-04-12,1.828457447
2010-04-13,2.089454783
2010-04-14,1.247201791
2010-04-15,0.7264687303
2010-04-16,-5.299466918
2010-04-19,-0.4635761589
2010-04-20,0.3659347971
2010-04-21,-2.585349685
2010-04-22,0.4083021436
2010-04-23,-1.355472721
2010-04-26,0.9618687736
2010-04-27,-2.824089826
2010-04-28,0.175070028
2010-04-29,3.040894792
2010-04-30,-5.664857531
2010-05-03,-1.078748652
2010-05-04,-5.089058524
2010-05-05,-1.685178093
2010-05-06,-2.064666926
2010-05-07,-1.670644391
2010-05-10,4.28802589
2010-05-11,-1.086113266
2010-05-12,1.921568627
2010-05-13,-0.1923816853
2010-05-14,-11.52659985
2010-05-17,0.2178649237
2010-05-18,-3.304347826
2010-05-19,1.573741007
2010-05-20,-2.346170872
2010-05-21,2.175883953
2010-05-24,-2.928127773
2010-05-25,2.696526508
2010-05-26,0.4450378282
2010-05-27,5.892778024
2010-05-28,-2.677824268
2010-06-01,-4.256233878
2010-06-02,1.122586439
2010-06-03,-0.1332149201
2010-06-04,-4.757670076
2010-06-07,-4.948646125
2010-06-08,-2.799607073
2010-06-09,-2.374936837
2010-06-10,4.037267081
2010-06-11,2.288557214
2010-06-14,-2.188715953
2010-06-15,4.922923918
2010-06-16,-1.232227488
2010-06-17,3.838771593
2010-06-18,0.6469500924
2010-06-21,-2.387511478
2010-06-22,-3.715898401
2010-06-23,1.123595506
2010-06-24,-4.975845411
2010-06-25,-0.2541942044
2010-06-28,0.1529051988
2010-06-29,-5.597964377
2010-06-30,-2.533692722
2010-07-01,1.659292035
2010-07-02,-1.251360174
2010-07-06,-1.101928375
2010-07-07,4.846796657
2010-07-08,-3.02869288
2010-07-09,0.3835616438
2010-07-12,1.855895197
2010-07-13,3.59056806
2010-07-14,1.034661148
2010-07-15,-2.816180236
2010-07-16,-6.26975764
2010-07-19,4.103428893
2010-07-20,2.483801296
2010-07-21,-3.266596417
2010-07-22,1.633986928
2010-07-23,-1.714898178
2010-07-26,1.85387132
2010-07-27,-0.8565310493
2010-07-28,-3.13174946
2010-07-29,-9.921962096
2010-07-30,0.6806930693
2010-08-02,-0.12292563
2010-08-03,-2.584615385
2010-08-04,4.232469994
2010-08-05,1.272727273
2010-08-06,1.196888091
2010-08-09,0.9461856889
2010-08-10,-4.159343878
2010-08-11,-3.91198044
2010-08-12,0.8905852417
2010-08-13,4.854981084
2010-08-16,-2.585688515
2010-08-17,1.296296296
2010-08-18,0.5484460695
2010-08-19,6
2010-08-20,0.914808462
2010-08-23,-1.473087819
2010-08-24,-1.035077631
2010-08-25,2.033701336
2010-08-26,-1.195899772
2010-08-27,3.285302594
2010-08-30,-4.743303571
2010-08-31,-3.222026948
2010-09-01,0.7263922518
2010-09-02,1.802884615
2010-09-03,3.482880756
2010-09-07,0.9127210496
2010-09-08,3.278688525
2010-09-09,-1.368363437
2010-09-10,-1.054384018
2010-09-13,5.664610208
2010-09-14,-0.9554140127
2010-09-15,0.2143622722
2010-09-16,0
2010-09-17,-0.1069518717
2010-09-20,1.498929336
2010-09-21,5.432489451
2010-09-22,0.9004502251
2010-09-23,1.983143282
2010-09-24,5.542051531
2010-09-27,-2.118839245
2010-09-28,-0.2823529412
2010-09-29,-0.7550731477
2010-09-30,-1.664289111
2010-10-01,-2.804642166
2010-10-04,-0.9950248756
2010-10-05,0.7035175879
2010-10-06,-4.740518962
2010-10-07,-0.7857517025
2010-10-08,1.531151003
2010-10-11,-0.4680187207
2010-10-12,1.933124347
2010-10-13,2.921578678
2010-10-14,-1.593625498
2010-10-15,1.163967611
2010-10-18,0.6003001501
2010-10-19,-0.5967180507
2010-10-20,0
2010-10-21,-1.80090045
2010-10-22,6.418746816
2010-10-25,0.9573958832
2010-10-26,-0.3319108582
2010-10-27,1.427212179
2010-10-28,0.0469043152
2010-10-29,-0.2344116268
2010-11-01,0.1879699248
2010-11-02,2.063789869
2010-11-03,0.7352941176
2010-11-04,0.1368613139
2010-11-05,1.731207289
2010-11-08,0.3582624272
2010-11-09,-0.5354752343
2010-11-10,1.211305518
2010-11-11,-1.019503546
2010-11-12,5.150022391
2010-11-15,-1.235093697
2010-11-16,-2.97542044
2010-11-17,1.644444444
2010-11-18,3.104503717
2010-11-19,3.223070399
2010-11-22,0.08216926869
2010-11-23,-2.298850575
2010-11-24,2.43697479
2010-11-26,-0.9433962264
2010-11-29,0.7867494824
2010-11-30,-0.9860312243
2010-12-01,4.398340249
2010-12-02,1.192368839
2010-12-03,2.867242734
2010-12-06,-1.90912562
2010-12-07,3.230829116
2010-12-08,0.8672699849
2010-12-09,-1.570093458
2010-12-10,0.531712875
2010-12-13,-2.531167359
2010-12-14,0.1162790698
2010-12-15,-2.16802168
2010-12-16,0.1187178472
2010-12-17,0.5533596838
2010-12-20,-0.393081761
2010-12-21,3.906866614
2010-12-22,1.06342575
2010-12-23,-0.7140172867
2010-12-27,0.5299015897
2010-12-28,-0.4141566265
2010-12-29,0
2010-12-30,0.3402646503
2010-12-31,2.750565185
2011-01-03,2.713604694
2011-01-04,-0.3213138165
2011-01-05,7.664756447
2011-01-06,13.83898869
2011-01-07,2.805376973
2011-01-10,3.837407618
2011-01-11,-1.560361347
2011-01-12,14.96106785
2011-01-13,0.1693275278
2011-01-14,0.8693552282
2011-01-18,-2.34618147
2011-01-19,-2.72125521
2011-01-20,0.07560483871
2011-01-21,-0.9317552254
2011-01-24,11.28622267
2011-01-25,-3.060758337
2011-01-26,2.379830349
2011-01-27,-0.2991944764
2011-01-28,-2.885503232
2011-01-31,0.6655574043
2011-02-01,2.290436836
2011-02-02,4.547553093
2011-02-03,-1.920953853
2011-02-04,2.318775326
2011-02-07,-4.180418042
2011-02-08,-2.962112514
2011-02-09,-2.41362991
2011-02-10,-2.03685742
2011-02-11,2.846534653
2011-02-14,-1.516245487
2011-02-15,-2.443792766
2011-02-16,3.682364729
2011-02-17,9.857453491
2011-02-18,-0.1979327029
2011-02-22,-9.453503746
2011-02-23,-4.721343393
2011-02-24,2.426564496
2011-02-25,2.069825436
2011-02-28,-1.978988517
2011-03-01,-4.461615155
2011-03-02,-4.148186799
2011-03-03,0.5715841045
2011-03-04,-0.5683355886
2011-03-07,-1.360914535
2011-03-08,-4.497792494
2011-03-09,-2.080323606
2011-03-10,-6.373561523
2011-03-11,0.7248660574
2011-03-14,0.8135168961
2011-03-15,-2.948479205
2011-03-16,-0.7355292613
2011-03-17,1.868556701
2011-03-18,-1.328273245
2011-03-21,0.7692307692
2011-03-22,-1.717557252
2011-03-23,2.038834951
2011-03-24,7.992388202
2011-03-25,-3.142437592
2011-03-28,3.72953305
2011-03-29,-0.7892429114
2011-03-30,-3.741897466
2011-03-31,0.03060912152
2011-04-01,-1.407588739
2011-04-04,-3.56921167
2011-04-05,0.193112327
2011-04-06,-0.7067137809
2011-04-07,3.68812682
2011-04-08,-3.057722309
2011-04-11,-1.287415513
2011-04-12,0.2608412129
2011-04-13,2.243902439
2011-04-14,4.230279898
2011-04-15,1.098565761
2011-04-18,-3.320253547
2011-04-19,-0.4058694973
2011-04-20,3.072100313
2011-04-21,-0.2737226277
2011-04-25,1.555352242
2011-04-26,2.612612613
2011-04-27,0
2011-04-28,1.082821188
2011-04-29,2.518818761
2011-05-02,-1.35554928
2011-05-03,-4.752361867
2011-05-04,-0.7514277127
2011-05-05,0.06056935191
2011-05-06,3.541162228
2011-05-09,2.22157264
2011-05-10,0.1429796969
2011-05-11,0.4568817818
2011-05-12,3.183627061
2011-05-13,-10.93663912
2011-05-16,-3.062171358
2011-05-17,-0.4148053606
2011-05-18,2.338993912
2011-05-19,-1.440200376
2011-05-20,1.747141042
2011-05-23,-0.1248829223
2011-05-24,0.4063769928
2011-05-25,1.214196762
2011-05-26,2.491541064
2011-05-27,3.601440576
2011-05-31,2.780996524
2011-06-01,-4.481397971
2011-06-02,-0.4721156683
2011-06-03,-3.112955826
2011-06-06,-2.111383109
2011-06-07,-0.03125976868
2011-06-08,-2.720450281
2011-06-09,-1.157184185
2011-06-10,-1.430894309
2011-06-13,-0.6928406467
2011-06-14,0.8305647841
2011-06-15,-2.174629325
2011-06-16,-3.469181543
2011-06-17,-2.407536636
2011-06-20,-1.108330354
2011-06-21,2.169197397
2011-06-22,-1.380042463
2011-06-23,2.978112666
2011-06-24,-2.891986063
2011-06-27,-2.116971654
2011-06-28,0.5865102639
2011-06-29,1.567055394
2011-06-30,1.255830642
2011-07-01,1.275690999
2011-07-05,-1.609517145
2011-07-06,-1.351351351
2011-07-07,0.3244412401
2011-07-08,-1.832554797
2011-07-11,-3.513909224
2011-07-12,-1.327769347
2011-07-13,-0.1922337562
2011-07-14,-3.967642527
2011-07-15,0.1203369434
2011-07-18,-2.163461538
2011-07-19,3.112203112
2011-07-20,-1.270849881
2011-07-21,4.706355591
2011-07-22,2.036112178
2011-07-25,-1.618975904
2011-07-26,-2.411021814
2011-07-27,-3.764705882
2011-07-28,-0.2037489813
2011-07-29,0
2011-08-01,5.349122091
2011-08-02,-1.046511628
2011-08-03,2.702702703
2011-08-04,-9.534706331
2011-08-05,-3.330522766
2011-08-08,-7.893589184
2011-08-09,8.380681818
2011-08-10,-4.543468764
2011-08-11,8.649885584
2011-08-12,-3.959561921
2011-08-15,3.815789474
2011-08-16,-2.830587241
2011-08-17,-1.391304348
2011-08-18,-6.790123457
2011-08-19,-1.750236518
2011-08-22,1.781415503
2011-08-23,10.78524125
2011-08-24,-1.409052092
2011-08-25,-4.287570377
2011-08-26,4.208144796
2011-08-29,2.692140686
2011-08-30,2.410147992
2011-08-31,-2.683732453
2011-09-01,-0.2545608825
2011-09-02,-2.722245853
2011-09-06,2.05509401
2011-09-07,8.097686375
2011-09-08,-0.4756242568
2011-09-09,-2.150537634
2011-09-12,2.401302401
2011-09-13,2.265500795
2011-09-14,5.130198212
2011-09-15,1.441774492
2011-09-16,-0.2551020408
2011-09-19,-2.046035806
2011-09-20,-2.610966057
2011-09-21,-1.953274607
2011-09-22,-6.5625
2011-09-23,2.090301003
2011-09-26,0.2047502048
2011-09-27,0.1225991009
2011-09-28,-3.020408163
2011-09-29,-2.441077441
2011-09-30,-4.443485764
2011-10-03,-5.598194131
2011-10-04,9.230033477
2011-10-05,3.546409807
2011-10-06,3.974630021
2011-10-07,1.870679138
2011-10-10,4.471057884
2011-10-11,-1.108139091
2011-10-12,-0.03863987635
2011-10-13,5.798221879
2011-10-14,1.680672269
2011-10-17,-4.958677686
2011-10-18,3.629489603
2011-10-19,-2.006566946
2011-10-20,-5.026061057
2011-10-21,0.5096040768
2011-10-24,3.705148206
2011-10-25,-3.798420459
2011-10-26,1.172791243
2011-10-27,4.327666151
2011-10-28,2.296296296
2011-10-31,-5.141202028
2011-11-01,-5
2011-11-02,-1.767778224
2011-11-03,6.09406953
2011-11-04,1.156515035
2011-11-07,-0.5335365854
2011-11-08,2.298850575
2011-11-09,-5.056179775
2011-11-10,1.065088757
2011-11-11,3.512880562
2011-11-14,-1.923076923
2011-11-15,1.307189542
2011-11-16,-2.049335863
2011-11-17,-3.56450988
2011-11-18,-0.9240658899
2011-11-21,5.02838605
2011-11-22,3.088803089
2011-11-23,-4.232209738
2011-11-25,-2.776691435
2011-11-28,5.631536605
2011-11-29,0.5331302361
2011-11-30,4.810606061
2011-12-01,1.228767618
2011-12-02,-0.642627633
2011-12-05,-1.509162774
2011-12-06,-1.42283838
2011-12-07,-0.59215396
2011-12-08,-3.164556962
2011-12-09,1.422529796
2011-12-12,-2.46398787
2011-12-13,-2.759424796
2011-12-14,-3.916866507
2011-12-15,-0.8735440932
2011-12-16,0.3776751993
2011-12-19,-2.591973244
2011-12-20,5.622317597
2011-12-21,-1.300284437
2011-12-22,4.24042816
2011-12-23,-0.9083728278
2011-12-27,-0.7971303308
2011-12-28,-2.490960225
2011-12-29,1.895344046
2011-12-30,-0.7682976142
2012-01-03,1.30399348
2012-01-04,1.126307321
2012-01-05,3.579952267
2012-01-06,-1.152073733
2012-01-09,0
2012-01-10,-0.3885003885
2012-01-11,-2.028081123
2012-01-12,-0.6369426752
2012-01-13,-2.604166667
2012-01-17,-1.522007404
2012-01-18,3.383458647
2012-01-19,2.666666667
2012-01-20,-0.9051554506
2012-01-23,2.740270056
2012-01-24,2.241979126
2012-01-25,-0.6049149338
2012-01-26,-0.9509319133
2012-01-27,1.382488479
2012-01-30,-0.7575757576
2012-01-31,-0.1908396947
2012-02-01,1.070745698
2012-02-02,3.783579266
2012-02-03,2.114473205
2012-02-06,-0.7497322385
2012-02-07,0.2517985612
2012-02-08,3.623968425
2012-02-09,-0.06925207756
2012-02-10,-2.529452529
2012-02-13,1.635264842
2012-02-14,0.5596362364
2012-02-15,-0.4173913043
2012-02-16,1.711491443
2012-02-17,-3.64010989
2012-02-21,0.4989308624
2012-02-22,-0.6737588652
2012-02-23,0.5712245627
2012-02-24,-0.7454739084
2012-02-27,-2.038626609
2012-02-28,-0.9127418766
2012-02-29,-1.179071481
2012-03-01,0.6711409396
2012-03-02,0.8518518519
2012-03-05,-3.378626515
2012-03-06,-0.950209046
2012-03-07,0.6139677667
2012-03-08,0.3432494279
2012-03-09,-0.2660585329
2012-03-12,-1.5625
2012-03-13,1.393728223
2012-03-14,-2.863688431
2012-03-15,1.454402516
2012-03-16,0.1549786904
2012-03-19,0.2707930368
2012-03-20,-1.62037037
2012-03-21,0.3921568627
2012-03-22,-0.1171875
2012-03-23,0.6648416113
2012-03-26,1.243201243
2012-03-27,0.6907137375
2012-03-28,2.286585366
2012-03-29,0.4470938897
2012-03-30,1.075667656
2012-04-02,-0.4036697248
2012-04-03,-1.621223287
2012-04-04,-2.846441948
2012-04-05,-0.1542020046
2012-04-09,-1.274131274
2012-04-10,-1.955416504
2012-04-11,1.276426007
2012-04-12,2.363135093
2012-04-13,-3.539823009
2012-04-16,-1.196649382
2012-04-17,0.2018570852
2012-04-18,-1.047542305
2012-04-19,-1.506514658
2012-04-20,-1.984291029
2012-04-23,-1.223112611
2012-04-24,-3.074295474
2012-04-25,2.026431718
2012-04-26,0.08635578584
2012-04-27,-0.8628127696
2012-04-30,0.1740644038
2012-05-01,1.737619461
2012-05-02,-2.860802733
2012-05-03,-1.714285714
2012-05-04,-2.906976744
2012-05-07,1.70428374
2012-05-08,-0.09057971014
2012-05-09,0.4079782412
2012-05-10,-0.7223476298
2012-05-11,6.366530241
2012-05-14,-0.5985463873
2012-05-15,-0.9892473118
2012-05-16,-2.085143354
2012-05-17,-0.6211180124
2012-05-18,-4.508928571
2012-05-21,1.729780271
2012-05-22,-1.240808824
2012-05-23,2.51279665
2012-05-24,-2.678166137
2012-05-25,2.378731343
2012-05-29,2.596810934
2012-05-30,-1.154529307
2012-05-31,-1.123090746
2012-06-01,-3.634711495
2012-06-04,-2.074493164
2012-06-05,2.792489167
2012-06-06,2.763466042
2012-06-07,-4.056517776
2012-06-08,1.947743468
2012-06-11,1.164958062
2012-06-12,2.026715799
2012-06-13,-2.663656885
2012-06-14,-1.20593692
2012-06-15,2.159624413
2012-06-18,0.8731617647
2012-06-19,6.697038724
2012-06-20,1.665243382
2012-06-21,-4.535909282
2012-06-22,1.275846898
2012-06-25,-3.171155517
2012-06-26,1.121579183
2012-06-27,3.194321207
2012-06-28,0.7738607051
2012-06-29,4.394197952
2012-07-02,-2.697180221
2012-07-03,2.603947921
2012-07-05,-0.9823986901
2012-07-06,-1.942951633
2012-07-09,-1.306913997
2012-07-10,-3.032891927
2012-07-11,-1.629955947
2012-07-12,-1.701746529
2012-07-13,1.230068337
2012-07-16,0.4050405041
2012-07-17,-1.837740923
2012-07-18,5.570776256
2012-07-19,0.9948096886
2012-07-20,-2.95503212
2012-07-23,1.412180053
2012-07-24,-1.087902524
2012-07-25,1.979762429
2012-07-26,0.4314063848
2012-07-27,2.448453608
2012-07-30,-1.048218029
2012-07-31,1.56779661
2012-08-01,-1.084689195
2012-08-02,0.3795866723
2012-08-03,2.058823529
2012-08-06,2.099629477
2012-08-07,1.008064516
2012-08-08,0.5588822355
2012-08-09,3.374354903
2012-08-10,-0.6144393241
2012-08-13,1.313755796
2012-08-14,-1.487414188
2012-08-15,-0.7355787844
2012-08-16,2.067082683
2012-08-17,-0.8788689339
2012-08-20,0
2012-08-21,-0.2698535081
2012-08-22,0.1932740626
2012-08-23,-2.314814815
2012-08-24,2.093206951
2012-08-27,-1.70212766
2012-08-28,-0.4329004329
2012-08-29,0.1976284585
2012-08-30,-1.854043393
2012-08-31,-0.1607717042
2012-09-04,-5.354267311
2012-09-05,0.2977456402
2012-09-06,3.095843936
2012-09-07,-2.42698478
2012-09-10,-0.8853288364
2012-09-11,1.233517652
2012-09-12,1.092436975
2012-09-13,0.6650041563
2012-09-14,1.156069364
2012-09-17,-2.734693878
2012-09-18,0.6714225766
2012-09-19,1.16715298
2012-09-20,-0.7004532344
2012-09-21,0.4149377593
2012-09-24,-0.04132231405
2012-09-25,-1.86027284
2012-09-26,-1.684919966
2012-09-27,0.7283633248
2012-09-28,0.467886006
2012-10-01,-1.651143099
2012-10-02,0.3874300474
2012-10-03,-0.9862778731
2012-10-04,4.417496752
2012-10-05,-2.322687681
2012-10-08,-0.9766454352
2012-10-09,-2.144082333
2012-10-10,-1.709027169
2012-10-11,0.5795809184
2012-10-12,-0.8865248227
2012-10-15,1.252236136
2012-10-16,2.915194346
2012-10-17,-0.7725321888
2012-10-18,-1.51384083
2012-10-19,-5.841018884
2012-10-22,-1.166044776
2012-10-23,3.020292591
2012-10-24,-1.282638571
2012-10-25,0.0464037123
2012-10-26,-1.066790353
2012-10-31,-0.6563525551
2012-11-01,4.860783388
2012-11-02,-0.495049505
2012-11-05,4.251469923
2012-11-06,-0.08676789588
2012-11-07,-3.039513678
2012-11-08,0.5373936408
2012-11-09,-3.875278396
2012-11-12,-2.224281742
2012-11-13,-0.7109004739
2012-11-14,-2.482100239
2012-11-15,0.4405286344
2012-11-16,-1.803118908
2012-11-19,2.779156328
2012-11-20,0.8208594882
2012-11-21,2.873563218
2012-11-23,0.6517690875
2012-11-26,1.803885291
2012-11-27,0.4089050432
2012-11-28,0.814479638
2012-11-29,-1.795332136
2012-11-30,-0.5941499086
2012-12-03,-1.83908046
2012-12-04,2.99765808
2012-12-05,-1.182355616
2012-12-06,0.1840773125
2012-12-07,-0.1837390905
2012-12-10,3.359410953
2012-12-11,2.359750668
2012-12-12,-1.043932144
2012-12-13,0.08791208791
2012-12-14,0.4830917874
2012-12-17,-0.3933566434
2012-12-18,0.1316366828
2012-12-19,0.7449605609
2012-12-20,-0.08699434537
2012-12-21,-2.307357423
2012-12-24,-0.8021390374
2012-12-26,-0.08984725966
2012-12-27,-0.6294964029
2012-12-28,-0.4977375566
2012-12-31,1.318781264
2013-01-02,3.725314183
2013-01-03,0.08654262224
2013-01-04,3.285776048
2013-01-07,-2.888237756
2013-01-08,-2.155172414
2013-01-09,-2.246696035
2013-01-10,0.1351960342
2013-01-11,-0.1350135014
2013-01-14,-0.0901306895
2013-01-15,-1.804239964
2013-01-16,0.9186954525
2013-01-17,1.319981793
2013-01-18,-0.6738544474
2013-01-22,-0.4522840344
2013-01-23,0.1363016811
2013-01-24,0.499092559
2013-01-25,1.805869074
2013-01-28,1.596452328
2013-01-29,-2.138804016
2013-01-30,-0.133809099
2013-01-31,-0.4912907548
2013-02-01,0.8976660682
2013-02-04,-1.690391459
2013-02-05,2.262443439
2013-02-06,-0.796460177
2013-02-07,-0.4014272971
2013-02-08,0.6717420511
2013-02-11,1.112099644
2013-02-12,-0.6159260889
2013-02-13,-0.4869411244
2013-02-14,2.891459075
2013-02-15,0
2013-02-19,-1.426718547
2013-02-20,-1.315789474
2013-02-21,-0.7555555556
2013-02-22,1.880877743
2013-02-25,-1.758241758
2013-02-26,3.087248322
2013-02-27,1.866319444
2013-02-28,0.4686834256
2013-03-01,0.3816793893
2013-03-04,-0.3802281369
2013-03-05,1.102629347
2013-03-06,-0.08389261745
2013-03-07,-0.2099076406
2013-03-08,0.4627681952
2013-03-11,-0.9631490787
2013-03-12,0.3382663848
2013-03-13,0
2013-03-14,0.08428150021
2013-03-15,-0.8842105263
2013-03-18,-0.7221750212
2013-03-19,-0.5990586222
2013-03-20,1.205337925
2013-03-21,-1.616333475
2013-03-22,0.4755728491
2013-03-25,-0.5593803787
2013-03-26,0.7356122891
2013-03-27,1.202749141
2013-03-28,1.443123939
2013-04-01,-3.305439331
2013-04-02,-1.038511467
2013-04-03,-1.224311325
2013-04-04,1.018149624
2013-04-05,1.709027169
2013-04-08,-0.2585092632
2013-04-09,1.598272138
2013-04-10,1.615646259
2013-04-11,-0.5020920502
2013-04-12,2.52312868
2013-04-15,-2.050861362
2013-04-16,1.088777219
2013-04-17,-1.325600663
2013-04-18,-1.931150294
2013-04-19,0.2140410959
2013-04-22,0.1708671508
2013-04-23,2.601279318
2013-04-24,3.408146301
2013-04-25,0.8440514469
2013-04-26,-0.4384216819
2013-04-29,1.160928743
2013-04-30,1.503759398
2013-05-01,-0.8966861598
2013-05-02,1.180173092
2013-05-03,0.4276827372
2013-05-06,-0.27100271
2013-05-07,-1.319875776
2013-05-08,1.848937844
2013-05-09,0.07724990344
2013-05-10,4.51563103
2013-05-13,-2.067946824
2013-05-14,1.470588235
2013-05-15,1.746562616
2013-05-16,-0.4747991234
2013-05-17,1.651376147
2013-05-20,-0.2166064982
2013-05-21,2.604920405
2013-05-22,-3.490832158
2013-05-23,1.607599562
2013-05-24,-0.6112909026
2013-05-28,-0.07235890014
2013-05-29,-0.6154960174
2013-05-30,1.31147541
2013-05-31,-1.078748652
2013-06-03,-0.1454016721
2013-06-04,0.1456133964
2013-06-05,-2.144674664
2013-06-06,0.6315007429
2013-06-07,1.402731635
2013-06-10,-0.07280669822
2013-06-11,-1.857923497
2013-06-12,-0.853749072
2013-06-13,2.283788843
2013-06-14,-0.1464128843
2013-06-17,0.9530791789
2013-06-18,-0.6172839506
2013-06-19,3.069053708
2013-06-20,-2.694080113
2013-06-21,-0.14571949
2013-06-24,-2.079533017
2013-06-25,0.7078986587
2013-06-26,-0.5549389567
2013-06-27,-0.9300595238
2013-06-28,0.225309801
2013-07-01,0.412139378
2013-07-02,-0.07462686567
2013-07-03,0.2987303958
2013-07-05,0.78183172
2013-07-08,-0.4802364241
2013-07-09,0.4825538233
2013-07-10,1.329885482
2013-07-11,1.385344513
2013-07-12,0.07191657677
2013-07-15,-0.215594682
2013-07-16,0.5761613252
2013-07-17,-0.5728607232
2013-07-18,-0.3961109111
2013-07-19,-2.133044107
2013-07-22,-0.07388252678
2013-07-23,-0.1478743068
2013-07-24,0
2013-07-25,0.3702332469
2013-07-26,-0.4426410918
2013-07-29,-0.1852537977
2013-07-30,1.670378619
2013-07-31,0.2190580504
2013-08-01,1.384335155
2013-08-02,0.826446281
2013-08-05,0.4632929437
2013-08-06,-1.489890032
2013-08-07,-0.07202016565
2013-08-08,0.6846846847
2013-08-09,-1.431639227
2013-08-12,-0.7988380537
2013-08-13,0.3294289898
2013-08-14,4.232032105
2013-08-15,0.6650332517
2013-08-16,0.4172461752
2013-08-19,-1.592797784
2013-08-20,2.040816327
2013-08-21,-0.4482758621
2013-08-22,0.5195704884
2013-08-23,0
2013-08-26,0.2756719504
2013-08-27,-1.340206186
2013-08-28,0
2013-08-29,-0.2089864159
2013-08-30,-0.1396160558
2013-09-03,0.0699056274
2013-09-04,0.9430667132
2013-09-05,0.276816609
2013-09-06,-0.3795721187
2013-09-09,1.662625563
2013-09-10,2.112436116
2013-09-11,1.701701702
2013-09-12,-0.0656167979
2013-09-13,0.6237688772
2013-09-16,0.06525285481
2013-09-17,0.3260515161
2013-09-18,0.877478063
2013-09-19,-0.4510309278
2013-09-20,-0.8737864078
2013-09-23,-0.9467841985
2013-09-24,0.3955174687
2013-09-25,0.09848982272
2013-09-26,-0.2951787471
2013-09-27,-0.5921052632
2013-09-30,-0.1323626737
2013-10-01,-0.03313452618
2013-10-02,-0.06629101757
2013-10-03,-1.028192371
2013-10-04,1.340482574
2013-10-07,0
2013-10-08,-0.8267195767
2013-10-09,-1.533844615
2013-10-10,1.049779885
2013-10-11,-0.8042895442
2013-10-14,1.52027027
2013-10-15,-0.5324459235
2013-10-16,1.237872198
2013-10-17,0.1982815598
2013-10-18,1.154353562
2013-10-21,0.2608412129
2013-10-22,-0.5203252033
2013-10-23,-1.699901929
2013-10-24,-0.7648819421
2013-10-25,-0.9383378016
2013-10-28,-0.1691474966
2013-10-29,0.1016604541
2013-10-30,-0.03385240352
2013-10-31,-0.2031832035
2013-11-01,0.4411265694
2013-11-04,-2.871621622
2013-11-05,-0.1391304348
2013-11-06,0.661790317
2013-11-07,-2.387543253
2013-11-08,6.983339241
2013-11-11,0.8614976806
2013-11-12,0.1314060447
2013-11-13,2.788713911
2013-11-14,0.4149377593
2013-11-15,-0.2860775588
2013-11-18,-2.422696844
2013-11-19,0
2013-11-20,-1.470107808
2013-11-21,0.7625994695
2013-11-22,-0.9542612702
2013-11-25,2.159468439
2013-11-26,0.8455284553
2013-11-27,0.3869719445
2013-11-29,-0.6424670736
2013-12-02,0.9699321048
2013-12-03,-0.06404098623
2013-12-04,1.377763537
2013-12-05,-1.611883692
2013-12-06,-1.477674269
2013-12-09,-1.662862732
2013-12-10,2.287798408
2013-12-11,-0.9724473258
2013-12-12,-1.931260229
2013-12-13,-0.6008010681
2013-12-16,0.1343183345
2013-12-17,0.4694835681
2013-12-18,1.368491322
2013-12-19,0.3951267698
2013-12-20,2.033453591
2013-12-23,0.5785920926
2013-12-24,0.2237136465
2013-12-26,-0.924744898
2013-12-27,0.579336981
2013-12-30,1.312
2013-12-31,0.3158559697
2014-01-02,-1.007556675
2014-01-03,-1.176844784
2014-01-06,1.319600901
2014-01-07,1.65184244
2014-01-08,1.375
2014-01-09,-3.729963009
2014-01-10,-0.1280819725
2014-01-13,-2.372555306
2014-01-14,3.119868637
2014-01-15,1.082802548
2014-01-16,0.3150598614
2014-01-17,-0.4396984925
2014-01-21,0.3785488959
2014-01-22,-0.1257071025
2014-01-23,-0.3775959723
2014-01-24,-2.558433354
2014-01-27,-0.6482982172
2014-01-28,0.9787928222
2014-01-29,-0.9693053312
2014-01-30,1.696574225
2014-01-31,-0.128328521
2014-02-03,-1.349180854
2014-02-04,0.586128297
2014-02-05,-0.9064422143
2014-02-06,1.306762496
2014-02-07,1.451144792
2014-02-10,0.3178639542
2014-02-11,2.091254753
2014-02-12,3.56921167
2014-02-13,3.146538807
2014-02-14,3.16676351
2014-02-18,-0.05632216277
2014-02-19,1.324316709
2014-02-20,3.531701891
2014-02-21,-0.7252215955
2014-02-24,1.433982684
2014-02-25,0.9069085089
2014-02-26,-0.1586042823
2014-02-27,-1.111993646
2014-02-28,-0.6425702811
2014-03-03,-0.4850444624
2014-03-04,1.028973734
2014-03-05,0.8576789065
2014-03-06,-1.381876163
2014-03-07,-0.1077876583
2014-03-10,-1.483679525
2014-03-11,1.013143483
2014-03-12,0.2710761724
2014-03-13,-3.163017032
2014-03-14,0.4466778336
2014-03-17,0
2014-03-18,2.33463035
2014-03-19,1.765344921
2014-03-20,0.05337603416
2014-03-21,-0.160042678
2014-03-24,-0.4808976757
2014-03-25,0
2014-03-26,-2.281879195
2014-03-27,-1.318681319
2014-03-28,0.6124721604
2014-03-31,0.05534034311
2014-04-01,4.120575221
2014-04-02,-0.6374501992
2014-04-03,1.069232825
2014-04-04,-3.094419466
2014-04-07,0.327510917
2014-04-08,3.59085963
2014-04-09,-0.1050420168
2014-04-10,-2.444794953
2014-04-11,-1.428186473
2014-04-14,1.120831055
2014-04-15,0.7028926737
2014-04-16,0.2147651007
2014-04-17,0.3750334851
2014-04-21,0.8006405124
2014-04-22,0.8737092931
2014-04-23,1.154855643
2014-04-24,0.8822003114
2014-04-25,-2.752057613
2014-04-28,-0.4231684739
2014-04-29,0.2124833997
2014-04-30,-1.166180758
2014-05-01,0.5363368195
2014-05-02,-0.7468658309
2014-05-05,1.074979844
2014-05-06,-2.047327838
2014-05-07,0.1900108578
2014-05-08,1.192088865
2014-05-09,-2.436412316
2014-05-12,2.936333699
2014-05-13,-1.599573447
2014-05-14,-1.002438364
2014-05-15,-0.5473453749
2014-05-16,-0.220143093
2014-05-19,3.226696084
2014-05-20,0.2137323003
2014-05-21,0
2014-05-22,0.4532124767
2014-05-23,0.9288747346
2014-05-27,1.788062056
2014-05-28,0.8266597778
2014-05-29,-0.1537279016
2014-05-30,0.2822684116
2014-06-02,-0.3326509724
2014-06-03,-0.4107830552
2014-06-04,0.1031193607
2014-06-05,0.4120525367
2014-06-06,0.3847140292
2014-06-09,0.1021972407
2014-06-10,0.5104645227
2014-06-11,1.320467242
2014-06-12,0.626566416
2014-06-13,0.099626401
2014-06-16,-0.3234635481
2014-06-17,0.6739890165
2014-06-18,-0.09918175056
2014-06-19,-2.308265078
2014-06-20,-1.092479675
2014-06-23,-1.155920884
2014-06-24,-1.559251559
2014-06-25,1.029567054
2014-06-26,-1.33263653
2014-06-27,0.1059322034
2014-06-30,0.873015873
2014-07-01,1.127720955
2014-07-02,-0.3630705394
2014-07-03,0.9109838626
2014-07-07,-0.7995873098
2014-07-08,-0.8060322413
2014-07-09,3.014416776
2014-07-10,-0.5597964377
2014-07-11,0.2558853634
2014-07-14,1.250638081
2014-07-15,0.4285354172
2014-07-16,-0.1004016064
2014-07-17,-0.2763819095
2014-07-18,-4.459561602
2014-07-21,0.6065400844
2014-07-22,-0.4193971166
2014-07-23,-2.132140037
2014-07-24,0.1882732652
2014-07-25,-1.771812081
2014-07-28,-0.4099480732
2014-07-29,0.3567508233
2014-07-30,1.668033908
2014-07-31,-3.200645508
2014-08-01,1.083634343
2014-08-04,-0.2199010445
2014-08-05,0.05509641873
2014-08-06,-0.1101321586
2014-08-07,-1.019845645
2014-08-08,8.827624617
2014-08-11,-0.5373592631
2014-08-12,0
2014-08-13,0.5917159763
2014-08-14,-1.125319693
2014-08-15,1.293326436
2014-08-18,1.353421859
2014-08-19,2.166792643
2014-08-20,-0.6165228113
2014-08-21,-0.9429280397
2014-08-22,0.0501002004
2014-08-25,0.1752628943
2014-08-26,1.824543864
2014-08-27,-1.17820324
2014-08-28,0.8196721311
2014-08-29,0.32027593
2014-09-02,0.2455795678
2014-09-03,0.9309162175
2014-09-04,1.77184466
2014-09-05,-0.2861912712
2014-09-08,-0.9088734752
2014-09-09,-1.255129133
2014-09-10,0.3422146175
2014-09-11,-1.023142509
2014-09-12,-1.476741324
2014-09-15,-1.373969523
2014-09-16,1.494427558
2014-09-17,0.04991265286
2014-09-18,1.521576453
2014-09-19,-1.867321867
2014-09-22,-0.976464697
2014-09-23,-0.4298356511
2014-09-24,0.5840528187
2014-09-25,-2.171168897
2014-09-26,0.2064516129
2014-09-29,-0.1545197013
2014-09-30,-0.3611039464
2014-10-01,-0.9836914315
2014-10-02,-0.4444444444
2014-10-03,0.2100840336
2014-10-06,-0.6027253669
2014-10-07,-1.02820986
2014-10-08,1.838039425
2014-10-09,-1.935652629
2014-10-10,-5.974926647
2014-10-13,-0.2836879433
2014-10-14,2.332859175
2014-10-15,1.501251043
2014-10-16,0.05477951246
2014-10-17,-0.1642485628
2014-10-20,0.8500137099
2014-10-21,4.268624252
2014-10-22,-2.346805737
2014-10-23,2.242990654
2014-10-24,1.04465918
2014-10-27,0.05169294391
2014-10-28,2.376646861
2014-10-29,-0.6813020439
2014-10-30,-0.5843495935
2014-10-31,4.548939433
2014-11-03,1.686629186
2014-11-04,1.298076923
2014-11-05,0
2014-11-06,0.4508780256
2014-11-07,-2.126151665
2014-11-10,1.158580739
2014-11-11,-1.193032689
2014-11-12,-0.7003139338
2014-11-13,-0.4620622568
2014-11-14,1.22159785
2014-11-17,-0.4586048757
2014-11-18,2.400581959
2014-11-19,0.8998342411
2014-11-20,1.642806853
2014-11-21,0.600323251
2014-11-24,0.5737893046
2014-11-25,-0.0456412597
2014-11-26,1.666666667
2014-11-28,0.2694812486
2014-12-01,-1.858902576
2014-12-02,0.1597444089
2014-12-03,2.574618364
2014-12-04,-0.9107063527
2014-12-05,0.5828289621
2014-12-08,-1.292623133
2014-12-09,-0.3386769022
2014-12-10,-2.220208428
2014-12-11,-0.04633920297
2014-12-12,-3.106165971
2014-12-15,-0.3110047847
2014-12-16,-1.175905928
2014-12-17,4.152501214
2014-12-18,0.3963627885
2014-12-19,0.9753831863
2014-12-22,1.770929163
2014-12-23,-0.6327683616
2014-12-24,-0.3866272458
2014-12-26,0.09132420091
2014-12-29,-0.1368613139
2014-12-30,-0.9136592051
2014-12-31,-1.590594744
2015-01-02,0.3982197236
2015-01-05,-1.679888007
2015-01-06,-3.037494067
2015-01-07,-0.2447381302
2015-01-08,3.753680079
2015-01-09,0.4019862852
2015-01-12,-1.248233632
2015-01-13,-0.1669449082
2015-01-14,0.4061156235
2015-01-15,-0.6899833452
2015-01-16,1.8207954
2015-01-20,0.3058823529
2015-01-21,1.407459536
2015-01-22,1.711774231
2015-01-23,0.2956561292
2015-01-26,-0.4308390023
2015-01-27,-4.805283535
2015-01-28,-1.626794258
2015-01-29,2.431906615
2015-01-30,-2.872744539
2015-02-02,2.126619408
2015-02-03,2.489229296
2015-02-04,0.2568893041
2015-02-05,1.583973911
2015-02-06,-0.3898188489
2015-02-09,-0.09208103131
2015-02-10,2.788018433
2015-02-11,-0.6724949563
2015-02-12,7.176709546
2015-02-13,0.04211412929
2015-02-17,0.3157230057
2015-02-18,-1.174989509
2015-02-19,0.2760084926
2015-02-20,0.7198814313
2015-02-23,-0.7988227875
2015-02-24,2.24623861
2015-02-25,-0.7668393782
2015-02-26,0.2715121136
2015-02-27,-0.6248698188
2015-03-02,2.389436177
2015-03-03,-1.801432958
2015-03-04,1.125703565
2015-03-05,1.917130489
2015-03-06,-1.355177994
2015-03-09,0.2665573098
2015-03-10,1.717791411
2015-03-11,-0.5227181343
2015-03-12,-0.909458367
2015-03-13,0.1223740567
2015-03-16,1.181503361
2015-03-17,1.228105496
2015-03-18,-1.630867144
2015-03-19,1.475940154
2015-03-20,1.135684399
2015-03-23,-3.250591017
2015-03-24,-1.36428426
2015-03-25,-6.069364162
2015-03-26,-0.3736263736
2015-03-27,2.007500552
2015-03-30,0.410899654
2015-03-31,-2.519922464
2015-04-01,0.3977021653
2015-04-02,0.2200704225
2015-04-06,2.854633289
2015-04-07,0.9180187874
2015-04-08,0.7404273323
2015-04-09,2.309953801
2015-04-10,1.026272578
2015-04-13,-0.9142624949
2015-04-14,-0.8406807464
2015-04-15,1.199338296
2015-04-16,-0.6129955047
2015-04-17,-1.295230263
2015-04-20,-0.499895855
2015-04-21,-0.1884027632
2015-04-22,1.195469799
2015-04-23,-0.414507772
2015-04-24,-0.8532778356
2015-04-27,0.7766582704
2015-04-28,0.4582378671
2015-04-29,-0.7256894049
2015-04-30,0.2715121136
2015-05-01,2.478650281
2015-05-04,-0.6097560976
2015-05-05,-2.576687117
2015-05-06,0.314861461
2015-05-07,1.778614773
2015-05-08,-7.442434211
2015-05-11,-0.9107063527
2015-05-12,0.9863259359
2015-05-13,0.577136515
2015-05-14,1.611123372
2015-05-15,0.04344048653
2015-05-18,-0.1302648719
2015-05-19,0.7608695652
2015-05-20,0
2015-05-21,-0.71197411
2015-05-22,-0.1303780965
2015-05-26,-0.6309834639
2015-05-27,5.364571929
2015-05-28,1.371571072
2015-05-29,-0.04100041
2015-06-01,1.127973749
2015-06-02,-2.007706348
2015-06-03,-1.055463576
2015-06-04,1.798786865
2015-06-05,0.7602219026
2015-06-08,-2.283849918
2015-06-09,0.5008347245
2015-06-10,-1.785714286
2015-06-11,1.078224101
2015-06-12,-2.719096423
2015-06-15,-0.1935067727
2015-06-16,1.227919
2015-06-17,1.1704618
2015-06-18,1.682793437
2015-06-19,-0.3309888291
2015-06-22,-0.3943545039
2015-06-23,-2.58387164
2015-06-24,-0.9839572193
2015-06-25,0.75610283
2015-06-26,-2.036878216
2015-06-29,-2.976581309
2015-06-30,-0.04511617415
2015-07-01,1.421800948
2015-07-02,0.1112594571
2015-07-06,-1.222493888
2015-07-07,-1.890189019
2015-07-08,-0.7110091743
2015-07-09,-1.224301224
2015-07-10,1.753975678
2015-07-13,0.6665134452
2015-07-14,0.04566210046
2015-07-15,-0.7074395253
2015-07-16,2.229372558
2015-07-17,-0.5845323741
2015-07-20,-1.854364541
2015-07-21,0.4608294931
2015-07-22,-1.926605505
2015-07-23,1.239476146
2015-07-24,-1.155001155
2015-07-27,-0.5842486562
2015-07-28,2.186177715
2015-07-29,1.219231654
2015-07-30,0.25
2015-07-31,-0.3627295398
2015-08-03,1.706484642
2015-08-04,0.4026845638
2015-08-05,1.024955437
2015-08-06,-0.6396118218
2015-08-07,12.38623751
2015-08-10,3.476199881
2015-08-11,-0.4962779156
2015-08-12,0.2493765586
2015-08-13,-0.8419441255
2015-08-14,0.07719027403
2015-08-17,-0.6363285769
2015-08-18,0.3687172521
2015-08-19,-0.4060324826
2015-08-20,-3.61094933
2015-08-21,-3.101711984
2015-08-24,-3.533568905
2015-08-25,-2.090066796
2015-08-26,7.548415493
2015-08-27,3.765091058
2015-08-28,0.4338394794
2015-08-31,-1.0995484
2015-09-01,-4.089735954
2015-09-02,3.022148623
2015-09-03,0.261201527
2015-09-04,-2.324649299
2015-09-08,4.26754206
2015-09-09,-1.987406533
2015-09-10,1.586026902
2015-09-11,0.2964426877
2015-09-14,0.1773399015
2015-09-15,1.101494886
2015-09-16,0.7003891051
2015-09-17,0.9080370943
2015-09-18,-0.0765843385
2015-09-21,1.015520215
2015-09-22,-2.712443096
2015-09-23,0.4874244492
2015-09-24,1.901435778
2015-09-25,0.7235338919
2015-09-28,-1.304347826
2015-09-29,1.762114537
2015-09-30,3.95256917
2015-10-01,-1.937352888
2015-10-02,2.603397341
2015-10-05,2.501349649
2015-10-06,1.299157303
2015-10-07,1.039861352
2015-10-08,0.5831903945
2015-10-09,-0.3751705321
2015-10-12,1.061280383
2015-10-13,0.2032520325
2015-10-14,3.634212306
2015-10-15,0.2446582939
2015-10-16,1.578262284
2015-10-19,-0.1922152811
2015-10-20,-0.1283903065
2015-10-21,-1.301623011
2015-10-22,3.614457831
2015-10-23,0.6599622879
2015-10-26,-0.4527005932
2015-10-27,-0.06272541948
2015-10-28,0.8002510592
2015-10-29,-3.455790785
2015-10-30,2.499193808
2015-11-02,1.164071103
2015-11-03,-0.6997356554
2015-11-04,-1.644221735
2015-11-05,-1.146314281
2015-11-06,13.85086165
2015-11-09,-0.4385344462
2015-11-10,-1.903949986
2015-11-11,-0.9849362688
2015-11-12,-0.3510825044
2015-11-13,-1.981796829
2015-11-16,2.021866108
2015-11-17,0
2015-11-18,3.640634175
2015-11-19,0.283286119
2015-11-20,0.8757062147
2015-11-23,-1.498179782
2015-11-24,0.8102345416
2015-11-25,-0.1269035533
2015-11-27,0.8329803755
2015-11-30,1.050126015
2015-12-01,3.242344464
2015-12-02,-0.7649979868
2015-12-03,-0.2163916689
2015-12-04,4.079696395
2015-12-07,-1.90128923
2015-12-08,1.354042214
2015-12-09,-2.527832351
2015-12-10,0.8196721311
2015-12-11,-1.479408237
2015-12-14,0.2435064935
2015-12-15,1.228070175
2015-12-16,0.6132515665
2015-12-17,-1.510533987
2015-12-18,-1.627875689
2015-12-21,2.365973742
2015-12-22,0.09352037408
2015-12-23,0.36038441
2015-12-24,0.3723899455
2015-12-28,-0.09275208692
2015-12-29,1.631299735
2015-12-30,-0.8612814824
2015-12-31,-1.289982888
2016-01-04,-1.786904921
2016-01-05,1.602172437
2016-01-06,-4.129359882
2016-01-07,-3.972679119
2016-01-08,-2.148352446
2016-01-11,0.1780151313
2016-01-12,1.673330372
2016-01-13,-3.043984853
2016-01-14,-2.012918732
2016-01-15,-5.442281159
2016-01-19,0.8106355383
2016-01-20,0.546799614
2016-01-21,1.16762636
2016-01-22,2.339920949
2016-01-25,-0.1081415109
2016-01-26,0.9897927621
2016-01-27,-1.194486983
2016-01-28,-1.084934904
2016-01-29,4.418677531
2016-02-01,0.0300120048
2016-02-02,-4.230423042
2016-02-03,0.5012531328
2016-02-04,0.03117206983
2016-02-05,-6.310377065
2016-02-08,-4.573424247
2016-02-09,1.063088184
2016-02-10,-0.2241765822
2016-02-11,-0.5184929139
2016-02-12,1.70257123
2016-02-16,4.90263068
2016-02-17,2.475166911
2016-02-18,8.612744319
2016-02-19,1.33138259
2016-02-22,3.537395322
2016-02-23,0.2510110166
2016-02-24,0.7094171651
2016-02-25,0.2071823204
2016-02-26,-0.6478290834
2016-02-29,0.4439511654
2016-03-01,4.433701657
2016-03-02,0.5819336067
2016-03-03,-0.8809993425
2016-03-04,-0.3051207217
2016-03-07,-0.6520292748
2016-03-08,-1.821591214
2016-03-09,-0.06821282401
2016-03-10,-0.1501706485
2016-03-11,1.709051135
2016-03-14,0.2419680065
2016-03-15,-0.4961780877
2016-03-16,2.991913747
2016-03-17,-0.8505626799
2016-03-18,3.022304342
2016-03-21,0.2946451448
2016-03-22,-0.1788223272
2016-03-23,1.714651312
2016-03-24,0.1383821864
2016-03-28,1.01758794
2016-03-29,1.604278075
2016-03-30,1.052631579
2016-03-31,-0.363372093
2016-04-01,1.458789205
2016-04-04,-0.9705248023
2016-04-05,-0.1330913491
2016-04-06,0.1332687182
2016-04-07,-1.028433152
2016-04-08,0.6479217604
2016-04-11,0.6194582777
2016-04-12,-0.1207146306
2016-04-13,2.513898961
2016-04-14,0.2711624617
2016-04-15,0.7877718989
2016-04-18,-0.4316378908
2016-04-19,-1.780902168
2016-04-20,0.3817249195
2016-04-21,-0.1069518717
2016-04-22,-0.3806804663
2016-04-25,0.4896106998
2016-04-26,0.08318478907
2016-04-27,2.279743529
2016-04-28,-2.983515208
2016-04-29,-1.842766543
2016-05-02,1.316591491
2016-05-03,-1.191192396
2016-05-04,-2.277155382
2016-05-05,0.5981308411
2016-05-06,1.040505388
2016-05-09,-0.1471129092
2016-05-10,1.927562922
2016-05-11,0.2770416767
2016-05-12,-1.357357357
2016-05-13,15.20944959
2016-05-16,2.948948314
2016-05-17,0.2156057495
2016-05-18,2.550968139
2016-05-19,0.4395604396
2016-05-20,1.790332206
2016-05-23,0.1661129568
2016-05-24,3.228953273
2016-05-25,-0.4252504253
2016-05-26,1.062921135
2016-05-27,0.5540426331
2016-05-31,1.783713112
2016-06-01,0.1926782274
2016-06-02,0.7051282051
2016-06-03,-1.400381922
2016-06-06,-0.5164622337
2016-06-07,0.19467878
2016-06-08,-0.3238341969
2016-06-09,2.599090318
2016-06-10,-2.488012304
2016-06-13,1.271107812
2016-06-14,0.1923957856
2016-06-15,1.024140454
2016-06-16,0.4073135409
2016-06-17,-1.748850627
2016-06-20,1.798330122
2016-06-21,-0.6128886886
2016-06-22,-0.0816178471
2016-06-23,2.668360864
2016-06-24,-5.693069307
2016-06-27,-1.068616423
2016-06-28,1.459162403
2016-06-29,1.634292118
2016-06-30,0.7718459983
2016-07-01,-0.7476976384
2016-07-05,1.479099678
2016-07-06,0.6337135615
2016-07-07,2.599856063
2016-07-08,4.015782552
2016-07-11,2.292843294
2016-07-12,1.499793984
2016-07-13,-0.03247544045
2016-07-14,1.023308698
2016-07-15,-1.16568856
2016-07-18,0.5124450952
2016-07-19,1.035850125
2016-07-20,1.313576292
2016-07-21,-1.849948613
2016-07-22,2.730567861
2016-07-25,1.842559197
2016-07-26,1.709138502
2016-07-27,-1.00673681
2016-07-28,0.2141000153
2016-07-29,1.640470014
2016-08-01,-0.6531041213
2016-08-02,-1.216563397
2016-08-03,0.267727377
2016-08-04,1.853829722
2016-08-05,1.692757097
2016-08-08,0.9280400678
2016-08-09,0.2554185215
2016-08-10,-0.6478381133
2016-08-11,2.036779251
2016-08-12,5.593451569
2016-08-15,-0.09519923841
2016-08-16,-0.5989654234
2016-08-17,-2.321281841
2016-08-18,1.556256572
2016-08-19,0.2554013944
2016-08-22,0.4199944919
2016-08-23,1.371271855
2016-08-24,-1.542103483
2016-08-25,-0.6663460878
2016-08-26,0.81604426
2016-08-29,-0.06173686377
2016-08-30,-0.5834305718
2016-08-31,-0.4694835681
2016-09-01,2.948113208
2016-09-02,-0.9837612021
2016-09-06,0.945899966
2016-09-07,-1.469596872
2016-09-08,0.7183908046
2016-09-09,-4.979281299
2016-09-12,2.06605662
2016-09-13,-1.44988443
2016-09-14,0.8884150675
2016-09-15,3.790066925
2016-09-16,0.2375619358
2016-09-19,1.320422535
2016-09-20,-0.9089086413
2016-09-21,2.805692318
2016-09-22,0.2492947582
2016-09-23,-0.1112492638
2016-09-26,-0.9368448637
2016-09-27,3.419086039
2016-09-28,0.3581020591
2016-09-29,0.9302918313
2016-09-30,1.660353535
2016-10-03,-0.09936036763
2016-10-04,-0.223783179
2016-10-05,-0.09968226279
2016-10-06,-1.303398815
2016-10-07,-0.7266523442
2016-10-10,0.3691680988
2016-10-11,-1.445874818
2016-10-12,0.4568560582
2016-10-13,-1.626953625
2016-10-14,0.9832009376
2016-10-17,-0.5803082081
2016-10-18,1.524093651
2016-10-19,-0.210808739
2016-10-20,1.894885091
2016-10-21,-0.2764340014
2016-10-24,4.693504694
2016-10-25,1.636779396
2016-10-26,0.4085257549
2016-10-27,-2.052007783
2016-10-28,-0.1685630004
2016-10-31,0.8502683471
2016-11-01,-2.965797656
2016-11-02,-0.419028839
2016-11-03,-1.163366337
2016-11-04,-0.576008014
2016-11-07,5.472292191
2016-11-08,-0.1492626425
2016-11-09,-1.686199474
2016-11-10,-3.132222357
2016-11-11,29.8047341
2016-11-14,-4.919222211
2016-11-15,3.047260518
2016-11-16,6.309241706
2016-11-17,0.8312436147
2016-11-18,1.050062175
2016-11-21,-0.4056332893
2016-11-22,0.7184697053
2016-11-23,0.9450679268
2016-11-25,0.2025475987
2016-11-28,-0.05390351271
2016-11-29,-0.9123595506
2016-11-30,-1.124869597
2016-12-01,-4.945180972
2016-12-02,0.9217701848
2016-12-05,3.878156083
2016-12-06,1.643419417
2016-12-07,1.798007246
2016-12-08,-1.672821106
2016-12-09,-1.773675399
2016-12-12,-2.427564605
2016-12-13,1.760929091
2016-12-14,5.789839944
2016-12-15,2.34618252
2016-12-16,1.72251264
2016-12-19,1.213142376
2016-12-20,3.483435991
2016-12-21,0.6273878946
2016-12-22,1.210982774
2016-12-23,2.491707471
2016-12-27,6.869581969
2016-12-28,-6.878650227
2016-12-29,1.993805652
2016-12-30,-4.209527425
2017-01-03,-4.430179109
2017-01-04,2.334356083
2017-01-05,-2.540415704
2017-01-06,1.338654694
2017-01-09,4.05316705
2017-01-10,-0.7569783946
2017-01-11,-1.227554426
2017-01-12,-1.636970599
2017-01-13,-0.008177952241
2017-01-17,-2.245031488
2017-01-18,1.819702991
2017-01-19,2.148726376
2017-01-20,-1.093995093
2017-01-23,1.036964743
2017-01-24,2.133140143
2017-01-25,0.4295397226
2017-01-26,1.722581911
2017-01-27,1.936429563
2017-01-30,-1.566638916
2017-01-31,-0.7650315239
2017-02-01,4.36989114
2017-02-02,1.262017
2017-02-03,-0.872402038
2017-02-06,2.558887697
2017-02-07,1.553993149
2017-02-08,-0.4366967265
2017-02-09,-1.882822808
2017-02-10,-2.369616573
2017-02-13,-4.612292
2017-02-14,0.3707461755
2017-02-15,0.2021851549
2017-02-16,-1.60645687
2017-02-17,-0.01971842095
2017-02-21,3.581571474
2017-02-22,0.2246763138
2017-02-23,-9.270868954
2017-02-24,0.9673771933
2017-02-27,2.903359602
2017-02-28,-2.805320435
2017-03-01,1.293854193
2017-03-02,-3.688692377
2017-03-03,-0.5781083953
2017-03-06,-0.7695925435
2017-03-07,1.094403033
2017-03-08,-0.1832672719
2017-03-09,-0.0170794193
2017-03-10,0.5850700376
2017-03-13,2.755487624
2017-03-14,-0.06611023882
2017-03-15,0.7566360705
2017-03-16,1.22696869
2017-03-17,2.176909356
2017-03-20,3.185875818
2017-03-21,-3.233620424
2017-03-22,2.038383598
2017-03-23,-0.9073208723
2017-03-24,0.3576060046
2017-03-27,0.7244106821
2017-03-28,-0.5170470007
2017-03-29,-0.3243454474
2017-03-30,1.91712079
2017-03-31,-0.4269887675
2017-04-03,-0.506084605
2017-04-04,-7.012502912
2017-04-05,-0.7432771004
2017-04-06,0.7278081615
2017-04-07,-0.426011778
2017-04-10,-2.550228598
2017-04-11,0.3572504627
2017-04-12,-0.8277577629
2017-04-13,-1.868269688
2017-04-17,3.917852893
2017-04-18,0.05937234945
2017-04-19,0.3941680088
2017-04-20,1.583146874
2017-04-21,0.4155930513
2017-04-24,1.249896532
2017-04-25,1.737246566
2017-04-26,-0.6870505042
2017-04-27,1.557569383
2017-04-28,-1.27076445
2017-05-01,2.243382828
2017-05-02,-2.959747435
2017-05-03,0.7401382676
2017-05-04,-0.3834974972
2017-05-05,0.01215706934
2017-05-08,-1.049432739
2017-05-09,0.1637934565
2017-05-10,17.82837987
2017-05-11,4.295329956
2017-05-12,1.097804391
2017-05-15,5.021388615
2017-05-16,1.861135481
2017-05-17,-6.644109505
2017-05-18,4.187808896
2017-05-19,2.63432529
2017-05-22,2.132248721
2017-05-23,-1.348579014
2017-05-24,1.125416679
2017-05-25,-0.2237880667
2017-05-26,2.588427848
2017-05-30,2.136082962
2017-05-31,-0.358692508
2017-06-01,0.008709284097
2017-06-02,-0.4992888037
2017-06-05,3.042856726
2017-06-06,-0.4530011325
2017-06-07,1.205915813
2017-06-08,7.256070144
2017-06-09,-6.463868365
2017-06-12,0.2465055044
2017-06-13,0.9556542879
2017-06-14,0.2103573307
2017-06-15,0.4281176633
2017-06-16,-0.4922992299
2017-06-19,3.75887897
2017-06-20,-0.1465064862
2017-06-21,1.515232353
2017-06-22,-0.6884952962
2017-06-23,-2.868331922
2017-06-26,-1.089680724
2017-06-27,-3.66310455
2017-06-28,3.527931843
2017-06-29,-3.341433779
2017-06-30,-1.445631678
2017-07-03,-3.617810761
2017-07-05,2.670837344
2017-07-06,0.3017342395
2017-07-07,2.283945209
2017-07-10,4.728591417
2017-07-11,1.420508766
2017-07-12,4.252916823
2017-07-13,-1.157813306
2017-07-14,2.68972894
2017-07-17,-0.4242670596
2017-07-18,1.040949101
2017-07-19,-0.5176375527
2017-07-20,1.454388548
2017-07-21,0.3577593755
2017-07-24,-1.161689186
2017-07-25,-0.4817393059
2017-07-26,1.155688471
2017-07-27,-3.299676797
2017-07-28,1.637475386
2017-07-31,-1.142041399
2017-08-01,1.217122228
2017-08-02,-0.06114338123
2017-08-03,1.272050576
2017-08-04,0.4379892768
2017-08-07,3.075110899
2017-08-08,-1.188971017
2017-08-09,1.063018283
2017-08-10,-4.282827299
2017-08-11,-5.329161579
2017-08-14,7.974850203
2017-08-15,-0.8435983576
2017-08-16,-1.094212719
2017-08-17,-2.227860949
2017-08-18,0.01816671857
2017-08-21,-1.455668284
2017-08-22,2.496182
2017-08-23,2.001233109
2017-08-24,-0.3702304496
2017-08-25,-0.8342181101
2017-08-28,0.7086774753
2017-08-29,-0.1645319698
2017-08-30,0.5958266778
2017-08-31,2.268373828
2017-09-01,0.601340694
2017-09-05,-2.667809897
2017-09-06,-0.06040623191
2017-09-07,0.4633943637
2017-09-08,-1.734727131
2017-09-11,3.244980739
2017-09-12,0.3607521435
2017-09-13,0.4480882389
2017-09-14,-0.5686413883
2017-09-15,6.320408214
2017-09-18,4.131599082
2017-09-19,-0.1068732884
2017-09-20,-0.8046361306
2017-09-21,-2.734585655
2017-09-22,-0.9725783723
2017-09-25,-4.46974292
2017-09-26,0.5616605617
2017-09-27,2.192812045
2017-09-28,-0.02851507735
2017-09-29,1.75893133
2017-10-02,0.1284716545
2017-10-03,0.2052909065
2017-10-04,0.8357778088
2017-10-05,-0.05541061575
2017-10-06,0.2933770704
2017-10-09,2.257232357
2017-10-10,1.910081989
2017-10-11,1.063124392
2017-10-12,0.04592673592
2017-10-13,1.864643903
2017-10-16,1.716775038
2017-10-17,-0.09071921349
2017-10-18,-0.0865782583
2017-10-19,0.1120152172
2017-10-20,-0.4560040534
2017-10-23,-0.1420936546
2017-10-24,1.047042583
2017-10-25,-2.526377738
2017-10-26,1.047955839
2017-10-27,3.15394136
2017-10-30,0.9805544063
2017-10-31,1.456549351
2017-11-01,0.1898031297
2017-11-02,-0.6086378202
2017-11-03,1.336253219
2017-11-06,0.4502161037
2017-11-07,1.143403518
2017-11-08,-1.353028065
2017-11-09,-1.834770803
2017-11-10,5.269580427
2017-11-13,-1.624806801
2017-11-14,0.7286081816
2017-11-15,-1.961395984
2017-11-16,0.7775833267
2017-11-17,-0.1184015787
2017-11-20,1.286179986
2017-11-21,0.9206881754
2017-11-22,-0.2416019174
2017-11-24,0.9454982272
2017-11-27,-1.301318593
2017-11-28,-1.60045116
2017-11-29,-6.782608696
2017-11-30,2.183683853
2017-12-01,-1.508361343
2017-12-04,-5.576035896
2017-12-05,0.5800464037
2017-12-06,0.809599858
2017-12-07,1.441175823
2017-12-08,-0.2602811036
2017-12-11,1.657098121
2017-12-12,-1.96380439
2017-12-13,-2.441738675
2017-12-14,0.1565680288
2017-12-15,2.72895777
2017-12-18,3.310797591
2017-12-19,-0.9048059928
2017-12-20,0.3503631036
2017-12-21,-0.461287797
2017-12-22,-0.3167449672
2017-12-26,1.111063721
2017-12-27,-0.1370932023
2017-12-28,0.1182732111
2017-12-29,-1.976626445
2018-01-02,3.023651193
2018-01-03,6.580046791
2018-01-04,0.5272235506
2018-01-05,0.8481020062
2018-01-08,3.064223021
2018-01-09,-0.02626099679
2018-01-10,0.7824080155
2018-01-11,0.1787243549
2018-01-12,-0.4906151273
2018-01-16,-1.286744108
2018-01-17,2.094329985
2018-01-18,-0.1241568453
2018-01-19,2.525186931
2018-01-22,1.556335734
2018-01-23,2.234577141
2018-01-24,-1.302028864
2018-01-25,0.2331125828
2018-01-26,2.952939725
2018-01-29,1.446100662
2018-01-30,-1.671783798
2018-01-31,1.267864189
2018-02-01,-2.15498255
2018-02-02,-2.903694982
2018-02-05,-8.486545286
2018-02-06,5.559452824
2018-02-07,1.426962766
2018-02-08,-4.930474665
2018-02-09,6.694744903
2018-02-12,-1.745855164
2018-02-13,2.017933125
2018-02-14,3.77702993
2018-02-15,2.104391624
2018-02-16,-1.07781194
2018-02-20,2.14837079
2018-02-21,-3.039422209
2018-02-22,0.5155527967
2018-02-23,1.561025817
2018-02-26,0.2634912592
2018-02-27,-0.2105759674
2018-02-28,-1.651023027
2018-03-01,-4.044079783
2018-03-02,1.863976244
2018-03-05,-0.3758078112
2018-03-06,2.762206945
2018-03-07,-0.1320822684
2018-03-08,-0.2731020268
2018-03-09,1.720604192
2018-03-12,1.806637318
2018-03-13,-0.8215942921
2018-03-14,0.415877115
2018-03-15,0.2404769459
2018-03-16,0.4581424406
2018-03-19,-3.784411277
2018-03-20,3.559240236
2018-03-21,-0.4077692525
2018-03-22,-2.700625021
2018-03-23,-3.670433857
2018-03-26,4.940714986
2018-03-27,-7.756218567
2018-03-28,-1.849293621
2018-03-29,4.625893745
2018-04-02,-4.550509399
2018-04-03,1.944940336
2018-04-04,0.3944700461
2018-04-05,-2.148207991
2018-04-06,-3.219874658
2018-04-09,0.5409283028
2018-04-10,5.802495324
2018-04-11,-0.7326942004
2018-04-12,3.696019389
2018-04-13,-1.32089169
2018-04-16,-0.005383000484
2018-04-17,2.61448464
2018-04-18,-0.493136312
2018-04-19,-3.100012302
2018-04-20,-0.1450878688
2018-04-23,-2.112279555
2018-04-24,-1.196749295
2018-04-25,-2.052543614
2018-04-26,3.951455194
2018-04-27,0.4924472971
2018-04-30,-0.6313548434
2018-05-01,0.9955302722
2018-05-02,-0.3657577586
2018-05-03,2.951487675
2018-05-04,2.606571699
2018-05-07,4.024256746
2018-05-08,0.6915328979
2018-05-09,2.148272258
2018-05-10,1.700337794
2018-05-11,-2.152563755
2018-05-14,0.3263973888
2018-05-15,-3.837332249
2018-05-16,0.1826916571
2018-05-17,0.6905984061
2018-05-18,-0.7143695605
2018-05-21,-0.6907966963
2018-05-22,-0.6309738426
2018-05-23,2.247248704
2018-05-24,0.06026113157
2018-05-25,0.6423982869
2018-05-29,-0.2775930851
2018-05-30,1.770206524
2018-05-31,-0.3161084268
2018-06-01,2.154053432
2018-06-04,2.805076158
2018-06-05,0.08292003692
2018-06-06,0.03126465531
2018-06-07,-0.8485700891
2018-06-08,-0.2364177975
2018-06-11,-0.6319414822
2018-06-12,0.752023149
2018-06-13,-0.06943348588
2018-06-14,1.718093674
2018-06-15,-0.617878101
2018-06-18,-0.06404648838
2018-06-19,-1.85541227
2018-06-20,0.8218130853
2018-06-21,-1.982497157
2018-06-22,-2.394881465
2018-06-25,-4.714099368
2018-06-26,1.1991405
2018-06-27,-2.590753425
2018-06-28,2.181517746
2018-06-29,-1.644646298
2018-07-02,2.254600154
2018-07-03,-2.228836318
2018-07-05,2.486091186
2018-07-06,1.894877004
2018-07-09,0.7773626631
2018-07-10,1.604242515
2018-07-11,-2.259563467
2018-07-12,1.494885917
2018-07-13,-0.7603496619
2018-07-16,-0.4487360601
2018-07-17,2.212056963
2018-07-18,-0.7840062721
2018-07-19,0.1300539971
2018-07-20,-0.452131595
2018-07-23,-0.589614851
2018-07-24,-0.280772873
2018-07-25,1.27120056
2018-07-26,1.179567327
2018-07-27,-1.107281064
2018-07-30,-3.13049769
2018-07-31,0.2987253255
2018-08-01,0.6582843992
2018-08-02,1.682862042
2018-08-03,0.5902484996
2018-08-06,0.7659434583
2018-08-07,1.149969008
2018-08-08,0.5724790763
2018-08-09,-0.7584260655
2018-08-10,-0.6511237135
2018-08-13,0.5220361034
2018-08-14,2.072446652
2018-08-15,-0.8986876308
2018-08-16,-0.6333466613
2018-08-17,-4.902702442
2018-08-20,1.233857455
2018-08-21,2.211930716
2018-08-22,3.749079905
2018-08-23,1.530893783
2018-08-24,2.015590546
2018-08-27,1.351680468
2018-08-28,-0.5511834675
2018-08-29,1.720102089
2018-08-30,-0.2434823921
2018-08-31,1.032861055
2018-09-04,1.076805232
2018-09-05,-1.861054841
2018-09-06,-2.047817048
2018-09-07,-0.3153378512
2018-09-10,1.05546515
2018-09-11,-0.702815778
2018-09-12,-1.6853592
2018-09-13,1.170068447
2018-09-14,1.875752358
2018-09-17,-0.9034072213
2018-09-18,-1.062577354
2018-09-19,0.353928299
2018-09-20,-2.096318142
2018-09-21,-1.062062326
2018-09-24,0.8537484895
2018-09-25,1.019249024
2018-09-26,-0.5545457346
2018-09-27,0.1796833855
2018-09-28,5.093236849
2018-10-01,2.967572976
2018-10-02,-0.9944988212
2018-10-03,0.08659383163
2018-10-04,-2.594125366
2018-10-05,-3.376757957
2018-10-08,-1.515267585
2018-10-09,-0.08711885501
2018-10-10,-7.475398605
2018-10-11,-4.297999091
2018-10-12,4.853259245
2018-10-15,-4.526321085
2018-10-16,4.438784472
2018-10-17,-1.126864793
2018-10-18,-1.452702128
2018-10-19,-4.323960437
2018-10-22,0.8948545861
2018-10-23,-4.395250697
2018-10-24,-9.793139565
2018-10-25,4.227659133
2018-10-26,-4.595277408
2018-10-29,-6.388790425
2018-10-30,9.361844303
2018-10-31,3.857590941
2018-11-01,3.453482899
2018-11-02,-1.463423881
2018-11-05,-1.46592024
2018-11-06,-0.3338604815
2018-11-07,1.292900799
2018-11-08,-3.649338594
2018-11-09,-0.1545533008
2018-11-12,-7.842151817
2018-11-13,5.154549222
2018-11-14,-1.064182882
2018-11-15,2.637703646
2018-11-16,-18.75549018
2018-11-19,-11.99899422
2018-11-20,3.025887194
2018-11-21,-2.931469618
2018-11-23,0.2
2018-11-26,5.551753636
2018-11-27,0.445741146
2018-11-28,4.122962724
2018-11-29,-1.299238021
2018-11-30,3.857426986
2018-12-03,4.044247342
2018-12-04,-7.602140902
2018-12-06,0.7496330468
2018-12-07,-6.745928508
2018-12-10,2.879062631
2018-12-11,-2.416140142
2018-12-12,0.4779636525
2018-12-13,-0.005531279385
2018-12-14,-1.640115057
2018-12-17,-1.959902145
2018-12-18,2.340388918
2018-12-19,-5.736786055
2018-12-20,-2.461721421
2018-12-21,-4.093638553
2018-12-24,-1.922832443
2018-12-26,4.737677825
2018-12-27,-1.447975001
2018-12-28,1.889931875
2018-12-31,-0.1140040055
2019-01-02,2.038990684
2019-01-03,-6.043108921
2019-01-04,6.409266409
2019-01-07,5.291485244
2019-01-08,-2.489805296
2019-01-09,1.967309675
2019-01-10,1.860035237
2019-01-11,2.478237446
2019-01-14,1.081873772
2019-01-15,-0.3777510128
2019-01-16,-0.6896741221
2019-01-17,1.936751238
2019-01-18,3.433488044
2019-01-22,-5.201007662
2019-01-23,0.351547362
2019-01-24,5.726422641
2019-01-25,1.463643716
2019-01-28,-13.82360504
2019-01-29,-4.645819657
2019-01-30,4.399662046
2019-01-31,4.627881186
2019-02-01,0.681811671
2019-02-04,3.07582871
2019-02-05,0.5162038315
2019-02-06,2.034987504
2019-02-07,-3.646982828
2019-02-08,0.5083940892
2019-02-11,-1.161724243
2019-02-12,3.222450299
2019-02-13,1.130512953
2019-02-14,1.080163775
2019-02-15,1.81745503
2019-02-19,-0.4423273222
2019-02-20,1.217203849
2019-02-21,-1.753201216
2019-02-22,2.196901602
2019-02-25,-0.3155961404
2019-02-26,-1.001686778
2019-02-27,-1.074733283
2019-02-28,-0.3312223429
2019-03-01,1.41968416
2019-03-04,0.2123309217
2019-03-05,-0.1647963588
2019-03-06,-2.855945082
2019-03-07,-1.83676772
2019-03-08,0.9259513669
2019-03-11,6.969399978
2019-03-12,0.8576809529
2019-03-13,3.752302607
2019-03-14,-1.814378831
2019-03-15,2.566262076
2019-03-18,-0.5071728735
2019-03-19,4.002815807
2019-03-20,-0.7468782822
2019-03-21,5.47207525
2019-03-22,-3.502630875
2019-03-25,-2.095607772
2019-03-26,1.779393024
2019-03-27,-0.2109998145
2019-03-28,0.4252155122
2019-03-29,1.304951411
2019-04-01,1.514251781
2019-04-02,0.3937273607
2019-04-03,3.072475461
2019-04-04,-0.1913334638
2019-04-05,1.429038231
2019-04-08,0.44028264
2019-04-09,-1.319334559
2019-04-10,1.49949078
2019-04-11,-0.2903439295
2019-04-12,-0.798629697
2019-04-15,-2.795044462
2019-04-16,1.900659458
2019-04-17,-0.4902708474
2019-04-18,-0.5277218183
2019-04-22,1.16450569
2019-04-23,1.168509009
2019-04-24,0.2624050932
2019-04-25,-2.228896278
2019-04-26,-4.719589258
2019-04-29,0.6954519286
2019-04-30,0.9330619526
2019-05-01,-0.29455081
2019-05-02,1.508919441
2019-05-03,-0.09850231704
2019-05-06,-1.727731092
2019-05-07,-3.746522552
2019-05-08,0.4667029921
2019-05-09,-2.143463497
2019-05-10,-0.8048386708
2019-05-13,-6.143568566
2019-05-14,2.267315457
2019-05-15,-1.518526017
2019-05-16,0.3803453947
2019-05-17,-2.283666155
2019-05-20,-3.054915112
2019-05-21,2.183665748
2019-05-22,-1.846072468
2019-05-23,-3.206510024
2019-05-24,-1.472635154
2019-05-28,-1.25448535
2019-05-29,-2.085896592
2019-05-30,-0.4208065459
2019-05-31,-2.623547365
2019-06-03,-1.241637032
2019-06-04,6.893500153
2019-06-05,-1.204716092
2019-06-06,1.771317941
2019-06-07,1.195343555
2019-06-10,2.014533823
2019-06-11,1.56219918
2019-06-12,-3.019470848
2019-06-13,1.410141852
2019-06-14,-2.442382355
2019-06-17,0.2709568163
2019-06-18,5.412937004
2019-06-19,0.1575475981
2019-06-20,0.6398634958
2019-06-21,-1.520610363
2019-06-24,0.5945015333
2019-06-25,-0.7728305923
2019-06-26,5.136635585
2019-06-27,2.491541064
2019-06-28,0.612745098
2019-07-01,1.180740262
2019-07-02,-2.370774371
2019-07-03,0.319585294
2019-07-05,-1.547684744
2019-07-08,-1.885398354
2019-07-09,0.06491988886
2019-07-10,1.749104687
2019-07-11,3.884411345
2019-07-12,0.8003731801
2019-07-15,-0.2021579755
2019-07-16,-0.1147068873
2019-07-17,1.573533364
2019-07-18,0.2766351543
2019-07-19,-1.021925826
2019-07-22,1.711100339
2019-07-23,2.533002907
2019-07-24,1.708150317
2019-07-25,-2.95676812
2019-07-26,0.9748057452
2019-07-29,-0.1422441936
2019-07-30,0.3596198305
2019-07-31,-3.83460921
2019-08-01,-2.25265552
2019-08-02,-2.262488242
2019-08-05,-6.450714213
2019-08-06,1.034193356
2019-08-07,1.010209277
2019-08-08,2.841150255
2019-08-09,-2.579513504
2019-08-12,-1.771387719
2019-08-13,3.037899617
2019-08-14,-3.832570307
2019-08-15,-0.8650707291
2019-08-16,7.252620603
2019-08-19,7.030830242
2019-08-20,-1.702005594
2019-08-21,2.001410472
2019-08-22,0.1454320046
2019-08-23,-5.270801095
2019-08-26,1.852177628
2019-08-27,-2.205882353
2019-08-28,0.03784629359
2019-08-29,3.583949154
2019-08-30,0.3043584125
2019-09-03,-1.992960311
2019-09-04,2.796354089
2019-09-05,6.505553815
2019-09-06,-0.6062936905
2019-09-09,1.035620803
2019-09-10,1.484568597
2019-09-11,0.6282048436
2019-09-12,-0.03308920851
2019-09-13,-1.264426154
2019-09-16,-0.9498480243
2019-09-17,0.4760937747
2019-09-18,-0.6018414552
2019-09-19,-1.689937192
2019-09-20,-2.401525946
2019-09-23,1.245614448
2019-09-24,-1.320991674
2019-09-25,3.30426585
2019-09-26,-0.4996349699
2019-09-27,-3.145851008
2019-09-30,1.344665136
2019-10-01,-0.04204723306
2019-10-02,-0.5515178425
2019-10-03,4.779696863
2019-10-04,0.3655610128
2019-10-07,1.296031462
2019-10-08,-3.85158387
2019-10-09,1.963933373
2019-10-10,1.282570541
2019-10-11,1.617346485
2019-10-14,0.2907739397
2019-10-15,5.275434351
2019-10-16,-1.099538235
2019-10-17,0.0397805787
2019-10-18,-1.954751889
2019-10-21,2.896663607
2019-10-22,-0.2033026305
2019-10-23,-0.2660790754
2019-10-24,0.906665555
2019-10-25,3.901844546
2019-10-28,1.099359866
2019-10-29,-1.870022613
2019-10-30,0.03807310035
2019-10-31,-0.9755022735
2019-11-01,0.7828303261
2019-11-04,3.903819521
2019-11-05,-0.423041261
2019-11-06,-0.9447321966
2019-11-07,0.3427206142
2019-11-08,-0.2693366122
2019-11-11,0.191784575
2019-11-12,0.6875402856
2019-11-13,-0.4966148713
2019-11-14,0.5848751292
2019-11-15,-2.66896672
2019-11-18,3.962880357
2019-11-19,-2.020840516
2019-11-20,1.532716858
2019-11-21,-0.4736690093
2019-11-22,0.3385633307
2019-11-25,4.893567793
2019-11-26,-1.904341752
2019-11-27,0.8694674512
2019-11-29,-0.6873490619
2019-12-02,-3.454919566
2019-12-03,-0.7614360723
2019-12-04,0.8492776259
2019-12-05,-0.3252347304
2019-12-06,1.643133218
2019-12-09,0
2019-12-10,0.8522347276
2019-12-11,1.570700468
2019-12-12,3.096552753
2019-12-13,-0.03618730549
2019-12-16,0.5176657979
2019-12-17,1.39554147
2019-12-18,0.5345504271
2019-12-19,2.591414944
2019-12-20,1.661587203
2019-12-23,-0.2303445005
2019-12-24,-0.08318337691
2019-12-26,0.2395636883
2019-12-27,-0.9712193634
2019-12-30,-1.920410783
2019-12-31,1.282655358
2020-01-02,1.959061305
2020-01-03,-1.600337981
2020-01-06,0.4190423851
2020-01-07,1.210835956
2020-01-08,0.187563366
2020-01-09,1.097974397
2020-01-10,0.5355176671
2020-01-13,3.134593366
2020-01-14,-1.864783112
2020-01-15,-0.6918826751
2020-01-16,1.368641759
2020-01-17,0.1400651466
2020-01-21,-0.5367075432
2020-01-22,0.8502845183
2020-01-23,1.123613723
2020-01-24,-0.941172698
2020-01-27,-4.103136836
2020-01-28,3.233919017
2020-01-29,-0.9793502608
2020-01-30,0.1089756291
2020-01-31,-3.814943097
2020-02-03,1.649604746
2020-02-04,2.828995091
2020-02-05,1.468272196
2020-02-06,1.3920551
2020-02-07,-1.046051792
2020-02-10,4.523333763
2020-02-11,1.871637143
2020-02-12,1.734340239
2020-02-13,-0.6456123648
2020-02-14,7.020617167
2020-02-18,2.340580318
2020-02-19,6.112014873
2020-02-20,-1.905387648
2020-02-21,-4.739765967
2020-02-24,-7.069787962
2020-02-25,-4.109426461
2020-02-26,2.136580234
2020-02-27,-5.395579926
2020-02-28,6.915379073
2020-03-02,2.354209722
2020-03-03,-3.812951746
2020-03-04,7.003346517
2020-03-05,-3.943477766
2020-03-06,-2.653544472
2020-03-09,-7.74282804
2020-03-10,6.372355151
2020-03-11,-5.595575591
2020-03-12,-12.23682699
2020-03-13,11.34026401
2020-03-16,-18.45265085
2020-03-17,10.62624848
2020-03-18,-6.649416408
2020-03-19,5.003290326
2020-03-20,-3.389927074
2020-03-23,3.373238191
2020-03-24,17.15633141
2020-03-25,-1.428362739
2020-03-26,4.730853464
2020-03-27,-1.753089525
2020-03-30,5.087458191
2020-03-31,-0.7492461852
2020-04-01,-7.78838187
2020-04-02,5.101667277
2020-04-03,-4.524729276
2020-04-06,10.04046032
2020-04-07,-3.491508567
2020-04-08,3.057273125
2020-04-09,-1.496924336
2020-04-13,2.624050205
2020-04-14,5.224820144
2020-04-15,-1.095347976
2020-04-16,4.935409076
2020-04-17,-0.8083552921
2020-04-20,-1.802836389
2020-04-21,-6.110860621
2020-04-22,6.175433331
2020-04-23,-0.7477031802
2020-04-24,1.963800003
2020-04-27,2.586592179
2020-04-28,-1.92506671
2020-04-29,2.43621422
2020-04-30,-2.070657108
2020-05-01,-3.250536221
2020-05-04,3.009325476
2020-05-05,0.8414329353
2020-05-06,1.379671192
2020-05-07,2.376813169
2020-05-08,2.50338295
2020-05-11,3.238206174
2020-05-12,-3.260746925
2020-05-13,-0.2889873779
2020-05-14,3.220565873
2020-05-15,5.730222485
2020-05-18,3.056971371
2020-05-19,0.6309294076
2020-05-20,1.868289602
2020-05-21,-2.17107043
2020-05-22,2.85990828
2020-05-26,-3.417798091
2020-05-27,-2.207221314
2020-05-28,-0.4495101644
2020-05-29,4.57854292
2020-06-01,-0.7803777712
2020-06-02,0.2158612058
2020-06-03,-0.63244005
2020-06-04,0.1487391761
2020-06-05,1.751134035
2020-06-08,-1.289899184
2020-06-09,2.737307855
2020-06-10,3.545806509
2020-06-11,-6.090189106
2020-06-12,1.549000034
2020-06-15,2.70047343
2020-06-16,-1.147503108
2020-06-17,1.847523651
2020-06-18,-0.1956070375
2020-06-19,0.4697200293
2020-06-22,2.866172624
2020-06-23,-0.8051700392
2020-06-24,-2.269571718
2020-06-25,2.755040708
2020-06-26,-3.529874716
2020-06-29,0.4916930336
2020-06-30,3.236316962
2020-07-01,0.3400529207
2020-07-02,0.8631371594
2020-07-06,2.361452361
2020-07-07,0.3303004503
2020-07-08,3.487409134
2020-07-09,2.868010275
2020-07-10,-0.2833187672
2020-07-13,-4.075008668
2020-07-14,3.231021015
2020-07-15,-1.443369158
2020-07-16,-0.9039681835
2020-07-17,0.658268187
2020-07-20,3.031382326
2020-07-21,-1.734203956
2020-07-22,1.068071218
2020-07-23,-2.960542218
2020-07-24,0.6396652219
2020-07-27,2.226578356
2020-07-28,-1.976640583
2020-07-29,2.447265721
2020-07-30,1.418624388
2020-07-31,0.006656333501
2020-08-03,3.726347818
2020-08-04,1.975451237
2020-08-05,0.5249721333
2020-08-06,0.4319132954
2020-08-07,-1.199348238
2020-08-10,-0.3082080675
2020-08-11,-2.821319448
2020-08-12,5.439949396
2020-08-13,0.0247024676
2020-08-14,1.056651702
2020-08-17,6.684704342
2020-08-18,-0.617667752
2020-08-19,-0.9968801192
2020-08-20,0.01995543287
2020-08-21,4.468293818
2020-08-24,0.290450158
2020-08-25,0.2332740891
2020-08-26,0.1804854108
2020-08-27,-1.133113137
2020-08-28,4.113650895
2020-08-31,1.724918821
2020-09-01,3.462275684
2020-09-02,3.802278595
2020-09-03,-9.278010048
2020-09-04,-3.01910759
2020-09-08,-5.620822119
2020-09-09,6.731542204
2020-09-10,-3.171331166
2020-09-11,-1.195447474
2020-09-14,5.817518853
2020-09-15,0.922546793
2020-09-16,-3.668094484
2020-09-17,-0.4067954987
2020-09-18,-2.200815297
2020-09-21,2.691146673
2020-09-22,0.9623980221
2020-09-23,-4.06735586
2020-09-24,1.850081071
2020-09-25,4.257490407
2020-09-28,1.252887514
2020-09-29,1.463207146
2020-09-30,2.30416854
2020-10-01,0.620622858
2020-10-02,-4.056185349
2020-10-05,4.442214933
2020-10-06,0.6886818246
2020-10-07,1.656355724
2020-10-08,-0.8966214265
2020-10-09,-0.5492504261
2020-10-12,3.365708593
2020-10-13,0.1566054181
2020-10-14,-1.074005943
2020-10-15,-0.8882722318
2020-10-16,-1.135084428
2020-10-19,-2.271416789
2020-10-20,1.094887785
2020-10-21,-0.8850407429
2020-10-22,-1.210467864
2020-10-23,1.71572141
2020-10-26,-3.303835684
2020-10-27,1.943862718
2020-10-28,-5.745976086
2020-10-29,3.144734426
2020-10-30,-3.762500387
2020-11-02,0.373185346
2020-11-03,3.48720743
2020-11-04,5.950399145
2020-11-05,2.652079862
2020-11-06,2.838429502
2020-11-09,-6.395203943
2020-11-10,-6.314434896
2020-11-11,5.074362942
2020-11-12,0.2884962135
2020-11-13,-1.186623517
2020-11-16,1.641345221
2020-11-17,-0.688451469
2020-11-18,0.04881859012
2020-11-19,0.08557851829
2020-11-20,-2.622913932
2020-11-23,0.3989894322
2020-11-24,-1.387077471
2020-11-25,2.137889185
2020-11-27,0.2003260058
2020-11-30,1.057400664
2020-12-01,-0.08575297127
2020-12-02,1.154141508
2020-12-03,-0.9794654619
2020-12-04,1.210886706
2020-12-07,0.3579544611
2020-12-08,-1.886987923
2020-12-09,-3.14060308
2020-12-10,0.3208173054
2020-12-11,0.3166865889
2020-12-14,2.270159855
2020-12-15,0.3888754388
2020-12-16,-0.8832617379
2020-12-17,0.7459055034
2020-12-18,-0.5192492019
2020-12-21,0.4544385522
2020-12-22,-0.4055584926
2020-12-23,-2.025433561
2020-12-24,-0.1191932013
2020-12-28,-0.7214369847
2020-12-29,0.334850176
2020-12-30,1.56519845
2020-12-31,-0.6908806814
2021-01-04,0.4481088419
2021-01-05,2.221334951
2021-01-06,-5.895741005
2021-01-07,5.782999816
2021-01-08,-0.5032974662
2021-01-11,2.596713156
2021-01-12,-1.00456081
2021-01-13,0.3487052358
2021-01-14,-2.449568796
2021-01-15,-2.581255387
2021-01-19,1.28880711
2021-01-20,2.61438919
2021-01-21,3.753870261
2021-01-22,-1.118162148
2021-01-25,-0.4317624425
2021-01-26,-1.596631219
2021-01-27,-3.85212054
2021-01-28,1.032012659
2021-01-29,-0.4698457764
2021-02-01,1.903757906
2021-02-02,2.41510984
2021-02-03,-0.1931089803
2021-02-04,0.9882496521
2021-02-05,-0.5357129699
2021-02-08,6.237220329
2021-02-09,-1.215489648
2021-02-10,3.512735077
2021-02-11,3.29464237
2021-02-12,-1.898153344
2021-02-16,2.466551808
2021-02-17,-2.767104753
2021-02-18,-0.5167522291
2021-02-19,0.6572738075
2021-02-22,-3.823452035
2021-02-23,-1.489040856
2021-02-24,2.523993962
2021-02-25,-8.21753231
2021-02-26,3.058321479
2021-03-01,0.9280061084
2021-03-02,-3.146140976
2021-03-03,-4.486837658
2021-03-04,-3.393069175
2021-03-05,0.7374487205
2021-03-08,-6.967405181
2021-03-09,8.144937858
2021-03-10,-0.4152043496
2021-03-11,4.212903226
2021-03-12,-1.05862688
2021-03-15,2.608403204
2021-03-16,0.7576739258
2021-03-17,0.3759881984
2021-03-18,-4.637403717
2021-03-19,0.9681574975
2021-03-22,2.651189004
2021-03-23,-0.8761561983
2021-03-24,-3.272509077
2021-03-25,-0.8525664477
2021-03-26,2.425681421
2021-03-29,0.8489310048
2021-03-30,-0.590957802
2021-03-31,3.701967769
2021-04-01,3.472640714
2021-04-05,1.271821901
2021-04-06,-0.9007325191
2021-04-07,2.034731894
2021-04-08,1.22635272
2021-04-09,0.5801132134
2021-04-12,5.618244281
2021-04-13,3.093390102
2021-04-14,-2.567062339
2021-04-15,5.630734398
2021-04-16,-1.392618809
2021-04-19,-3.460891984
2021-04-20,-1.240369951
2021-04-21,1.247332352
2021-04-22,-3.321463172
2021-04-23,2.794366579
2021-04-26,1.393783305
2021-04-27,-0.6216990509
2021-04-28,-0.683113691
2021-04-29,0.3146165035
2021-04-30,-2.057621269
2021-05-03,-1.150911417
2021-05-04,-3.272000271
2021-05-05,0.7475810463
2021-05-06,0.4457765971
2021-05-07,1.99189947
2021-05-10,-3.689448246
2021-05-11,0.2833440233
2021-05-12,-3.828393509
2021-05-13,-0.6774731057
2021-05-14,4.227217542
2021-05-17,-0.5435933639
2021-05-18,-1.057637706
2021-05-19,0.3572709664
2021-05-20,3.886680773
2021-05-21,2.595561672
2021-05-24,4.137574867
2021-05-25,0.2286398825
2021-05-26,0.3341451347
2021-05-27,-1.35070225
2021-05-28,4.884699283
2021-06-01,0.1231771027
2021-06-02,3.158480418
2021-06-03,1.141648288
2021-06-04,3.585374091
2021-06-07,0.2322388743
2021-06-08,-0.9193841097
2021-06-09,-0.4746133687
2021-06-10,0.3842792738
2021-06-11,2.297425845
2021-06-14,1.085437331
2021-06-15,-1.277834149
2021-06-16,0.1219828998
2021-06-17,4.756049411
2021-06-18,-0.09961124692
2021-06-21,-1.134544592
2021-06-22,2.493567098
2021-06-23,0.9026307671
2021-06-24,0.7780583333
2021-06-25,-0.9085725943
2021-06-28,5.013143865
2021-06-29,0.2086066583
2021-06-30,-0.1208904762
2021-07-01,1.047144084
2021-07-02,1.360848517
2021-07-06,1.032186568
2021-07-07,-1.578811984
2021-07-08,-2.301911356
2021-07-09,0.7409650717
2021-07-12,2.305248813
2021-07-13,-1.279696752
2021-07-14,-2.017105211
2021-07-15,-4.411422206
2021-07-16,-4.245300508
2021-07-19,3.406865728
2021-07-20,-0.8933299811
2021-07-21,4.287773046
2021-07-22,0.9476489921
2021-07-23,-0.1835464455
2021-07-26,-1.349852071
2021-07-27,-0.4456940539
2021-07-28,1.535532729
2021-07-29,0.815390955
2021-07-30,-0.8287222248
2021-08-02,1.286958851
2021-08-03,0.3290962823
2021-08-04,2.316396784
2021-08-05,1.790748953
2021-08-06,-1.313349138
2021-08-09,-0.3487379828
2021-08-10,-1.76860175
2021-08-11,-1.188706532
2021-08-12,1.045427656
2021-08-13,1.421707664
2021-08-16,-1.178847427
2021-08-17,-2.465884486
2021-08-18,-2.148244903
2021-08-19,3.980858114
2021-08-20,5.14215256
2021-08-23,5.486195231
2021-08-24,-0.751673308
2021-08-25,1.92729653
2021-08-26,-0.6525956846
2021-08-27,2.573813924
2021-08-30,0.2294433004
2021-08-31,-1.318160685
2021-09-01,0.2503724178
2021-09-02,-0.2005138167
2021-09-03,1.995712582
2021-09-07,-0.7923386742
2021-09-08,-1.425367644
2021-09-09,-0.7252371746
2021-09-10,1.357355399
2021-09-13,-1.449994191
2021-09-14,0.4062589266
2021-09-15,0.444805708
2021-09-16,-0.4428359484
2021-09-17,-1.537627853
2021-09-20,-3.593835993
2021-09-21,0.6298643223
2021-09-22,3.271434515
2021-09-23,2.465575331
2021-09-24,-1.783464532
2021-09-27,-1.906823992
2021-09-28,-4.43681892
2021-09-29,-0.8792616531
2021-09-30,0.9702844275
2021-10-01,0.1250896961
2021-10-04,-4.869013607
2021-10-05,3.6435825
2021-10-06,1.217505758
2021-10-07,1.8118122
2021-10-08,-1.158102428
2021-10-11,-0.6528573357
2021-10-12,-0.1155104299
2021-10-13,1.296379079
2021-10-14,3.853754941
2021-10-15,0.5334725135
2021-10-18,1.646597231
2021-10-19,0.3064476033
2021-10-20,-0.8390297536
2021-10-21,2.664715692
2021-10-22,0.1496071705
2021-10-25,1.936242337
2021-10-26,6.695166577
2021-10-27,-1.076046585
2021-10-28,2.003795628
2021-10-29,2.510108088
2021-11-01,1.016700125
2021-11-02,2.222550625
2021-11-03,0.7464276475
2021-11-04,12.04203705
2021-11-05,-0.1644742385
2021-11-08,3.535945175
2021-11-09,-0.4770304771
2021-11-10,-3.907923965
2021-11-11,3.160267032
2021-11-12,0
2021-11-15,-1.201056295
2021-11-16,0.5927749696
2021-11-17,-3.118671123
2021-11-18,8.249836095
2021-11-19,4.135577957
2021-11-22,-3.11933813
2021-11-23,-0.6572185605
2021-11-24,2.923105155
2021-11-26,-3.583999115
2021-11-29,5.945518543
2021-11-30,-2.097226569
2021-12-01,-3.786036818
2021-12-02,2.198012843
2021-12-03,-4.46059583
2021-12-06,-2.137287686
2021-12-07,7.956828904
2021-12-08,-1.85327994
2021-12-09,-4.197814473
2021-12-10,-0.9575098814
2021-12-13,-6.745750649
2021-12-14,0.625158251
2021-12-15,7.48825143
2021-12-16,-6.802377914
2021-12-17,-2.064317555
2021-12-20,-0.2951323038
2021-12-21,4.891887192
2021-12-22,1.118096093
2021-12-23,0.8160630169
2021-12-27,4.403054863
2021-12-28,-2.013429353
2021-12-29,-1.058534017
2021-12-30,-1.383184203
2021-12-31,-0.5916517028
2022-01-03,2.414155763
2022-01-04,-2.75901389
2022-01-05,-5.756194904
2022-01-06,2.079581464
2022-01-07,-3.304238735
2022-01-10,0.5617232076
2022-01-11,1.521815623
2022-01-12,0.6541894117
2022-01-13,-5.085797501
2022-01-14,1.380863663
2022-01-18,-3.856175285
2022-01-19,-3.227669952
2022-01-20,-3.658238549
2022-01-21,-3.213290639
2022-01-24,-0.008163510825
2022-01-25,-4.48428181
2022-01-26,2.006855971
2022-01-27,-3.636179211
2022-01-28,4.083220444
2022-01-31,7.206739775
2022-02-01,0.6209600682
2022-02-02,2.451392003
2022-02-03,-5.126440257
2022-02-04,1.549113265
2022-02-07,1.681994442
2022-02-08,1.536799526
2022-02-09,6.360145594
2022-02-10,-3.298848111
2022-02-11,-7.260664466
2022-02-14,1.327635877
2022-02-15,9.181203054
2022-02-16,0.06064741111
2022-02-17,-7.559284794
2022-02-18,-3.529556398
2022-02-22,-1.065791039
2022-02-23,-4.288051249
2022-02-24,6.079420051
2022-02-25,1.722008898
2022-02-28,0.9437099859
2022-03-01,-3.723487501
2022-03-02,3.182201233
2022-03-03,-2.089068356
2022-03-04,-3.280701532
2022-03-07,-6.906107582
2022-03-08,0.7585376635
2022-03-09,6.97240256
2022-03-10,-1.547133919
2022-03-11,-2.46264159
2022-03-14,-3.483950112
2022-03-15,7.70288146
2022-03-16,6.629223305
2022-03-17,1.102243428
2022-03-18,6.811786933
2022-03-21,1.062452789
2022-03-22,-0.7857395041
2022-03-23,-3.355239747
2022-03-24,9.815073779
2022-03-25,-1.627263259
2022-03-28,1.903287331
2022-03-29,1.548561567
2022-03-30,-3.371211723
2022-03-31,-1.458845543
2022-04-01,-2.103826042
2022-04-04,2.426078654
2022-04-05,-5.223135643
2022-04-06,-5.876909018
2022-04-07,-0.8153996158
2022-04-08,-4.498338788
2022-04-11,-5.199266865
2022-04-12,-1.884337504
2022-04-13,3.250373552
2022-04-14,-4.25604081
2022-04-18,2.46941571
2022-04-19,1.905152624
2022-04-20,-3.225208191
2022-04-21,-6.046994265
2022-04-22,-3.30988438
2022-04-25,1.983010121
2022-04-26,-5.597235186
2022-04-27,-1.985452485
2022-04-28,7.423280769
2022-04-29,-6.242830313
2022-05-02,5.315871821
2022-05-03,0.3536729553
2022-05-04,3.734286797
2022-05-05,-7.327611749
2022-05-06,-0.8973245448
2022-05-09,-9.236766406
2022-05-10,3.805551935
2022-05-11,-5.484791417
2022-05-12,-2.735797221
2022-05-13,9.465012912
2022-05-16,-2.496384722
2022-05-17,5.288688035
2022-05-18,-6.816147957
2022-05-19,1.097891361
2022-05-20,-2.510862618
2022-05-23,1.221602699
2022-05-24,-4.402571782
2022-05-25,5.082080321
2022-05-26,5.160450741
2022-05-27,5.378025526
2022-05-31,-0.7387637451
2022-06-01,-1.885392243
2022-06-02,6.943272129
2022-06-03,-4.450640125
2022-06-06,0.3524035315
2022-06-07,0.7450919606
2022-06-08,-1.447860572
2022-06-09,-3.217661879
2022-06-10,-5.950639396
2022-06-13,-7.818146332
2022-06-14,1.208120004
2022-06-15,4.363371264
2022-06-16,-5.602935102
2022-06-17,1.788242259
2022-06-21,4.320312549
2022-06-22,-1.243508245
2022-06-23,-0.8253305925
2022-06-24,5.553149363
2022-06-27,-1.500630147
2022-06-28,-5.258428304
2022-06-29,-2.753157997
2022-06-30,-2.464215585
2022-07-01,-4.195336455
2022-07-05,3.036649938
2022-07-06,1.108956856
2022-07-07,4.81182653
2022-07-08,-0.125978071
2022-07-11,-4.331125408
2022-07-12,-0.4624599157
2022-07-13,0.5438183101
2022-07-14,1.371722134
2022-07-15,2.537175996
2022-07-18,2.150845817
2022-07-19,5.533559872
2022-07-20,4.796762377
2022-07-21,1.364310319
2022-07-22,-4.050078143
2022-07-25,-1.703020572
2022-07-26,-2.884201464
2022-07-27,7.602861168
2022-07-28,1.090802386
2022-07-29,0.995299818
2022-08-01,1.530468426
2022-08-02,0.4610929045
2022-08-03,1.980589679
2022-08-04,1.704605836
2022-08-05,-1.176046478
2022-08-08,-6.298604833
2022-08-09,-3.973166177
2022-08-10,5.916673032
2022-08-11,-0.856507292
2022-08-12,4.274771574
2022-08-15,1.726737603
2022-08-16,-0.8038780258
2022-08-17,-2.88157314
2022-08-18,2.388878547
2022-08-19,-4.921898813
2022-08-22,-4.565881314
2022-08-23,0.8628056507
2022-08-24,0.2383971299
2022-08-25,4.012217941
2022-08-26,-9.227501485
2022-08-29,-2.823379783
2022-08-30,-2.107423314
2022-08-31,-2.417590976
2022-09-01,-7.665243359
2022-09-02,-2.080977317
2022-09-06,-1.333676622
2022-09-07,1.879561908
2022-09-08,2.012469996
2022-09-09,2.83791733
2022-09-12,0.8203468337
2022-09-13,-9.472773819
2022-09-14,-0.0229289432
2022-09-15,-1.515950737
2022-09-16,2.081101641
2022-09-19,1.393842153
2022-09-20,-1.539673016
2022-09-21,0.6451514621
2022-09-22,-5.278732196
2022-09-23,-0.3579446943
2022-09-26,-2.301320653
2022-09-27,1.513447854
2022-09-28,2.601770627
2022-09-29,-4.051125663
2022-09-30,-0.6627683514
2022-10-03,3.07221694
2022-10-04,5.235379519
2022-10-05,0.3186024177
2022-10-06,-0.5979516168
2022-10-07,-8.027272241
2022-10-10,-3.362503844
2022-10-11,-0.7198080512
2022-10-12,-0.7423512699
2022-10-13,4.000453804
2022-10-14,-6.129007896
2022-10-17,5.888242288
2022-10-18,0.6643929289
2022-10-19,0.701939769
2022-10-20,1.186728626
2022-10-21,2.230397603
2022-10-24,1.066716044
2022-10-25,5.254185984
2022-10-26,-2.752508817
2022-10-27,2.171256917
2022-10-28,4.994401578
2022-10-31,-2.436087171
2022-11-01,0.3405558943
2022-11-02,-2.392103391
2022-11-03,1.528288135
2022-11-04,5.47599997
2022-11-07,1.024444886
2022-11-08,2.104605711
2022-11-09,-5.656512894
2022-11-10,14.32911282
2022-11-11,3.663300092
2022-11-14,-0.196085663
2022-11-15,2.276968558
2022-11-16,-4.536257542
2022-11-17,-1.464085435
2022-11-18,-1.709899621
2022-11-21,-0.5965988654
2022-11-22,4.70708487
2022-11-23,2.99865461
2022-11-25,-1.507317873
2022-11-28,-2.72274174
2022-11-29,-1.187683099
2022-11-30,8.237876133
2022-12-01,1.25277175
2022-12-02,-1.511309939
2022-12-05,-1.576118622
2022-12-06,-3.751200565
2022-12-07,0.8321984222
2022-12-08,6.50740992
2022-12-09,-0.9788566954
2022-12-12,3.141469403
2022-12-13,3.062380555
2022-12-14,-2.202445064
2022-12-15,-4.085131506
2022-12-16,-2.247343967
2022-12-19,-1.913319367
2022-12-20,-1.039519006
2022-12-21,2.586174632
2022-12-22,-7.041833881
2022-12-23,-0.8673526122
2022-12-27,-7.135457563
2022-12-28,-0.6018232331
2022-12-29,4.039544792
2022-12-30,0.0755790385
2023-01-03,-2.045958545
2023-01-04,3.032108388
2023-01-05,-3.281654977
2023-01-06,4.163882539
2023-01-09,5.175056552
2023-01-10,1.798290949
2023-01-11,0.5783299697
2023-01-12,3.187293466
2023-01-13,2.349902771
2023-01-17,4.751613459
2023-01-18,-1.83585558
2023-01-19,-3.522122974
2023-01-20,6.406688571
2023-01-23,7.589597066
2023-01-24,0.3753463328
2023-01-25,0.3010291238
2023-01-26,2.478892547
2023-01-27,2.843027969
2023-01-30,-5.907247833
2023-01-31,1.957262764
2023-02-01,7.196524222
2023-02-02,3.657800433
2023-02-03,-2.805418571
2023-02-06,-0.05230697537
2023-02-07,5.140184693
2023-02-08,0.1443497699
2023-02-09,0.5946410013
2023-02-10,-4.799529255
2023-02-13,2.459646788
2023-02-14,5.429787156
2023-02-15,-0.9015265675
2023-02-16,-3.347129112
2023-02-17,-2.790863115
2023-02-21,-3.426890654
2023-02-22,0.4789616345
2023-02-23,14.02140702
2023-02-24,-1.597194839
2023-02-27,0.923372572
2023-02-28,-1.212925922
2023-03-01,-2.230904203
2023-03-02,2.713682014
2023-03-03,2.470703167
2023-03-06,-1.40652824
2023-03-07,-1.112649358
2023-03-08,3.834705332
2023-03-09,-3.080752557
2023-03-10,-2.009682432
2023-03-13,0.004368261956
2023-03-14,4.776485799
2023-03-15,0.6857909943
2023-03-16,5.419147544
2023-03-17,0.7203399816
2023-03-20,0.6804816796
2023-03-21,1.15422901
2023-03-22,1.026952723
2023-03-23,2.731548686
2023-03-24,-1.515218594
2023-03-27,-0.9260403906
2023-03-28,-0.4560046281
2023-03-29,2.17309555
2023-03-30,1.478887377
2023-03-31,1.438651251
2023-04-03,0.6768006183
2023-04-04,-1.83057414
2023-04-05,-2.083592168
2023-04-06,0.5803104941
2023-04-10,2.004712168
2023-04-11,-1.486625103
2023-04-12,-2.480882912
2023-04-13,-0.1207820924
2023-04-14,1.114889326
2023-04-17,0.9117697781
2023-04-18,2.462792478
2023-04-19,0.954332022
2023-04-20,-2.960919738
2023-04-21,0.05514780723
2023-04-24,-0.2837251972
2023-04-25,-2.962179808
2023-04-26,2.724596682
2023-04-27,1.001834712
2023-04-28,1.920788212
2023-05-01,4.184200252
2023-05-02,-2.421352876
2023-05-03,-1.446260419
2023-05-04,-0.8634593943
2023-05-05,4.056444451
2023-05-08,1.64222279
2023-05-09,-1.989758696
2023-05-10,1.098993701
2023-05-11,-1.062736164
2023-05-12,-0.8326429745
2023-05-15,2.162801235
2023-05-16,0.898085332
2023-05-17,3.303159962
2023-05-18,4.970664007
2023-05-19,-1.306930818
2023-05-22,-0.2814045198
2023-05-23,-1.565446273
2023-05-24,-0.4887074261
2023-05-25,24.36977274
2023-05-26,2.543324203
2023-05-30,2.991283473
2023-05-31,-5.676756511
2023-06-01,5.117157153
2023-06-02,-1.113908214
2023-06-05,-0.3966573646
2023-06-06,-1.319944375
2023-06-07,-3.04009426
2023-06-08,2.762022789
2023-06-09,0.6751371372
2023-06-12,1.836414722
2023-06-13,3.90054165
2023-06-14,4.814348416
2023-06-15,-0.7999458771
2023-06-16,0.09148098066
2023-06-20,2.614105739
2023-06-21,-1.741768558
2023-06-22,-0.0466055978
2023-06-23,-1.896566597
2023-06-26,-3.735996844
2023-06-27,3.061640133
2023-06-28,-1.81254626
2023-06-29,-0.717471067
2023-06-30,3.625565458
2023-07-03,0.2622555878
2023-07-05,-0.2263310251
2023-07-06,-0.5056
2023-07-07,0.9498692054
2023-07-10,-0.7599196656
2023-07-11,0.5334011876
2023-07-12,3.53043865
2023-07-13,4.726316439
2023-07-14,-1.104801217
2023-07-17,2.18156228
2023-07-18,2.2235032
2023-07-19,-0.8779544106
2023-07-20,-3.307480877
2023-07-21,-2.660382057
2023-07-24,0.6838957382
2023-07-25,2.391653832
2023-07-26,-0.4969345092
2023-07-27,0.9858119873
2023-07-28,1.851851852
2023-07-31,-0.04505760937
2023-08-01,-0.4750354184
2023-08-02,-4.812281757
2023-08-03,0.555813611
2023-08-04,0.3706724833
2023-08-07,1.649406308
2023-08-08,-1.657979593
2023-08-09,-4.724068156
2023-08-10,-0.3901112112
2023-08-11,-3.616567633
2023-08-14,7.093297324
2023-08-15,0.4273357314
2023-08-16,-1.033203593
2023-08-17,-0.3263910834
2023-08-18,-0.1039077651
2023-08-21,8.471384059
2023-08-22,-2.765717068
2023-08-23,3.170555457
2023-08-24,0.09984714233
2023-08-25,-2.427757467
2023-08-28,1.775391698
2023-08-29,4.161339167
2023-08-30,0.9840710439
2023-08-31,0.1846750269
2023-09-01,-1.714088286
2023-09-05,0.08023060094
2023-09-06,-3.054789935
2023-09-07,-1.74250707
2023-09-08,-1.4467511
2023-09-11,-0.8645070131
2023-09-12,-0.6817853852
2023-09-13,1.370695899
2023-09-14,0.2110272196
2023-09-15,-3.687950129
2023-09-18,0.1503336814
2023-09-19,-1.014483827
2023-09-20,-2.943508241
2023-09-21,-2.892917185
2023-09-22,1.445657038
2023-09-25,1.470854093
2023-09-26,-0.7366443132
2023-09-27,1.32890763
2023-09-28,1.46239505
2023-09-29,0.9515673627
2023-10-02,2.94953827
2023-10-03,-2.824942272
2023-10-04,1.204266677
2023-10-05,1.468917032
2023-10-06,2.403327131
2023-10-09,-1.068476758
2023-10-10,1.159550004
2023-10-11,2.200974123
2023-10-12,0.2970004243
2023-10-13,-3.161187219
2023-10-16,1.394576134
2023-10-17,-4.679302924
2023-10-18,-3.964645081
2023-10-19,-0.2253365787
2023-10-20,-1.695747053
2023-10-23,3.83677703
2023-10-24,1.601045581
2023-10-25,-4.314887557
2023-10-26,-3.477887196
2023-10-27,0.431528706
2023-10-30,1.632020288
2023-10-31,-0.9254746774
2023-11-01,3.788620366
2023-11-02,2.790350482
2023-11-03,3.445413991
2023-11-06,1.657640792
2023-11-07,0.4459079071
2023-11-08,1.346844704
2023-11-09,0.807359918
2023-11-10,2.949998077
2023-11-13,0.5895279419
2023-11-14,2.130780275
2023-11-15,-1.546615604
2023-11-16,1.211060596
2023-11-17,-0.3679101286
2023-11-20,2.2536581
2023-11-21,-0.9224236901
2023-11-22,-2.4588666
2023-11-24,-1.92955041
2023-11-27,0.9753598818
2023-11-28,-0.8725880125
2023-11-29,0.6671756302
2023-11-30,-2.846028998
2023-12-01,-0.01072254974
2023-12-04,-2.683498586
2023-12-05,2.329281865
2023-12-06,-2.282722468
2023-12-07,2.40194836
2023-12-08,1.953023269
2023-12-11,-1.850377992
2023-12-12,2.209187778
2023-12-13,0.9042641621
2023-12-14,0.5449540136
2023-12-15,1.116773801
2023-12-18,2.427962182
2023-12-19,-0.9446790955
2023-12-20,-3.009668302
2023-12-21,1.826899024
2023-12-22,-0.3265204183
2023-12-26,0.9195114287
2023-12-27,0.2800356557
2023-12-28,0.2124844239
2023-12-29,0
2024-01-02,-2.734163783
2024-01-03,-1.243628823
2024-01-04,0.9019322602
2024-01-05,2.289628139
2024-01-08,6.428135169
2024-01-09,1.697439638
2024-01-10,2.276999381
2024-01-11,0.8685639632
2024-01-12,-0.2043407313
2024-01-16,3.056172196
2024-01-17,-0.583609485
2024-01-18,1.880445868
2024-01-19,4.174598714
2024-01-22,0.2739421198
2024-01-23,0.3671723693
2024-01-24,2.486934673
2024-01-25,0.415463343
2024-01-26,-0.9510261414
2024-01-29,2.349699119
2024-01-30,0.494665607
2024-01-31,-1.986496806
2024-02-01,2.4378476
2024-02-02,4.970976119
2024-02-05,4.79438765
2024-02-06,-1.599557945
2024-02-07,2.749839032
2024-02-08,-0.6533955969
2024-02-09,3.578356473
2024-02-12,0.1594727805
2024-02-13,-0.1661595354
2024-02-14,2.456774588
2024-02-15,-1.680635775
2024-02-16,-0.06197548587
2024-02-20,-4.353128526
2024-02-21,-2.85092121
2024-02-22,16.40085022
2024-02-23,0.3552502203
2024-02-26,0.3489029027
2024-02-27,-0.4943991763
2024-02-28,-1.318916577
2024-02-29,1.865867753
2024-03-01,4.003123598
2024-03-04,3.595144878
2024-03-05,0.8576232458
2024-03-06,3.182702672
2024-03-07,4.474616667
2024-03-08,-5.547721727
2024-03-11,-2.003916172
2024-03-12,7.157246396
2024-03-13,-1.115200264
2024-03-14,-3.239118345
2024-03-15,-0.1216730905
2024-03-18,0.7035266528
2024-03-19,1.066057469
2024-03-20,1.089475656
2024-03-21,1.17627476
2024-03-22,3.121360022
2024-03-25,0.7562148416
2024-03-26,-2.569461818
2024-03-27,-2.496700896
2024-03-28,0.1174530577
2024-04-01,0.007769223
2024-04-02,-1.008144843
2024-04-03,-0.5456418719
2024-04-04,-3.438468736
2024-04-05,2.448147167
2024-04-08,-0.9942136198
2024-04-09,-2.041772314
2024-04-10,1.974120945
2024-04-11,4.109734248
2024-04-12,-2.68165439
2024-04-15,-2.477730786
2024-04-16,1.644190236
2024-04-17,-3.866623072
2024-04-18,0.756837132
2024-04-19,-10.0047021
2024-04-22,4.35437787
2024-04-23,3.653210479
2024-04-24,-3.331483928
2024-04-25,3.7087243
2024-04-26,6.175460059
2024-04-29,0.02514702436
2024-04-30,-1.54409622
2024-05-01,-3.889907064
2024-05-02,3.342918112
2024-05-03,3.463125051
2024-05-06,3.774149644
2024-05-07,-1.721304338
2024-05-08,-0.1568167094
2024-05-09,-1.841497245
2024-05-10,1.274426604
2024-05-13,0.5796535468
2024-05-14,1.058552062
2024-05-15,3.583793836
2024-05-16,-0.2863474172
2024-05-17,-1.99233293
2024-05-20,2.488068786
2024-05-21,0.639399855
2024-05-22,-0.4571318028
2024-05-23,9.319708492
2024-05-24,2.572270224
2024-05-28,6.980369477
2024-05-29,0.8112550858
2024-05-30,-3.766599562
2024-05-31,-0.7845838574
2024-06-03,4.895386352
2024-06-04,1.249553077
2024-06-05,5.155638086
2024-06-06,-1.177719406
2024-06-07,-0.09092114642
2024-06-10,0.7461157433
2024-06-11,-0.7144051112
2024-06-12,3.548132673
2024-06-13,3.522345646
2024-06-14,1.751383537
2024-06-17,-0.6824275106
2024-06-18,3.511988749
2024-06-20,-3.54031194
2024-06-21,-3.21916532
2024-06-24,-6.684017256
2024-06-25,6.756356344
2024-06-26,0.2459007267
2024-06-27,-1.906688563
2024-06-28,-0.3628861377
2024-07-01,0.6151840641
2024-07-02,-1.311343952
2024-07-03,4.573236776
2024-07-05,-1.909935291
2024-07-08,1.883529576
2024-07-09,2.480484333
2024-07-10,2.686899125
2024-07-11,-5.566700734
2024-07-12,1.444255015
2024-07-15,-0.6190105607
2024-07-16,-1.619389579
2024-07-17,-6.623940272
2024-07-18,2.627307201
2024-07-19,-2.609651229
2024-07-22,4.757138982
2024-07-23,-0.7690003726
2024-07-24,-6.803188509
2024-07-25,-1.724324063
2024-07-26,0.6947402829
2024-07-29,-1.300158407
2024-07-30,-7.043643216
2024-07-31,12.81210244
2024-08-01,-6.67412759
2024-08-02,-1.776355176
2024-08-05,-6.357818456
2024-08-06,3.782970593
2024-08-07,-5.122251282
2024-08-08,6.126713228
2024-08-09,-0.2095909347
2024-08-12,4.076461291
2024-08-13,6.530873168
2024-08-14,1.670360639
2024-08-15,4.048103715
2024-08-16,1.400008325
2024-08-19,4.350590811
2024-08-20,-2.115380165
2024-08-21,0.9823591434
2024-08-22,-3.704313544
2024-08-23,4.549900606
2024-08-26,-2.249389208
2024-08-27,1.454990374
2024-08-28,-2.096670697
2024-08-29,-6.38480127
2024-08-30,1.513747033
2024-09-03,-9.525001596
2024-09-04,-1.657446765
2024-09-05,0.9414945896
2024-09-06,-4.085436973
2024-09-09,3.539874788
2024-09-10,1.530948614
2024-09-11,8.149886597
2024-09-12,1.916162323
2024-09-13,-0.03357986622
2024-09-16,-1.947949719
2024-09-17,-1.018996716
2024-09-18,-1.920616374
2024-09-19,3.969341963
2024-09-20,-1.586496828
2024-09-23,0.2241342351
2024-09-24,3.965195013
2024-09-25,2.184219368
2024-09-26,0.4291298471
2024-09-27,-2.128397413
2024-09-30,0.03295475288
2024-10-01,-3.65611196
2024-10-02,1.581154354
2024-10-03,3.365591879
2024-10-04,1.685014512
2024-10-07,2.241428992
2024-10-08,4.04794541
2024-10-09,-0.180632349
2024-10-10,1.628330625
2024-10-11,-0.007363375907
2024-10-14,2.425778772
2024-10-15,-4.686039629
2024-10-16,3.130719143
2024-10-17,0.8915695407
2024-10-18,0.7813941636
2024-10-21,4.137666959
2024-10-22,-0.08351625043
2024-10-23,-2.806592196
2024-10-24,0.6090389513
2024-10-25,0.804803398
2024-10-28,-0.720594611
2024-10-29,0.5194656924
2024-10-30,-1.352220455
2024-10-31,-4.722268796
2024-11-01,1.988600103
2024-11-04,0.4800140998
2024-11-05,2.837214478
2024-11-06,4.074014087
2024-11-07,2.245760407
2024-11-08,-0.8396326548
2024-11-11,-1.605325911
2024-11-12,2.0859204
2024-11-13,-1.362199209
2024-11-14,0.335004586
2024-11-15,-3.257079963
2024-11-18,-1.288912429
2024-11-19,4.894798708
2024-11-20,-0.7618509773
2024-11-21,0.5346406451
2024-11-22,-3.218129924
2024-11-25,-4.177506408
2024-11-26,0.6616736451
2024-11-27,-1.153979097
2024-11-29,2.150131355
2024-12-02,0.2748767044
2024-12-03,1.175836654
2024-12-04,3.479222531
2024-12-05,-0.0482205378
2024-12-06,-1.806170507
2024-12-09,-2.548416751
2024-12-10,-2.694367059
2024-12-11,3.139154588
2024-12-12,-1.414138361
2024-12-13,-2.249859288
2024-12-16,-1.676026886
2024-12-17,-1.2196956
2024-12-18,-1.13502499
2024-12-19,1.373062496
2024-12-20,3.076201882
2024-12-23,3.689649628
2024-12-24,0.3938098773
2024-12-26,-0.2068579895
2024-12-27,-2.086696459
2024-12-30,0.3503038357
2024-12-31,-2.327401071
2025-01-02,2.993506789
2025-01-03,4.453734485
2025-01-06,3.433261644
2025-01-07,-6.216972042
2025-01-08,-0.02139158331
2025-01-10,-2.997680771
2025-01-13,-1.971884599
2025-01-14,-1.103304722
2025-01-15,3.400105771
2025-01-16,-1.959821849
2025-01-17,3.099495052
2025-01-21,2.265656796
2025-01-22,4.430852866
2025-01-23,0.1019862087
2025-01-24,-3.124572227
2025-01-27,-16.9681704
2025-01-28,8.925910498
2025-01-29,-4.101086871
2025-01-30,0.7679682276
2025-01-31,-3.674321335
2025-02-03,-2.840003374
2025-02-04,1.705802375
2025-02-05,5.208609725
2025-02-06,3.084225871
2025-02-07,0.9014800011
2025-02-10,2.872708038
2025-02-11,-0.5764826601
2025-02-12,-1.249946208
2025-02-13,3.164495509
2025-02-14,2.631446332
2025-02-18,0.3960631968
2025-02-19,-0.1219104336
2025-02-20,0.6320436101
2025-02-21,-4.053964122
2025-02-24,-3.087123684
2025-02-25,-2.801671229
2025-02-26,3.672135665
2025-02-27,-8.478077742
2025-02-28,3.970069269
2025-03-03,-8.69357587
2025-03-04,1.692120257
2025-03-05,1.129420958
2025-03-06,-5.737463908
2025-03-07,1.917362536
2025-03-10,-5.06698625
2025-03-11,1.663806652
2025-03-12,6.427573186
2025-03-13,-0.1382431
2025-03-14,5.269097192
2025-03-17,-1.758842621
2025-03-18,-3.430113236
2025-03-19,1.810671567
2025-03-20,0.8593773992
2025-03-21,-0.7002346238
2025-03-24,3.152109938
2025-03-25,-0.5930410571
2025-03-26,-5.742010725
2025-03-27,-2.048137984
2025-03-28,-1.579491443
2025-03-31,-1.176206029
2025-04-01,1.633098197
2025-04-02,0.2451013853
2025-04-03,-7.80654463
2025-04-04,-7.357605922
2025-04-07,3.53099252
2025-04-08,-1.37246084
2025-04-09,18.72280931
2025-04-10,-5.912713166
2025-04-11,3.123503021
2025-04-14,-0.1982812612
2025-04-15,1.345811657
2025-04-16,-6.871656583
2025-04-17,-2.871038338
2025-04-21,-4.512780697
2025-04-22,2.043113312
2025-04-23,3.862888935
2025-04-24,3.621905368
2025-04-25,4.303222519
2025-04-28,-2.053811635
2025-04-29,0.2666506848
2025-04-30,-0.09168178604
2025-05-01,2.469672146
2025-05-02,2.589437452
2025-05-05,-0.5938955626
2025-05-06,-0.2460062519
2025-05-07,3.100188602
2025-05-08,0.2648042444
2025-05-09,-0.6134544868
2025-05-12,5.443701039
2025-05-13,5.634090957
2025-05-14,4.163789292
2025-05-15,-0.3768162104
2025-05-16,0.4227798481
2025-05-19,0.1255743769
2025-05-20,-0.8778442494
2025-05-21,-1.919922054
2025-05-22,0.7814805687
2025-05-23,-1.159357504
2025-05-27,3.206635324
2025-05-28,-0.5091777024
2025-05-29,3.248955722
2025-05-30,-2.916814919
2025-06-02,1.665033263
2025-06-03,2.795137571
2025-06-04,0.495723911
2025-06-05,-1.359959877
2025-06-06,1.235840152
2025-06-09,0.6421035133
2025-06-10,0.9324445144
2025-06-11,-0.7780063483
2025-06-12,1.519294557
2025-06-13,-2.089663473
2025-06-16,1.915865183
2025-06-17,-0.3939419133
2025-06-18,0.9436770784
2025-06-20,-1.120420385
2025-06-23,0.2224419696
2025-06-24,2.587240895
2025-06-25,4.333996213
2025-06-26,0.4601367483
2025-06-27,1.761048831
2025-06-30,0.1521312676
2025-07-01,-2.968525445
2025-07-02,2.576622527
2025-07-03,1.329102102
2025-07-07,-0.6903420065
2025-07-08,1.112238039
2025-07-09,1.799965666
2025-07-10,0.7490698941
2025-07-11,0.4996377489
2025-07-14,-0.5153890339
2025-07-15,4.040970595
2025-07-16,0.3925244183
2025-07-17,0.9511508574
2025-07-18,-0.341065543
2025-07-21,-0.597424707
2025-07-22,-2.538185677
2025-07-23,2.245089766
2025-07-24,1.733248338
2025-07-25,-0.1381299945
2025-07-28,1.873169875
2025-07-29,-0.7015748853
2025-07-30,2.142327591
2025-07-31,-0.78090313
2025-08-01,-2.333193752
2025-08-04,3.615049482
2025-08-05,-0.966697984
2025-08-06,0.6507561694
2025-08-07,0.7524258148
2025-08-08,1.067611317
2025-08-11,-0.3502822999
2025-08-12,0.6041915132
2025-08-13,-0.8571417625
2025-08-14,0.2367706014
2025-08-15,-0.8625100303
2025-08-18,0.8644586981
2025-08-19,-3.499799245
2025-08-20,-0.1366358028
2025-08-21,-0.2394683916
2025-08-22,1.720233352
2025-08-25,1.022502374
2025-08-26,1.090036745
2025-08-27,-0.09353355544
2025-08-28,-0.787444171
2025-08-29,-3.324612806
2025-09-02,-1.952013739
2025-09-03,-0.09368275357
2025-09-04,0.6095676564
2025-09-05,-2.703046775
2025-09-08,0.7723961266
2025-09-09,1.455643089
2025-09-10,3.847488263
2025-09-11,-0.08462589926
2025-09-12,0.3669096701
2025-09-15,-0.03934721948
2025-09-16,-1.614660522
2025-09-17,-2.624640323
2025-09-18,3.494051789
2025-09-19,0.2439443336
2025-09-22,3.928278213
2025-09-23,-2.821240457
2025-09-24,-0.8182423379
2025-09-25,0.4068604961
2025-09-26,0.2813861483
2025-09-29,2.054014281
2025-09-30,2.6010471
2025-10-01,0.3537234714
2025-10-02,0.8811916967
2025-10-03,-0.6723148401
2025-10-06,-1.108661784
2025-10-07,-0.2694810545
2025-10-08,2.199539864
2025-10-09,1.829607014
2025-10-10,-4.886530977
2025-10-13,2.817227463
2025-10-14,-4.402088892
2025-10-15,-0.1110803637
2025-10-16,1.101057858
2025-10-17,0.7755181929
2025-10-20,-0.3165517849
2025-10-21,-0.8103576496
2025-10-22,-0.4857602904
2025-10-23,1.042818674
2025-10-24,2.250768471
2025-10-27,2.807903353
2025-10-28,4.981984722
2025-10-29,2.989635975
2025-10-30,-2.004452294
2025-10-31,-0.197178826
2025-11-03,2.168004911
2025-11-04,-3.958805246
2025-11-05,-1.751481093
2025-11-06,-3.652447272
2025-11-07,0.03720077493
2025-11-10,5.793224625
2025-11-11,-2.959045032
2025-11-12,0.3313469813
2025-11-13,-3.581004754
2025-11-14,1.771385533
2025-11-17,-1.877284671
2025-11-18,-2.808158836
2025-11-19,2.845188516
2025-11-20,-3.152452086
2025-11-21,-0.9743169432
2025-11-24,2.051638391
2025-11-25,-2.591073599
2025-11-26,1.372192001
2025-11-28,-1.808493837
2025-12-01,1.649705228
2025-12-02,0.8559251212
2025-12-03,-1.030513246
2025-12-04,2.116032078
2025-12-05,-0.5289368408
2025-12-08,1.721358228
2025-12-09,-0.3125594219
2025-12-10,-0.6433356346
2025-12-11,-1.550796014
2025-12-12,-3.266455263
2025-12-15,0.7256112717
2025-12-16,0.8111854554
2025-12-17,-3.815005885
2025-12-18,1.872043598
2025-12-19,3.933610962
2025-12-22,1.491796697
2025-12-23,3.00505508
2025-12-24,-0.317108328
2025-12-26,1.017964104
2025-12-29,-1.212403701
2025-12-30,-0.3612726767
2025-12-31,-0.554563228
2026-01-02,1.260046242
2026-01-05,-0.3865524542
2026-01-06,-0.4677622858
2026-01-07,0.998699699
2026-01-08,-2.152187567
2026-01-09,-0.09728722482
2026-01-12,0.04326882411
2026-01-13,0.4704397962
2026-01-14,-1.436969794
2026-01-15,2.134994669
2026-01-16,-0.4383931906
2026-01-20,-4.381652486
2026-01-21,2.948253997
2026-01-22,0.8291778755
2026-01-23,1.531057408
2026-01-26,-0.6394209534
2026-01-27,1.099364796
2026-01-28,1.591344955
2026-01-29,0.516923122
2026-01-30,-0.7168570753
2026-02-02,-2.888079638
2026-02-03,-2.839288096
2026-02-04,-3.410256838
2026-02-05,-1.326134329
2026-02-06,7.871764831
2026-02-09,2.497173975
2026-02-10,-0.7893086521
2026-02-11,0.8009046262
2026-02-12,-1.636390774
2026-02-13,-2.209287113
2026-02-17,1.181578128
2026-02-18,1.62725116
2026-02-19,-0.04255067289
2026-02-20,1.021864246
2026-02-23,0.911357193
2026-02-24,0.6786923059
2026-02-25,1.405250941
2026-02-26,-5.456129695
2026-02-27,-4.164678865
2026-03-02,2.985524643
2026-03-03,-1.331637866
2026-03-04,1.660638525
2026-03-05,0.1638987869
2026-03-06,-3.010792075
2026-03-09,2.716215843
2026-03-10,1.160661956
2026-03-11,0.6873763824
2026-03-12,-1.553508324
2026-03-13,-1.578023044
2026-03-16,1.647752516
2026-03-17,-0.7040943709
2026-03-18,-0.8409768664
2026-03-19,-1.019953486
2026-03-20,-3.281845697
2026-03-23,1.702377339
2026-03-24,-0.2505144391
2026-03-25,1.986322686
2026-03-26,-4.163850285
2026-03-27,-2.172379785
2026-03-30,-1.402852732
2026-03-31,5.588212628
2026-04-01,0.7740702278
2026-04-02,0.9331665043
2026-04-06,0.1409154987
2026-04-07,0.2589219166
2026-04-08,2.234743137
2026-04-09,1.00503785
2026-04-10,2.566452995
2026-04-13,0.3605211058
2026-04-14,3.803242617
2026-04-15,1.200998869
2026-04-16,-0.2614701902
2026-04-17,1.678847202
2026-04-20,0.1884006618
2026-04-21,-1.078873329
2026-04-22,1.310773718
2026-04-23,-1.412356673
2026-04-24,4.322771779
2026-04-27,4.004427441
2026-04-28,-1.588082326
2026-04-29,-1.838926219
2026-04-30,-4.62603366
2026-05-01,-0.5612337399
2026-05-04,0.01515171411
2026-05-05,-0.9975892225
2026-05-06,5.76587118
2026-05-07,1.765900191
2026-05-08,1.749379317
2026-05-11,1.970292843
2026-05-12,0.6106250308
2026-05-13,2.287352487
2026-05-14,4.388256441
2026-05-15,-4.420150475
2026-05-18,-1.33141405
2026-05-19,-0.7691614107
2026-05-20,1.296415514
2026-05-21,-1.772063559
2026-05-22,-1.904256164
2026-05-26,-0.2182565634
2026-05-27,-1.051826282
2026-05-28,0.7760877108
2026-05-29,-1.451571706
2026-06-01,6.261223734
2026-06-02,-0.6864023537
2026-06-03,-3.621760069
2026-06-04,1.939417587
2026-06-05,-6.201388546
2026-06-08,1.725965828
2026-06-09,-0.2156839412
2026-06-10,-3.7321604
2026-06-11,2.220324082
2026-06-12,0.1562248034
2026-06-15,3.538141702
2026-06-16,-2.372291924
2026-06-17,-1.330690198
2026-06-18,2.951355852
2026-06-22,-0.9682377901
2026-06-23,-4.126538744
2026-06-24,-0.5198772473
2026-06-25,-1.638212756
2026-06-26,-1.639924469
2026-06-29,1.267349159
2026-06-30,2.626056407
2026-07-01,-1.254437965
2026-07-02,-1.391878362
2026-07-06,0.3695554544
2026-07-07,0.7057237085
2026-07-08,3.651061792
2026-07-09,-0.6565243641
2026-07-10,4.03395057
2026-07-13,-3.521996999
2026-07-14,4.063304681
2026-07-15,0.3304921033
2026-07-16,-2.4
2026-07-17,-2.213129235
2026-07-20,0.2317565169
2026-07-21,1.972639629
2026-07-22,2.301139341
2026-07-23,-1.556157735
2026-07-24,-0.9197383357
2026-07-27,-4.994172562
2026-07-28,0.2544189629
2026-07-29,-3.553131311
2026-07-30,2.647241061
2026-07-31,2.927595446
2026-08-03,2.933989476
2026-08-04,2.56485909
2026-08-05,3.434952063
2026-08-06,-0.1049434867
2026-08-07,2.269535514
2026-08-10,-2.862146791
2026-08-11,-0.02296292615
2026-08-12,3.029869247
2026-08-13,0.5399851233
2026-08-14,-0.06216446077
2026-08-17,-0.06660492298
2026-08-18,-2.342113869
2026-08-19,-0.9920982039
2026-08-20,-0.3263438446
2026-08-21,-0.9822370037
2026-08-24,-2.906098471
2026-08-25,2.19206039
2026-08-26,-1.591170419
2026-08-27,8.737943815
2026-08-28,-4.574987748
2026-08-31,1.484721141
