date,log_return
2006-10-03,0.02141553131
2006-10-04,0.01179340449
2006-10-05,0.01220781852
2006-10-06,0.003304892146
2006-10-09,-0.004408954506
2006-10-10,0.02292884311
2006-10-11,0.01817892255
2006-10-12,0.03155883616
2006-10-13,0.02184145254
2006-10-16,-0.0005026529008
2006-10-17,-0.02133879964
2006-10-18,-0.0220624306
2006-10-19,0.004187699624
2006-10-20,-0.008924629733
2006-10-23,0.004474355164
2006-10-24,-0.03445509635
2006-10-25,0.01964399232
2006-10-26,0.01244482181
2006-10-27,-0.02262451988
2006-10-30,-0.01164118466
2006-10-31,-0.009575645899
2006-11-01,-0.01663495348
2006-11-02,0.01635988695
2006-11-03,0.003021578445
2006-11-06,-0.009645976159
2006-11-07,0.008273663117
2006-11-08,-0.003576852562
2006-11-09,-0.04020455823
2006-11-10,0.01056091801
2006-11-13,0.02715984167
2006-11-14,0.03688224508
2006-11-15,0.00398255629
2006-11-16,0.002119803282
2006-11-17,-0.003442749854
2006-11-20,-0.01310020708
2006-11-21,0.01177128641
2006-11-22,-0.007742761603
2006-11-24,0.00694456068
2006-11-27,-0.03107946879
2006-11-28,-0.01632818465
2006-11-29,0.02234634414
2006-11-30,-0.0008191197738
2006-12-01,-0.007948572285
2006-12-04,0.03169734547
2006-12-05,0.03599377372
2006-12-06,0.01154476675
2006-12-07,-0.001531353648
2006-12-08,0.01092656525
2006-12-11,-0.01630687871
2006-12-12,-0.001541982709
2006-12-13,-0.01138386139
2006-12-14,0.02518086477
2006-12-15,0.002029985091
2006-12-18,-0.01069356535
2006-12-19,-0.01443558747
2006-12-20,-0.005208259264
2006-12-21,0.006243379504
2006-12-22,-0.01911609584
2006-12-26,-0.003975014668
2006-12-27,-0.002658815197
2006-12-28,0.002923468261
2006-12-29,0.002914946502
2007-01-03,-0.007968035631
2007-01-04,0.04358229302
2007-01-05,-0.01104157354
2007-01-08,-0.01247150695
2007-01-09,-0.01077862469
2007-01-10,0.0183302791
2007-01-11,0.02410019151
2007-01-12,0.003537489433
2007-01-16,-0.002780118556
2007-01-17,-0.007365568064
2007-01-18,-0.0195679589
2007-01-19,0.01111865984
2007-01-22,-0.01008219426
2007-01-23,-0.009653449826
2007-01-24,0.01276871075
2007-01-25,-0.01224585879
2007-01-26,-0.01691899437
2007-01-29,-0.009641060313
2007-01-30,0
2007-01-31,0.01363299753
2007-02-01,-0.006928672795
2007-02-02,-0.005363262714
2007-02-05,0.01917293194
2007-02-06,-0.006082838036
2007-02-07,-0.002657395384
2007-02-08,0.0184510235
2007-02-09,0.0005206676233
2007-02-12,-0.006810713675
2007-02-13,0.0007899814142
2007-02-14,0.0404018021
2007-02-15,0.04246214845
2007-02-16,0.02624461847
2007-02-20,0.004932939632
2007-02-21,-0.01510957197
2007-02-22,0.01791645103
2007-02-23,0.01299802649
2007-02-26,-0.01627595896
2007-02-27,-0.05790220915
2007-02-28,0.003978223131
2007-03-01,-0.005725161515
2007-03-02,-0.01432613116
2007-03-05,-0.008899968864
2007-03-06,0.009151610025
2007-03-07,0.004041536819
2007-03-08,0.01352378348
2007-03-09,-0.001743891912
2007-03-12,-0.0004993757907
2007-03-13,0.04221836196
2007-03-14,0.03198090955
2007-03-15,0.01035747872
2007-03-16,-0.0004554902926
2007-03-19,-0.01687196014
2007-03-20,0.00232872591
2007-03-21,0.01660213392
2007-03-22,-0.008726969654
2007-03-23,-0.01839369616
2007-03-26,-0.003528427904
2007-03-27,0.005173244325
2007-03-28,-0.003288629026
2007-03-29,-0.004955177232
2007-03-30,0.008243806258
2007-04-02,0.01050133552
2007-04-03,0.01451614347
2007-04-04,-0.001600529275
2007-04-05,-0.008052233899
2007-04-09,-0.01466167866
2007-04-10,0.00793951748
2007-04-11,-0.02115382194
2007-04-12,0.01157064495
2007-04-13,-0.000937799502
2007-04-16,0.01954780209
2007-04-17,-0.0002291363207
2007-04-18,-0.01019312715
2007-04-19,0.009731057767
2007-04-20,0.000923925366
2007-04-23,-0.01135711031
2007-04-24,0.03346041762
2007-04-25,0.02140601736
2007-04-26,-0.0008845705708
2007-04-27,-0.01445498808
2007-04-30,-0.01899517392
2007-05-01,-0.000684731594
2007-05-02,0.01113160092
2007-05-03,0.0004526749782
2007-05-04,-0.004074314459
2007-05-07,-0.004090982431
2007-05-08,0.006581821759
2007-05-09,0.001583475131
2007-05-10,-0.008391667646
2007-05-11,0.02251717585
2007-05-14,-0.01435360227
2007-05-15,-0.003391903394
2007-05-16,0.02063651258
2007-05-17,-0.005342975789
2007-05-18,0.009109076631
2007-05-21,0.01992847431
2007-05-22,0.004976000602
2007-05-23,-0.0331228303
2007-05-24,-0.0280423889
2007-05-25,-0.0064410707
2007-05-29,0.02259604693
2007-05-30,-0.03080715953
2007-05-31,0.001632958972
2007-06-01,-0.003504045722
2007-06-04,-0.01365898025
2007-06-05,0.0082651085
2007-06-06,-0.00637203665
2007-06-07,-0.02881388522
2007-06-08,0.01930120825
2007-06-11,-0.011050922
2007-06-12,0.01009578695
2007-06-13,0.01872104557
2007-06-14,0.001873979175
2007-06-15,-0.0009365506127
2007-06-18,-0.007535300509
2007-06-19,0.008939797711
2007-06-20,0.008860585347
2007-06-21,0.01108201491
2007-06-22,-0.01154583258
2007-06-25,-0.01191356464
2007-06-26,0.006789977842
2007-06-27,0.01413850473
2007-06-28,0.0002316641459
2007-06-29,-0.00138354187
2007-07-02,0.01259468389
2007-07-03,-0.002049276484
2007-07-05,-0.007324932551
2007-07-06,0.0009208120407
2007-07-09,0.0004582844006
2007-07-10,-0.007830451125
2007-07-11,0.01354673611
2007-07-12,0.03143006398
2007-07-13,0.001986387651
2007-07-16,-0.005974529537
2007-07-17,-0.0008868653733
2007-07-18,0.002661723877
2007-07-19,-0.04137550066
2007-07-20,-0.006718134287
2007-07-23,-0.006759892745
2007-07-24,0.01000801151
2007-07-25,-0.01681761703
2007-07-26,0
2007-07-27,-0.01902574877
2007-07-30,0.02137964025
2007-07-31,-0.02185938611
2007-08-01,-0.004574795145
2007-08-02,0.01413748094
2007-08-03,-0.02945622632
2007-08-06,0.02300966577
2007-08-07,-0.02989405502
2007-08-08,-0.009918352104
2007-08-09,-0.04745856185
2007-08-10,-0.01130081633
2007-08-13,0.02942581358
2007-08-14,-0.03022009314
2007-08-15,-0.0457267258
2007-08-16,0.02461294786
2007-08-17,0.01394929899
2007-08-20,-0.00320216493
2007-08-21,-0.01399435305
2007-08-22,0.009976118196
2007-08-23,0.01570694285
2007-08-24,0.009987681206
2007-08-27,0.008853855511
2007-08-28,-0.01857567207
2007-08-29,0.0297657341
2007-08-30,0.005388030727
2007-08-31,0.01976173911
2007-09-04,0.004006165663
2007-09-05,-0.02889793548
2007-09-06,-0.00154496254
2007-09-07,-0.02372179083
2007-09-10,-0.02971317291
2007-09-11,0.03340204159
2007-09-12,-0.005008443879
2007-09-13,0.03325105143
2007-09-14,0.006875128082
2007-09-17,-0.01019992856
2007-09-18,0.01929253765
2007-09-19,0.006516062764
2007-09-20,0.01290611517
2007-09-21,0.006882541077
2007-09-24,0.02036413009
2007-09-25,-0.001682516719
2007-09-26,0.01526804292
2007-09-27,-0.0002374750477
2007-09-28,0.0004748937144
2007-10-01,-0.003794309379
2007-10-02,-0.002617197441
2007-10-03,0.006648869132
2007-10-04,0.0122292095
2007-10-05,0.01369797215
2007-10-08,-0.01393244905
2007-10-09,-0.00281067065
2007-10-10,-0.007764773103
2007-10-11,-0.02149622304
2007-10-12,0.01770820621
2007-10-15,-0.02061061391
2007-10-16,-0.01119947906
2007-10-17,0.0138597102
2007-10-18,-0.0009655050436
2007-10-19,-0.02595684503
2007-10-22,0.01379529263
2007-10-23,0.006341243205
2007-10-24,0.001701726311
2007-10-25,-0.01024638301
2007-10-26,0.01339852775
2007-10-29,0.007231268642
2007-10-30,0.002879430615
2007-10-31,0.02320029708
2007-11-01,-0.03476430571
2007-11-02,0.001692163337
2007-11-05,-0.01192106495
2007-11-06,0.0177118937
2007-11-07,-0.01039596256
2007-11-08,-0.03436404819
2007-11-09,-0.04369456016
2007-11-12,-0.01910148718
2007-11-13,0.04759291093
2007-11-14,0.02296923564
2007-11-15,0.01829943177
2007-11-16,0.01314623788
2007-11-19,0.009629258412
2007-11-20,-0.009871845299
2007-11-21,-0.02201150882
2007-11-23,-0.0002441704322
2007-11-26,-0.03140852635
2007-11-27,0.01695883528
2007-11-28,0.03936303328
2007-11-29,-0.0004802792519
2007-11-30,-0.01606074331
2007-12-03,-0.02006512167
2007-12-04,-0.01462088854
2007-12-05,0.02838917541
2007-12-06,0.001237045012
2007-12-07,-0.007698356994
2007-12-10,0.01140418586
2007-12-11,-0.009661537214
2007-12-12,0.02239754219
2007-12-13,-0.03014206368
2007-12-14,-0.0118592169
2007-12-17,-0.006876296013
2007-12-18,-0.01053095273
2007-12-19,-0.01325926165
2007-12-20,0.02353477431
2007-12-21,0.02024350228
2007-12-24,0.009476197613
2007-12-26,-0.000748130194
2007-12-27,-0.01425499134
2007-12-28,-0.005047528363
2007-12-31,-0.003806404973
2008-01-02,-0.02470045026
2008-01-03,-0.0128465119
2008-01-04,-0.02322152548
2008-01-07,-0.01578611041
2008-01-08,-0.0127014577
2008-01-09,0.04880421391
2008-01-10,0.005279449452
2008-01-11,0.01670448782
2008-01-14,0.03484958315
2008-01-15,-0.01638167858
2008-01-16,0.01538176833
2008-01-17,-0.02277842557
2008-01-18,-0.01834565903
2008-01-22,-0.03799939765
2008-01-23,-0.007885407919
2008-01-24,0.09820837305
2008-01-25,-0.01019957262
2008-01-28,0.01242295377
2008-01-29,-0.004947577474
2008-01-30,-0.0004999835381
2008-01-31,0.05176828468
2008-02-01,-0.005200338724
2008-02-04,-0.008330935263
2008-02-05,-0.02737140388
2008-02-06,-0.0266282404
2008-02-07,0.0320170891
2008-02-08,0.02365653892
2008-02-11,-0.001435204502
2008-02-12,-0.02222133442
2008-02-13,0.02579991519
2008-02-14,-0.02751018524
2008-02-15,0.03202376049
2008-02-19,-0.005941982191
2008-02-20,0.03328814907
2008-02-21,-0.02214582816
2008-02-22,0.02445114922
2008-02-25,0.005734800716
2008-02-26,-0.001833993739
2008-02-27,0.003432863451
2008-02-28,-0.01079184565
2008-02-29,-0.02170370215
2008-03-03,-0.0304148505
2008-03-04,0.002185030382
2008-03-05,0.007012113911
2008-03-06,-0.02612115837
2008-03-07,-0.004711648247
2008-03-10,-0.02695021167
2008-03-11,0.006615869976
2008-03-12,0.008082071245
2008-03-13,0.01250060198
2008-03-14,-0.0256648525
2008-03-17,-0.01878444118
2008-03-18,0.0414652375
2008-03-19,-0.05849470643
2008-03-20,0.01103700562
2008-03-24,0.04145882638
2008-03-25,0.02255471336
2008-03-26,-0.007626395349
2008-03-27,-0.01920054624
2008-03-28,0.01052011439
2008-03-31,0.02119774601
2008-04-01,0.02932341008
2008-04-02,-0.006415523102
2008-04-03,-0.001430450202
2008-04-04,0.003809996163
2008-04-07,-0.009076303856
2008-04-08,0.009789064907
2008-04-09,-0.01363762795
2008-04-10,0.02545012512
2008-04-11,-0.02810203707
2008-04-14,-0.0009660779123
2008-04-15,-0.004120066437
2008-04-16,0.02564530997
2008-04-17,-0.004507156294
2008-04-18,0.0113456396
2008-04-21,0.001642801198
2008-04-22,-0.02542594752
2008-04-23,0.00815228009
2008-04-24,0.02986403684
2008-04-25,0.001854372675
2008-04-28,0.001154984608
2008-04-29,0.01079927977
2008-04-30,-0.01311058452
2008-05-01,0.02672761712
2008-05-02,-0.0006761135001
2008-05-05,-0.009065911584
2008-05-06,0.0140169995
2008-05-07,-0.02293270271
2008-05-08,0.01277929399
2008-05-09,-0.008652551132
2008-05-12,0.02059902273
2008-05-13,-0.001344495649
2008-05-14,-0.009922337117
2008-05-15,0.01952165209
2008-05-16,0.04135792334
2008-05-19,0.009546809602
2008-05-20,-0.02762234339
2008-05-21,0.002603758126
2008-05-22,-0.006734900404
2008-05-23,0.04037660663
2008-05-27,0.02256549108
2008-05-28,-0.007627513222
2008-05-29,0.01845338141
2008-05-30,-0.01391222122
2008-06-02,-0.01745728238
2008-06-03,-0.01499451961
2008-06-04,0.03059669253
2008-06-05,0.01921456494
2008-06-06,-0.04662656773
2008-06-09,-0.0006341447516
2008-06-10,0.006556493597
2008-06-11,-0.02368430814
2008-06-12,0.05605316762
2008-06-13,0.02041070124
2008-06-16,-0.009042023375
2008-06-17,-0.01854109954
2008-06-18,0.009619470958
2008-06-19,0.0253373032
2008-06-20,-0.03701368925
2008-06-23,-0.01494773925
2008-06-24,-0.0327402317
2008-06-25,0.01905193964
2008-06-26,-0.04444246153
2008-06-27,0.01189826716
2008-06-30,-0.0284373452
2008-07-01,0.03215706723
2008-07-02,-0.01694726468
2008-07-03,0
2008-07-07,0.006855273038
2008-07-08,0.0471532122
2008-07-09,-0.02061021744
2008-07-10,0.03356356002
2008-07-11,0.003316153466
2008-07-14,-0.01018983498
2008-07-15,-0.0198466152
2008-07-16,0.001704351814
2008-07-17,-0.03069101021
2008-07-18,-0.008153677861
2008-07-21,0.001988804173
2008-07-22,-0.02640462256
2008-07-23,0.01619511115
2008-07-24,0.1568245478
2008-07-25,0.03780343719
2008-07-28,-0.01909887992
2008-07-29,0.02769454624
2008-07-30,0.01302231884
2008-07-31,-0.005405138071
2008-08-01,0.002345720839
2008-08-04,-0.04800466527
2008-08-05,0.05268245685
2008-08-06,-0.00305446239
2008-08-07,-0.003246487346
2008-08-08,0.008630272204
2008-08-11,-0.02611752759
2008-08-12,-0.003865727545
2008-08-13,0.02153283956
2008-08-14,0.0171836352
2008-08-15,0.0003562517384
2008-08-18,-0.01844230624
2008-08-19,-0.009989257219
2008-08-20,0.002916065947
2008-08-21,-0.004377293923
2008-08-22,0.01271532972
2008-08-25,-0.02800074698
2008-08-26,-0.007079336942
2008-08-27,0.01377897491
2008-08-28,-0.002036523105
2008-08-29,-0.02476147875
2008-09-02,-0.0285119915
2008-09-03,-0.03804340527
2008-09-04,-0.01472180538
2008-09-05,-0.01808796917
2008-09-08,-0.02959138847
2008-09-09,-0.0145844503
2008-09-10,0.02426141773
2008-09-11,0.04926871806
2008-09-12,-0.0241236892
2008-09-15,-0.02322082209
2008-09-16,0.02322082209
2008-09-17,-0.06420330208
2008-09-18,0.03841715492
2008-09-19,0.04275274058
2008-09-22,-0.05872665969
2008-09-23,-0.001087801195
2008-09-24,-0.01359893818
2008-09-25,0.02722551011
2008-09-26,-0.01515216136
2008-09-29,-0.1392825348
2008-09-30,0.07462619953
2008-10-01,-0.03432716159
2008-10-02,-0.02314676607
2008-10-03,0.007366550909
2008-10-06,-0.01578246974
2008-10-07,-0.02644538021
2008-10-08,0.04711016725
2008-10-09,-0.03442950097
2008-10-10,-0.01779909801
2008-10-13,0.08173688614
2008-10-14,-0.04793831586
2008-10-15,-0.1047551655
2008-10-16,0.06864492541
2008-10-17,0.02187298605
2008-10-20,0.01349417319
2008-10-21,-0.09523815766
2008-10-22,-0.0273961499
2008-10-23,-0.01043885081
2008-10-24,-0.007968908816
2008-10-27,-0.02928772726
2008-10-28,0.1354772447
2008-10-29,-0.02577399791
2008-10-30,0.04637863449
2008-10-31,-0.03745231364
2008-11-03,-0.02809312152
2008-11-04,0.02022206296
2008-11-05,-0.07633936685
2008-11-06,-0.06216956924
2008-11-07,0.07600743651
2008-11-10,-0.009865868566
2008-11-11,-0.0068175668
2008-11-12,-0.07395787799
2008-11-13,0.06680387271
2008-11-14,-0.05550453159
2008-11-17,-0.03995005396
2008-11-18,0.005042278187
2008-11-19,-0.05825319993
2008-11-20,-0.02701811798
2008-11-21,0.0323403793
2008-11-24,0.08418573367
2008-11-25,-0.003965392153
2008-11-26,0.02298013201
2008-11-28,0.003579677021
2008-12-01,-0.1137688546
2008-12-02,0.01917630863
2008-12-03,-0.007891710323
2008-12-04,-0.00728360048
2008-12-05,0.05874409726
2008-12-08,0.04983504251
2008-12-09,0.00328979583
2008-12-10,0.0291400148
2008-12-11,-0.05608395229
2008-12-12,0.0400005028
2008-12-15,-0.003247052234
2008-12-16,0.06442431765
2008-12-17,-0.02698314587
2008-12-18,-0.02831520784
2008-12-19,0.02632001239
2008-12-22,-0.006297924022
2008-12-23,-0.01826739252
2008-12-24,-0.0005830495463
2008-12-26,0.007871787023
2008-12-29,-0.009632036174
2008-12-30,0.02433497486
2008-12-31,0.0251543591
2009-01-02,0.03348494012
2009-01-05,-0.01632687613
2009-01-06,0.01902021415
2009-01-07,-0.04402366169
2009-01-08,-0.007622839033
2009-01-09,-0.007968169649
2009-01-12,-0.004010236549
2009-01-13,0.008000060318
2009-01-14,-0.04006121553
2009-01-15,0.03034071705
2009-01-16,0.03445480915
2009-01-20,-0.05360474044
2009-01-21,0.04943275966
2009-01-22,0.005281861184
2009-01-23,0.01404721161
2009-01-26,0.0002702440236
2009-01-27,-0.02631263599
2009-01-28,0.03285218259
2009-01-29,-0.04698251323
2009-01-30,-0.01665013264
2009-02-02,0.02119429906
2009-02-03,-0.03079271988
2009-02-04,-0.01146117039
2009-02-05,0.03514342457
2009-02-06,0.03587828766
2009-02-09,0.009045928079
2009-02-10,-0.04549735998
2009-02-11,-0.01177334861
2009-02-12,0.02651287674
2009-02-13,0.003933657753
2009-02-17,-0.02727441792
2009-02-18,-0.01158761517
2009-02-19,-0.01408473988
2009-02-20,0.006772563678
2009-02-23,-0.03859988081
2009-02-24,0.0508543288
2009-02-25,-0.01171969346
2009-02-26,-0.007992127783
2009-02-27,-0.006855619475
2009-03-02,-0.0193286469
2009-03-03,0.0199262574
2009-03-04,0.03784142674
2009-03-05,-0.003173311413
2009-03-06,-0.02930106048
2009-03-09,-0.01890975504
2009-03-10,0.06907268036
2009-03-11,-0.000282620371
2009-03-12,0.03992577728
2009-03-13,-0.00108697935
2009-03-16,-0.02507061471
2009-03-17,0.04019420792
2009-03-18,0.0170068583
2009-03-19,-0.008199734387
2009-03-20,-0.01552907402
2009-03-23,0.04639688887
2009-03-24,-0.02055989032
2009-03-25,0.01228118384
2009-03-26,0.02665700405
2009-03-27,-0.0152903805
2009-03-30,-0.02786458229
2009-03-31,0.02709053343
2009-04-01,0.01959608204
2009-04-02,0.04025947314
2009-04-03,-0.00291050502
2009-04-06,-0.01295168054
2009-04-07,-0.03249194659
2009-04-08,0.02161256426
2009-04-09,0.03493921603
2009-04-13,-0.018660448
2009-04-14,-0.001961069091
2009-04-15,0.002449796417
2009-04-16,0.01793178726
2009-04-17,-0.015979263
2009-04-20,-0.03349779808
2009-04-21,0.01601918191
2009-04-22,-0.00372884316
2009-04-23,0.01508934521
2009-04-24,0.01534832849
2009-04-27,0.04283027933
2009-04-28,-0.02177524407
2009-04-29,0.01968994573
2009-04-30,-0.0177993042
2009-05-01,0.0080027923
2009-05-04,0.01604295279
2009-05-05,0.00322530103
2009-05-06,0.005502489292
2009-05-07,-0.03230143302
2009-05-08,-0.01307576005
2009-05-11,0.003107166607
2009-05-12,-0.02389928093
2009-05-13,-0.0249849481
2009-05-14,0.01516437068
2009-05-15,0.004676990283
2009-05-18,0.03070999618
2009-05-19,0.008301465331
2009-05-20,0.005416829272
2009-05-21,-0.02088646803
2009-05-22,-0.009156806521
2009-05-26,0.04681614715
2009-05-27,-0.01613030577
2009-05-28,0.01218088167
2009-05-29,0.01479206981
2009-06-01,0.01841179101
2009-06-02,-0.01110049423
2009-06-03,-0.007543163732
2009-06-04,0.03848895287
2009-06-05,0.002424530127
2009-06-08,-0.0006612663491
2009-06-09,0.01444447035
2009-06-10,0.0008678463492
2009-06-11,-0.001956212094
2009-06-12,0.001520720522
2009-06-15,-0.03851524556
2009-06-16,-0.01960125218
2009-06-17,0.03705120306
2009-06-18,0.004205424444
2009-06-19,0.01577530391
2009-06-22,-0.03540081749
2009-06-23,0.002022308083
2009-06-24,0.01737999347
2009-06-25,0.02336104952
2009-06-26,-0.003240131447
2009-06-29,-0.002167042239
2009-06-30,-0.0195008184
2009-07-01,-0.000884558414
2009-07-02,-0.01068646627
2009-07-06,0.01157102469
2009-07-07,-0.03420730139
2009-07-08,-0.00298060721
2009-07-09,-0.01131485781
2009-07-10,0.008787203657
2009-07-13,0.01983034201
2009-07-14,0.007642270517
2009-07-15,0.03109240672
2009-07-16,0.01422630565
2009-07-17,0.01445002294
2009-07-20,-0.007835216002
2009-07-21,0.01999763656
2009-07-22,0.009746538942
2009-07-23,-0.0219089595
2009-07-24,-0.00105689293
2009-07-27,-0.01854204728
2009-07-28,-0.002586086063
2009-07-29,-0.002374261226
2009-07-30,0.00581979476
2009-07-31,-0.006687574358
2009-08-03,0.0163147658
2009-08-04,-0.01415333994
2009-08-05,-0.01085415206
2009-08-06,-0.004593103691
2009-08-07,0.008079933194
2009-08-10,-0.005015521198
2009-08-11,-0.007462834043
2009-08-12,0.02114095485
2009-08-13,0.0045203029
2009-08-14,-0.009708188749
2009-08-17,-0.02591146062
2009-08-18,0.00443895309
2009-08-19,0.01254363863
2009-08-20,0.02952410772
2009-08-21,0.004240903596
2009-08-24,0.002532060357
2009-08-25,-0.008898550062
2009-08-26,0.01505154381
2009-08-27,-0.005907566449
2009-08-28,-0.0006362977377
2009-08-31,-0.01708507474
2009-09-01,-0.02332236513
2009-09-02,0.001542974144
2009-09-03,-0.00884633092
2009-09-04,0.01542842974
2009-09-08,0.00654237316
2009-09-09,0.004336822926
2009-09-10,0.009258838649
2009-09-11,-0.0008572233035
2009-09-14,-0.00818708221
2009-09-15,-0.01043656199
2009-09-16,-0.0008740938506
2009-09-17,-0.01521150313
2009-09-18,-0.01251508236
2009-09-21,0.009178277874
2009-09-22,-0.006258877909
2009-09-23,-0.008107586143
2009-09-24,0.009676836011
2009-09-25,0.0008946346424
2009-09-28,0.02801462021
2009-09-29,-0.01027791875
2009-09-30,-0.01149317774
2009-10-01,-0.05201780936
2009-10-02,-0.02995333624
2009-10-05,0.01199245138
2009-10-06,0.01608331271
2009-10-07,-0.01037747878
2009-10-08,-0.0174553283
2009-10-09,0.006010916981
2009-10-12,-0.003845319704
2009-10-13,-0.006034145387
2009-10-14,0.02250955871
2009-10-15,0.005196052322
2009-10-16,-0.01161113994
2009-10-19,0.002382371585
2009-10-20,-0.01775288748
2009-10-21,0.002176094807
2009-10-22,-0.008001034022
2009-10-23,-0.00929059161
2009-10-26,-0.0004911803237
2009-10-27,0.007833801444
2009-10-28,0.01524768232
2009-10-29,0.01525692185
2009-10-30,-0.02248803154
2009-11-02,0.01154626879
2009-11-03,0.009760815941
2009-11-04,-0.01479453707
2009-11-05,0.05267203828
2009-11-06,0.001140552318
2009-11-09,0.0191759209
2009-11-10,-0.008975949334
2009-11-11,0.006965850388
2009-11-12,0.004244105113
2009-11-13,0.02030468497
2009-11-16,-0.005696173503
2009-11-17,0.01049130909
2009-11-18,-0.01093056518
2009-11-19,-0.008832652461
2009-11-20,0.0002232920703
2009-11-23,0.01370425228
2009-11-24,0.0002202040566
2009-11-25,-0.002638964653
2009-11-27,-0.009953541937
2009-11-30,0.0002229451058
2009-12-01,0.001333254773
2009-12-02,0
2009-12-03,-0.009588262598
2009-12-04,0.01180528946
2009-12-07,-0.005998644076
2009-12-08,-0.006702713473
2009-12-09,0.004027695816
2009-12-10,0.01749294158
2009-12-11,-0.01459448218
2009-12-14,-0.005134821255
2009-12-15,0.004691274431
2009-12-16,-0.004242241375
2009-12-17,-0.00854228751
2009-12-18,0.0056267839
2009-12-21,0.01889765213
2009-12-22,0.009424336658
2009-12-23,0.002397677654
2009-12-24,0.003256127098
2009-12-28,0.003465717421
2009-12-29,0.008395464878
2009-12-30,0.00449260712
2009-12-31,-0.012888072
2010-01-04,0.01459270441
2010-01-05,0.02378920157
2010-01-06,-0.00982778446
2010-01-07,0.0285809279
2010-01-08,0.009954755098
2010-01-11,-0.003647420457
2010-01-12,-0.01636218414
2010-01-13,0.004322498387
2010-01-14,-0.006801809969
2010-01-15,0.003303340692
2010-01-19,0.01614852392
2010-01-20,-0.01986358578
2010-01-21,-0.005393142584
2010-01-22,-0.02761874479
2010-01-25,0.002777337944
2010-01-26,-0.0004277783784
2010-01-27,0.006590767739
2010-01-28,-0.1535851676
2010-01-29,-0.03238889994
2010-02-01,0.0146912002
2010-02-02,-0.01290489383
2010-02-03,0.009378849738
2010-02-04,-0.03753722772
2010-02-05,-0.003410379225
2010-02-08,-0.01403047546
2010-02-09,0.01060842573
2010-02-10,-0.01274205842
2010-02-11,0.01537667348
2010-02-12,0.02159800105
2010-02-16,0.004626501858
2010-02-17,0.01045056581
2010-02-18,0.009590633332
2010-02-19,-0.005539841005
2010-02-22,-0.01475847461
2010-02-23,-0.01212022018
2010-02-24,-0.01311966674
2010-02-25,-0.01838480549
2010-02-26,-0.01327018935
2010-03-01,-0.03128036659
2010-03-02,0.06452043571
2010-03-03,0.01983704564
2010-03-04,0.01437124906
2010-03-05,-0.0125620435
2010-03-08,0.0007727010578
2010-03-09,-0.002840073087
2010-03-10,0.005158492301
2010-03-11,0.005643001022
2010-03-12,-0.003842631518
2010-03-15,-0.002057273808
2010-03-16,0.003594547159
2010-03-17,-0.00282403216
2010-03-18,0.03857791
2010-03-19,-0.009442564392
2010-03-22,0.005726572557
2010-03-23,0.005940470607
2010-03-24,-0.008178217998
2010-03-25,0.04856512744
2010-03-26,-0.008569242615
2010-03-29,-0.001676312795
2010-03-30,0.008824233916
2010-03-31,-0.004045295489
2010-04-01,0.007362155154
2010-04-05,0.006131353969
2010-04-06,-0.00235458924
2010-04-07,0.007981670775
2010-04-08,-0.00868805934
2010-04-09,-0.005439463741
2010-04-12,0.001419975999
2010-04-13,0.001657671584
2010-04-14,0.007068779534
2010-04-15,0.002341655555
2010-04-16,0.0009386695315
2010-04-19,0.0002336448609
2010-04-20,0.01255042028
2010-04-21,-0.01536131763
2010-04-22,-0.08006282241
2010-04-23,-0.02835108249
2010-04-26,-0.003670063411
2010-04-27,-0.004995601929
2010-04-28,0.02345439625
2010-04-29,0.004115616343
2010-04-30,-0.007727793882
2010-05-03,-0.001033332903
2010-05-04,-0.02728465053
2010-05-05,0.0007965307085
2010-05-06,-0.02584205228
2010-05-07,-0.004644889985
2010-05-10,0.02355440758
2010-05-11,0.002939483967
2010-05-12,0.01798130333
2010-05-13,-0.005256076255
2010-05-14,-0.01753721897
2010-05-17,0.001872507924
2010-05-18,-0.01781657849
2010-05-19,-0.007111019733
2010-05-20,-0.02387552364
2010-05-21,0.008395921244
2010-05-24,-0.006149258969
2010-05-25,-0.001685585673
2010-05-26,-0.01536423211
2010-05-27,0.01930837467
2010-05-28,0
2010-06-01,-0.01387309922
2010-06-02,0.02672934676
2010-06-03,0.01241246037
2010-06-04,-0.03260536084
2010-06-07,-0.00825033847
2010-06-08,0.007401476385
2010-06-09,-0.01572044959
2010-06-10,0.008890597043
2010-06-11,0.009378536754
2010-06-14,-0.01625103082
2010-06-15,0.02245064713
2010-06-16,-0.01415266668
2010-06-17,0.01780096502
2010-06-18,-0.0005607354635
2010-06-21,-0.001401104232
2010-06-22,-0.001965696077
2010-06-23,-0.004227690633
2010-06-24,-0.01794371907
2010-06-25,-0.006345176923
2010-06-28,-0.0154486763
2010-06-29,-0.02679731974
2010-06-30,-0.009092900387
2010-07-01,-0.02716372967
2010-07-02,0.01274689466
2010-07-06,0.008611403531
2010-07-07,0.02211629263
2010-07-08,0.01634189908
2010-07-09,-0.0005901603144
2010-07-12,0.03448993759
2010-07-13,0.02392652233
2010-07-14,0.02608358448
2010-07-15,-0.0005426478492
2010-07-16,-0.02526046401
2010-07-19,0.02227676586
2010-07-20,-0.0005445653132
2010-07-21,-0.01618499028
2010-07-22,0.07842221496
2010-07-23,-0.0007661375303
2010-07-26,0.004085693668
2010-07-27,-0.0005102794562
2010-07-28,-0.01179722384
2010-07-29,0.0005163334231
2010-07-30,-0.01821639592
2010-08-02,0.0177000625
2010-08-03,-0.007769338071
2010-08-04,-0.0007830056855
2010-08-05,0.001823454189
2010-08-06,0.003886227529
2010-08-09,0.02806183166
2010-08-10,0.0007570137684
2010-08-11,-0.0106162834
2010-08-12,-0.0288672
2010-08-13,-0.007613613203
2010-08-16,0.01802119678
2010-08-17,0.01285706011
2010-08-18,-0.002560534914
2010-08-19,-0.02411062228
2010-08-20,0.02077789731
2010-08-23,-0.009557511639
2010-08-24,-0.01305856699
2010-08-25,0.01598721502
2010-08-26,-0.004687615309
2010-08-27,0.009357235191
2010-08-30,-0.00909905963
2010-08-31,0.0002620191524
2010-09-01,0.03312781064
2010-09-02,0.01080188614
2010-09-03,0.008955939859
2010-09-07,0.004695426247
2010-09-08,0.008589864499
2010-09-09,-0.0004905406295
2010-09-10,-0.01180499053
2010-09-13,0.0142479855
2010-09-14,0.002677504737
2010-09-15,0.02094464612
2010-09-16,-0.0002390470952
2010-09-17,0.01325363099
2010-09-20,0.01122259776
2010-09-21,0.01178996879
2010-09-22,-0.005067948466
2010-09-23,0.008050461071
2010-09-24,0.02040696554
2010-09-27,0.0008971578844
2010-09-28,-0.01172970571
2010-09-29,0.005432631778
2010-09-30,0.01833555772
2010-10-01,-0.01946506573
2010-10-04,-0.00839620089
2010-10-05,0.00839620089
2010-10-06,0.008772488452
2010-10-07,-0.002243064401
2010-10-08,0.004701961214
2010-10-11,-0.0130399
2010-10-12,0.01371219591
2010-10-13,0.01176364882
2010-10-14,-0.006198640903
2010-10-15,-0.005565007918
2010-10-18,-0.006723188029
2010-10-19,-0.006084341678
2010-10-20,0.003610502766
2010-10-21,-0.009054222412
2010-10-22,0.004539053438
2010-10-25,0.003387441967
2010-10-26,-0.008836102037
2010-10-27,0.01221547491
2010-10-28,-0.001351053336
2010-10-29,0.01652128773
2010-11-01,0.00375687063
2010-11-02,0.001102863594
2010-11-03,0.006808117071
2010-11-04,0.0563805503
2010-11-05,-0.0002075932667
2010-11-08,-0.01102697472
2010-11-09,0.002509584357
2010-11-10,-0.005022341602
2010-11-11,0.005022341602
2010-11-12,-0.009435705938
2010-11-15,-0.01272211909
2010-11-16,-0.01050668375
2010-11-17,0.03391382182
2010-11-18,-0.005433367148
2010-11-19,0.005018143741
2010-11-22,-0.003146308969
2010-11-23,-0.01097984536
2010-11-24,0.02038612618
2010-11-26,-0.007097186723
2010-11-29,-0.009473594756
2010-11-30,-0.009777641495
2010-12-01,0.02259589837
2010-12-02,0.01244993763
2010-12-03,0.00678471709
2010-12-06,-0.01029474151
2010-12-07,0.003097719259
2010-12-08,0.008424567041
2010-12-09,0.004084006353
2010-12-10,0.008115298703
2010-12-13,-0.00730110248
2010-12-14,0.001220052717
2010-12-15,-0.001830637728
2010-12-16,0.01134257362
2010-12-17,-0.003834939937
2010-12-20,-0.0004042171365
2010-12-21,0.01106283308
2010-12-22,0
2010-12-23,-0.01106283308
2010-12-27,0.003433655575
2010-12-28,0.00502676395
2010-12-29,0.002602413555
2010-12-30,-0.005214616899
2010-12-31,-0.004837979534
2011-01-03,0.01384695532
2011-01-04,0.01562057085
2011-01-05,0.02058303271
2011-01-06,0.0122270872
2011-01-07,-0.01800923678
2011-01-10,-0.0007731007493
2011-01-11,0.007323301719
2011-01-12,0.005171824291
2011-01-13,-0.009020869725
2011-01-14,0.003273062199
2011-01-18,0.01884568668
2011-01-19,-0.01692703133
2011-01-20,-0.01565672093
2011-01-21,-0.001948961123
2011-01-24,0.005062316672
2011-01-25,0.0005821337247
2011-01-26,0.0065768162
2011-01-27,0.05696647794
2011-01-28,-0.02135447324
2011-01-31,0.007229573599
2011-02-01,0.01739905965
2011-02-02,-0.02017242007
2011-02-03,0.01835356009
2011-02-04,0.004536910723
2011-02-07,-0.002899517066
2011-02-08,0.01853080196
2011-02-09,0.001957740538
2011-02-10,0.01395649724
2011-02-11,0.01047050932
2011-02-14,0.00984927509
2011-02-15,0.008045239518
2011-02-16,-0.0017057986
2011-02-17,0.007827749146
2011-02-18,0.003215842676
2011-02-22,-0.01600948711
2011-02-23,-0.01825007755
2011-02-24,0.01376113258
2011-02-25,0.02088897982
2011-02-28,0.009442476742
2011-03-01,-0.02618828288
2011-03-02,-0.01632771557
2011-03-03,0.03001814284
2011-03-04,-0.01179655517
2011-03-07,-0.009848802911
2011-03-08,-0.007495661351
2011-03-09,-0.03834768556
2011-03-10,-0.01760935847
2011-03-11,-0.007988661741
2011-03-14,-0.00242688911
2011-03-15,-0.009014781182
2011-03-16,-0.04832010492
2011-03-17,0.03540558808
2011-03-18,-0.01172830276
2011-03-21,0.03645882805
2011-03-22,-0.02167744302
2011-03-23,-0.0005724520374
2011-03-24,0.02392576555
2011-03-25,-0.01822157569
2011-03-28,-0.01086535962
2011-03-29,0.03261783292
2011-03-30,0.01106689902
2011-03-31,0.00585535745
2011-04-01,-0.006589352503
2011-04-04,-0.02528470329
2011-04-05,-0.01002754418
2011-04-06,0.01809111464
2011-04-07,-0.005806918036
2011-04-08,0.007488378806
2011-04-11,-0.004298058602
2011-04-12,-0.02177183829
2011-04-13,0.008195745117
2011-04-14,-0.001519581137
2011-04-15,0.01021404187
2011-04-18,0.002819126653
2011-04-19,0.002435532088
2011-04-20,0.03404589964
2011-04-21,0.02976766766
2011-04-25,-0.002109460021
2011-04-26,0.007014297189
2011-04-27,0.01663881304
2011-04-28,-0.01036515624
2011-04-29,-0.00854726006
2011-05-02,0.002624328681
2011-05-03,-0.01319106146
2011-05-04,-0.007282883941
2011-05-05,0.0008904200933
2011-05-06,0.007810107299
2011-05-09,0.0015888422
2011-05-10,0.004401412099
2011-05-11,-0.00563812774
2011-05-12,0.01316529688
2011-05-13,-0.003842396519
2011-05-16,-0.007380550766
2011-05-17,-0.006191905099
2011-05-18,0.001771526348
2011-05-19,0.01494556985
2011-05-20,0.001395025845
2011-05-23,-0.01757927969
2011-05-24,-0.001242860639
2011-05-25,0.01583004133
2011-05-26,0.00315273907
2011-05-27,0.003142830537
2011-05-31,0.02139135396
2011-06-01,-0.02471037175
2011-06-02,0.01113443158
2011-06-03,-0.01323552337
2011-06-06,-0.009866513941
2011-06-07,0.0005322084548
2011-06-08,-0.003723528678
2011-06-09,-0.007666515394
2011-06-10,-0.02299506694
2011-06-13,-0.003668881167
2011-06-14,0.02145968684
2011-06-15,-0.0269911093
2011-06-16,-0.02073034471
2011-06-17,-0.005676219331
2011-06-20,0.01488279653
2011-06-21,0.01760774158
2011-06-22,-0.007933687485
2011-06-23,0.01762296679
2011-06-24,-0.01411006498
2011-06-27,0.01028132208
2011-06-28,0.01270409628
2011-06-29,-0.0003606669974
2011-06-30,0.02423897144
2011-07-01,0.01901113959
2011-07-05,0.004483510975
2011-07-06,0.00958614331
2011-07-07,0.009495121029
2011-07-08,0.001685665132
2011-07-11,-0.01904881877
2011-07-12,-0.029978665
2011-07-13,-0.007636566713
2011-07-14,-0.02107908561
2011-07-15,0.0007278982127
2011-07-18,0.005804189925
2011-07-19,0.03029007313
2011-07-20,0.005599002662
2011-07-21,-0.006301087362
2011-07-22,0.009091454282
2011-07-25,-0.01137794338
2011-07-26,-0.004764222269
2011-07-27,-0.03509618485
2011-07-28,0.007298947299
2011-07-29,-0.003823951961
2011-08-01,-0.01212126161
2011-08-02,-0.02072534244
2011-08-03,0.01349059745
2011-08-04,-0.04725341839
2011-08-05,-0.00449830805
2011-08-08,-0.07592089599
2011-08-09,0.05352160343
2011-08-10,-0.05415447518
2011-08-11,0.04731773286
2011-08-12,0.01899111694
2011-08-15,0.0149368388
2011-08-16,-0.00371407039
2011-08-17,-0.001175277523
2011-08-18,-0.06186360395
2011-08-19,-0.03027417558
2011-08-22,-0.002585459435
2011-08-23,0.03515207821
2011-08-24,0.001776650604
2011-08-25,-0.02066069105
2011-08-26,0.04151193578
2011-08-29,0.03966026835
2011-08-30,0.006266988739
2011-08-31,0.004284272786
2011-09-01,-0.00780407855
2011-09-02,-0.02739889397
2011-09-06,-0.004640862723
2011-09-07,0.04430097453
2011-09-08,-0.002710799003
2011-09-09,-0.02236156825
2011-09-12,0.01925325768
2011-09-13,0.01793462739
2011-09-14,0.01423190918
2011-09-15,0.01049720264
2011-09-16,0.004466068922
2011-09-19,-0.003718506025
2011-09-20,-0.01048931697
2011-09-21,-0.02768212338
2011-09-22,-0.0320594931
2011-09-23,0.005182554397
2011-09-26,0.005750712758
2011-09-27,0.0234469021
2011-09-28,-0.01400264617
2011-09-29,-0.01838127936
2011-09-30,-0.03037942965
2011-10-03,-0.02035717091
2011-10-04,0.03667251267
2011-10-05,0.02674886429
2011-10-06,0.001967179503
2011-10-07,-0.01265968924
2011-10-10,0.03635957145
2011-10-11,-0.008482697542
2011-10-12,0.007522628139
2011-10-13,0.02411124636
2011-10-14,0.03084616817
2011-10-17,-0.0246751133
2011-10-18,0.01700772256
2011-10-19,-0.03658617416
2011-10-20,-0.0112792
2011-10-21,0.0001899305625
2011-10-24,0.03010953724
2011-10-25,-0.02435787114
2011-10-26,-0.01385712642
2011-10-27,0.03653306418
2011-10-28,-0.005431192629
2011-10-31,-0.03110187155
2011-11-01,-0.02870089507
2011-11-02,0.03987991082
2011-11-03,0.07261240102
2011-11-04,0.006926749784
2011-11-07,0.007407701291
2011-11-08,0.001930647418
2011-11-09,-0.02881820079
2011-11-10,-0.003614972466
2011-11-11,0.02521691594
2011-11-14,0.00844361752
2011-11-15,0.005238715543
2011-11-16,-0.009098994955
2011-11-17,-0.008829418436
2011-11-18,-0.01267532156
2011-11-21,-0.0215983947
2011-11-22,0.00386012735
2011-11-23,-0.0460130259
2011-11-25,-0.003271585253
2011-11-28,0.03932441263
2011-11-29,-0.01550763291
2011-11-30,0.03132538294
2011-12-01,-0.001279333312
2011-12-02,-0.0071508811
2011-12-05,0.002758674563
2011-12-06,0.006218176839
2011-12-07,-0.00695433845
2011-12-08,-0.007003040159
2011-12-09,0.02032081432
2011-12-12,-0.007274663441
2011-12-13,-0.01082921908
2011-12-14,-0.02031965275
2011-12-15,-0.01041041759
2011-12-16,0.001139744519
2011-12-19,-0.01320312578
2011-12-20,0.04131513846
2011-12-21,-0.01152408254
2011-12-22,0.01650364256
2011-12-23,0.004586607732
2011-12-27,0.004383653924
2011-12-28,-0.009707913121
2011-12-29,0.009341110126
2011-12-30,-0.002737865345
2012-01-03,0.01036743773
2012-01-04,0.01008217258
2012-01-05,0.004108862928
2012-01-06,0.001782687985
2012-01-09,-0.004461379311
2012-01-10,-0.00286502617
2012-01-11,-0.002334388165
2012-01-12,0.01268487104
2012-01-13,0.003719222809
2012-01-17,0.01055626731
2012-01-18,0.00784534637
2012-01-19,0.007093156573
2012-01-20,-0.004665504102
2012-01-23,0.007250321392
2012-01-24,0.00907220436
2012-01-25,0.005267637505
2012-01-26,-0.02020448585
2012-01-27,-0.0003456039718
2012-01-30,0.01442853156
2012-01-31,0.003236532085
2012-02-01,0.01250211705
2012-02-02,0.01945460267
2012-02-03,0.005417478908
2012-02-06,0.0001635629793
2012-02-07,0.007829272642
2012-02-08,-0.001299036412
2012-02-09,0.007617270823
2012-02-10,-0.003396798876
2012-02-13,0.0001617876588
2012-02-14,-0.0004854415233
2012-02-15,-0.002108692523
2012-02-16,0.01114107314
2012-02-17,0.004006624992
2012-02-21,0.00414974349
2012-02-22,-0.003668240817
2012-02-23,0.015229117
2012-02-24,-0.001101469509
2012-02-27,-0.002051130637
2012-02-28,-0.01000049138
2012-02-29,-0.004572958509
2012-03-01,0.006890196276
2012-03-02,-0.002877457275
2012-03-05,-0.005140988579
2012-03-06,-0.008893766154
2012-03-07,0.01866879497
2012-03-08,0.009520906149
2012-03-09,0.009586821763
2012-03-12,-0.001253229176
2012-03-13,0.01554118378
2012-03-14,0.004000735199
2012-03-15,0.001534319747
2012-03-16,0.003063832947
2012-03-19,0.02027829911
2012-03-20,0
2012-03-21,-0.004805270854
2012-03-22,-0.002108760738
2012-03-23,0.00601452604
2012-03-26,0.02809155247
2012-03-27,-0.001458655498
2012-03-28,-0.005417535334
2012-03-29,-0.002793075509
2012-03-30,0.0019138185
2012-04-02,0.003812398762
2012-04-03,-0.002784883625
2012-04-04,-0.01092229449
2012-04-05,-0.002971505341
2012-04-09,-0.0103228701
2012-04-10,-0.004219736644
2012-04-11,0
2012-04-12,0.03136697192
2012-04-13,-0.02459273647
2012-04-16,-0.006321189253
2012-04-17,0.01468413298
2012-04-18,-0.003725715205
2012-04-19,-0.06810708395
2012-04-20,-0.0051271098
2012-04-23,-0.01114664235
2012-04-24,0.004862669101
2012-04-25,0.02237877882
2012-04-26,0.01022134229
2012-04-27,0.004216845493
2012-04-30,-0.005468174907
2012-05-01,-0.002981073097
2012-05-02,0.009383914863
2012-05-03,-0.01079947358
2012-05-04,-0.02614558518
2012-05-07,0.0001607641027
2012-05-08,0.01204029809
2012-05-09,-0.01058750132
2012-05-10,0.007551163552
2012-05-11,-0.009971299117
2012-05-14,-0.006488033708
2012-05-15,-0.0003263431611
2012-05-16,-0.03865927835
2012-05-17,-0.03354655546
2012-05-18,-0.02085902176
2012-05-21,0.02190841769
2012-05-22,0.01233073786
2012-05-23,0.003619413571
2012-05-24,-0.01717370003
2012-05-25,0.002969247096
2012-05-29,0.01849543164
2012-05-30,-0.01193864866
2012-05-31,-0.002441042198
2012-06-01,-0.03896093266
2012-06-04,0.01315549217
2012-06-05,0.0235343209
2012-06-06,0.02128284523
2012-06-07,-0.007044072553
2012-06-08,0.01301992825
2012-06-11,-0.01664766766
2012-06-12,0.02748042747
2012-06-13,-0.007774089197
2012-06-14,-0.03716184315
2012-06-15,-0.005117838268
2012-06-18,0.004766166218
2012-06-19,0.004393426928
2012-06-20,-0.0003502532981
2012-06-21,-0.03335705017
2012-06-22,0.009208044608
2012-06-25,-0.03828524058
2012-06-26,0.006884120537
2012-06-27,0.0181956397
2012-06-28,-0.01117067606
2012-06-29,0.02509627134
2012-07-02,-0.0003613019476
2012-07-03,0.01072309049
2012-07-05,-0.0001787724555
2012-07-06,-0.01685143213
2012-07-09,0.0001818102775
2012-07-10,-0.002714779796
2012-07-11,-0.01460730778
2012-07-12,-0.01184090418
2012-07-13,0.02299728626
2012-07-16,-0.01134136942
2012-07-17,0.001837630136
2012-07-18,0.02877769283
2012-07-19,0.04175696643
2012-07-20,-0.01308917897
2012-07-23,-0.006260983475
2012-07-24,-0.009291057232
2012-07-25,0.008591552834
2012-07-26,0.01610631793
2012-07-27,0.01922661645
2012-07-30,-0.003208032667
2012-07-31,0.008922005036
2012-08-01,-0.002685149663
2012-08-02,-0.01081080964
2012-08-03,0.02283518797
2012-08-06,-0.001828399788
2012-08-07,0.01992372175
2012-08-08,0.001792364061
2012-08-09,0.008909244506
2012-08-10,-0.0003221153365
2012-08-13,0.001933484527
2012-08-14,0.004659742475
2012-08-15,0.0020816616
2012-08-16,0.0007993074648
2012-08-17,0.01144158691
2012-08-20,-0.00777251504
2012-08-21,-0.01153138004
2012-08-22,0.001449887641
2012-08-23,-0.001933651048
2012-08-24,0.006104997903
2012-08-27,-0.0009599967102
2012-08-28,-0.00578881636
2012-08-29,0.001611108067
2012-08-30,-0.0147609739
2012-08-31,0.004239701207
2012-09-04,-0.01063075115
2012-09-05,0.001977823172
2012-09-06,0.03147222389
2012-09-07,-0.0110808461
2012-09-10,-0.01038761707
2012-09-11,0.008933398874
2012-09-12,0.009656629654
2012-09-13,0.02217370456
2012-09-14,0.01615966693
2012-09-17,-0.001081169514
2012-09-18,0.00415710871
2012-09-19,0
2012-09-20,-0.01127988768
2012-09-21,-0.001243645101
2012-09-24,-0.009535422484
2012-09-25,-0.0147187472
2012-09-26,-0.006555954347
2012-09-27,0.01859883366
2012-09-28,-0.01619572172
2012-10-01,-0.009004675184
2012-10-02,-0.001938489947
2012-10-03,0.004521209183
2012-10-04,0.009299014795
2012-10-05,-0.0001598771035
2012-10-08,-0.01999242765
2012-10-09,-0.01658816824
2012-10-10,-0.0101511942
2012-10-11,-0.009580914534
2012-10-12,-0.005420174055
2012-10-15,0.006770027577
2012-10-16,0.01788699503
2012-10-17,0.01021839118
2012-10-18,-0.01686799996
2012-10-19,-0.02038631089
2012-10-22,-0.001191574082
2012-10-23,-0.006325216533
2012-10-24,-0.01173097864
2012-10-25,-0.003476790023
2012-10-26,0.02764882005
2012-10-31,-0.007311307057
2012-11-01,0.01892898504
2012-11-02,-0.007224104507
2012-11-05,0.01887651384
2012-11-06,-0.0009925129775
2012-11-07,-0.03798245907
2012-11-08,0.04293759486
2012-11-09,0.01553749677
2012-11-12,0
2012-11-13,0.008243512785
2012-11-14,-0.006459558949
2012-11-15,-0.007316046679
2012-11-16,0.01055104188
2012-11-19,0.002579547178
2012-11-20,0.0008062057243
2012-11-21,0
2012-11-23,0.01580518309
2012-11-26,-0.01018916026
2012-11-27,-0.003688439599
2012-11-28,0.006244899994
2012-11-29,0.01111231346
2012-11-30,0.004252708361
2012-12-03,-0.00393656295
2012-12-04,0.001576942638
2012-12-05,0.006462540458
2012-12-06,0.008919410596
2012-12-07,-0.005310850023
2012-12-10,0.001095186268
2012-12-11,0.006548295208
2012-12-12,-0.01345395961
2012-12-13,-0.01156426471
2012-12-14,-0.04781180012
2012-12-17,0.03627305015
2012-12-18,0.0210537005
2012-12-19,-0.01286784361
2012-12-20,0.004945785248
2012-12-21,-0.0200864919
2012-12-24,0.004696438082
2012-12-26,-0.005020335367
2012-12-27,-0.001301340282
2012-12-28,-0.01424403772
2012-12-31,0.01991851331
2013-01-02,0.04566018708
2013-01-03,-0.004644035289
2013-01-04,-0.01485040992
2013-01-07,0.008000659505
2013-01-08,-0.001564252191
2013-01-09,0.01506340331
2013-01-10,-0.001543261807
2013-01-11,0.001850737478
2013-01-14,-0.01022170666
2013-01-15,0.003110031
2013-01-16,0.005417156795
2013-01-17,0.005385749718
2013-01-18,-0.007085380162
2013-01-22,0
2013-01-23,0.003240423287
2013-01-24,-0.007579631543
2013-01-25,-0.01155661949
2013-01-28,0.0001566958525
2013-01-29,-0.003462107972
2013-01-30,0.001261576956
2013-01-31,0.03844489687
2013-02-01,0.01069740917
2013-02-04,-0.01646921546
2013-02-05,0.0197592649
2013-02-06,0.003429921258
2013-02-07,-0.009571003037
2013-02-08,0.006141081779
2013-02-11,0.003429921258
2013-02-12,-0.01938808302
2013-02-13,-0.006699547197
2013-02-14,0.001220840986
2013-02-15,-0.001527941529
2013-02-19,0.003661383813
2013-02-20,-0.006108298516
2013-02-21,-0.006919519883
2013-02-22,0.001849595065
2013-02-25,-0.002157450054
2013-02-26,0.007227374872
2013-02-27,0.005652459307
2013-02-28,0
2013-03-01,0.01000476253
2013-03-04,0.004964009236
2013-03-05,0.01991107381
2013-03-06,-0.01562603811
2013-03-07,0.001798179208
2013-03-08,-0.002098550569
2013-03-11,0.0007496794769
2013-03-12,0.005085978024
2013-03-13,-0.004336860145
2013-03-14,-0.002699021974
2013-03-15,-0.02432758107
2013-03-18,-0.00633223907
2013-03-19,0.002475836246
2013-03-20,0.01563741263
2013-03-21,-0.005949200056
2013-03-22,0.008682252303
2013-03-25,-0.003798535729
2013-03-26,0.01436263421
2013-03-27,0.0008990882209
2013-03-28,0.003891756017
2013-04-01,-0.0141407063
2013-04-02,0.003779578028
2013-04-03,-0.004233652151
2013-04-04,-0.002428865104
2013-04-05,-0.009925203121
2013-04-08,0.01068444728
2013-04-09,0.001516761154
2013-04-10,0.01981543074
2013-04-11,-0.003723751989
2013-04-12,-0.005235794549
2013-04-15,-0.01800738985
2013-04-16,0.004875500334
2013-04-17,-0.0243024707
2013-04-18,-0.009226290457
2013-04-19,0.004546052624
2013-04-22,0.010115204
2013-04-23,0.01185395504
2013-04-24,0.009896488718
2013-04-25,-0.05544888267
2013-04-26,-0.01484438845
2013-04-29,0.001462363135
2013-04-30,-0.0001613399167
2013-05-01,0.005180252964
2013-05-02,0.01554430659
2013-05-03,0.01389557288
2013-05-06,0.00141080201
2013-05-07,0.001719613364
2013-05-08,0.002343643885
2013-05-09,-0.0001572705033
2013-05-10,0.008234587746
2013-05-13,0.00262614544
2013-05-14,0.007837308319
2013-05-15,0.00336399699
2013-05-16,0.001524159537
2013-05-17,0.01466978493
2013-05-20,-0.007687110394
2013-05-21,-0.005156306146
2013-05-22,-0.008093773084
2013-05-23,-0.02044236125
2013-05-24,0.005462099287
2013-05-28,-0.002961115938
2013-05-29,0.0006225845551
2013-05-30,0.001091396714
2013-05-31,-0.01096567296
2013-06-03,0.001582644752
2013-06-04,0.007563371371
2013-06-05,-0.008830647814
2013-06-06,-0.002853276386
2013-06-07,-0.0139121643
2013-06-10,-0.001128677409
2013-06-11,-0.005983138638
2013-06-12,-0.008959146608
2013-06-13,0.01381233248
2013-06-14,-0.009403241928
2013-06-17,0.01117732007
2013-06-18,0.004981972562
2013-06-19,-0.007563281126
2013-06-20,-0.01611835797
2013-06-21,-0.004111833365
2013-06-24,-0.01310756237
2013-06-25,0.03172133537
2013-06-26,-0.008773629876
2013-06-27,-0.003105112579
2013-06-28,0.0001618162826
2013-07-01,-0.002129156267
2013-07-02,-0.0006558571924
2013-07-03,-0.0001646195059
2013-07-05,0.0006559651328
2013-07-08,-0.01587509782
2013-07-09,-0.01005356806
2013-07-10,0.0175261873
2013-07-11,0.01412798249
2013-07-12,0.01167701798
2013-07-15,-0.01200190541
2013-07-16,0.009258711363
2013-07-17,0.0128504882
2013-07-18,-0.02472382492
2013-07-19,0.005546473706
2013-07-22,0.01213048734
2013-07-23,0.001445083631
2013-07-24,-0.01471367591
2013-07-25,0.03253092026
2013-07-26,0.01859014627
2013-07-29,-0.005743532097
2013-07-30,0.004194716365
2013-07-31,0.0007747077198
2013-08-01,0.0109370056
2013-08-02,0.02242334976
2013-08-05,-0.007520346854
2013-08-06,-0.0100118078
2013-08-07,-0.005811238167
2013-08-08,0.01733121478
2013-08-09,-0.001205488358
2013-08-12,0.002862282237
2013-08-13,0.01181746711
2013-08-14,-0.004322934795
2013-08-15,-0.0001476297406
2013-08-16,-0.0007470410353
2013-08-19,-0.008556811437
2013-08-20,0.005711237041
2013-08-21,-0.002100233689
2013-08-22,0.008376731846
2013-08-23,0.0002987131885
2013-08-26,-0.002982595914
2013-08-27,-0.01398844197
2013-08-28,0.008144946037
2013-08-29,0.002250880502
2013-08-30,-0.001205429089
2013-09-03,0.007065713694
2013-09-04,0.007908238926
2013-09-05,0.008142457039
2013-09-06,0.002796559099
2013-09-09,0.01864254981
2013-09-10,0.01133573656
2013-09-11,-0.02895016367
2013-09-12,0.01051969609
2013-09-13,-0.00334812712
2013-09-16,-0.007171568968
2013-09-17,0.01934640283
2013-09-18,0.003162403068
2013-09-19,-0.002587795375
2013-09-20,-0.005775433187
2013-09-23,-0.001158273786
2013-09-24,-0.006836506648
2013-09-25,0.003496645001
2013-09-26,0.001743748216
2013-09-27,-0.02187255779
2013-09-30,-0.0008907744084
2013-10-01,0.002522154744
2013-10-02,0.002810628253
2013-10-03,-0.008457818667
2013-10-04,0.01346905506
2013-10-07,-0.01227640352
2013-10-08,-0.01258146688
2013-10-09,-0.009692334262
2013-10-10,0.01705127975
2013-10-11,0.01056559183
2013-10-14,0.002955381816
2013-10-15,0.00618157023
2013-10-16,0.01021569384
2013-10-17,-0.002471554058
2013-10-18,-0.004375910617
2013-10-21,0.00539386168
2013-10-22,0.0021796129
2013-10-23,-0.02765752175
2013-10-24,-0.001493312282
2013-10-25,0.01967551647
2013-10-28,0.003945624731
2013-10-29,0.005674418113
2013-10-30,0.001594725351
2013-10-31,0.006497149759
2013-11-01,0.00588250822
2013-11-04,-0.004732730619
2013-11-05,-0.008227096533
2013-11-06,0.01066778126
2013-11-07,-0.03873876373
2013-11-08,0.005351016134
2013-11-11,0.002517301172
2013-11-12,0.01307698059
2013-11-13,0.02194304822
2013-11-14,0.01685052819
2013-11-15,0.01324970239
2013-11-18,-0.003192003327
2013-11-19,-0.001389545727
2013-11-20,-0.01133889014
2013-11-21,0.009526211019
2013-11-22,0.01728161779
2013-11-25,-0.006462368255
2013-11-26,0.01587514471
2013-11-27,0.003540332641
2013-11-29,0.0002718148283
2013-12-02,-0.001904257177
2013-12-03,-0.001770524333
2013-12-04,-0.001775602685
2013-12-05,0.0006838931805
2013-12-06,0.007211428231
2013-12-09,-0.005301718025
2013-12-10,0.0001353020427
2013-12-11,-0.005055315882
2013-12-12,-0.003841966579
2013-12-13,-0.002063307352
2013-12-16,0.002887829424
2013-12-17,0.00178510816
2013-12-18,0.003558746799
2013-12-19,-0.01030121588
2013-12-20,0.006604368353
2013-12-23,-0.0009594511041
2013-12-24,0.002741624213
2013-12-26,0.006005245034
2013-12-27,0.004346832285
2013-12-30,-0.003121953004
2013-12-31,0.009201162138
2014-01-02,-0.01260559659
2014-01-03,-0.005882175899
2014-01-06,-0.002608757274
2014-01-07,0.007399371571
2014-01-08,0.005990822236
2014-01-09,0.00311537808
2014-01-10,-0.0005412751192
2014-01-13,-0.008838001872
2014-01-14,0.002319744495
2014-01-15,0.01514560069
2014-01-16,0.002815031953
2014-01-17,0.0001328575769
2014-01-21,0.009720778695
2014-01-22,0.00423114343
2014-01-23,0.001187725235
2014-01-24,-0.02387549153
2014-01-27,-0.01195054181
2014-01-28,-0.01666897371
2014-01-29,-0.01215804784
2014-01-30,0.02964625162
2014-01-31,0.01301913147
2014-02-03,-0.01220057199
2014-02-04,-0.01110846981
2014-02-05,-0.001932382884
2014-02-06,0.01194929109
2014-02-07,0.01584944058
2014-02-10,0.003755383509
2014-02-11,0.01237392218
2014-02-12,0.0105241447
2014-02-13,0.000261643363
2014-02-14,-0.002095066219
2014-02-18,-0.008955202891
2014-02-19,0.002246798228
2014-02-20,0.002372484789
2014-02-21,-0.004486095877
2014-02-24,-0.002383164613
2014-02-25,-0.006918667077
2014-02-26,0.001866923194
2014-02-27,0.001863444285
2014-02-28,0.001330792583
2014-03-03,-0.01763553261
2014-03-04,0.03312719957
2014-03-05,0.007330913914
2014-03-06,0.004293693297
2014-03-07,-0.002729882137
2014-03-10,0.003638799854
2014-03-11,-0.004681682277
2014-03-12,0.003384023379
2014-03-13,-0.0175639
2014-03-14,-0.01183643529
2014-03-17,0.03004937523
2014-03-18,0.00556733861
2014-03-19,-0.008298347146
2014-03-20,0.01665493162
2014-03-21,0.001152525477
2014-03-24,-0.005772324879
2014-03-25,0.01049318473
2014-03-26,-0.003187424352
2014-03-27,0.009405172342
2014-03-28,0.002904819778
2014-03-31,-0.005311379079
2014-04-01,0.01560178284
2014-04-02,0.000500389398
2014-04-03,0.005102338743
2014-04-04,-0.02539671983
2014-04-07,-0.005747256225
2014-04-08,0.01032068099
2014-04-09,0.01309641253
2014-04-10,-0.02354546752
2014-04-11,-0.0007687806704
2014-04-14,0.01438186098
2014-04-15,0.004412173631
2014-04-16,0.008643135892
2014-04-17,0.01411686138
2014-04-21,-0.004806187331
2014-04-22,-0.003962166283
2014-04-23,0.001239098977
2014-04-24,-0.03582150486
2014-04-25,-0.003344849114
2014-04-28,0.005653559951
2014-04-29,0.006004789402
2014-04-30,0.002416965175
2014-05-01,0.003550194711
2014-05-02,0
2014-05-05,0.007190560424
2014-05-06,-0.003147297231
2014-05-07,0.0002527180552
2014-05-08,0.002140201754
2014-05-09,0
2014-05-12,0.0058938206
2014-05-13,0.004990220106
2014-05-14,0.0004969528814
2014-05-15,-0.007866014098
2014-05-16,-0.004522294601
2014-05-19,0.004899115353
2014-05-20,0.0006259515463
2014-05-21,-0.002382120717
2014-05-22,-0.001381253649
2014-05-23,0.00401435221
2014-05-27,0.007233546592
2014-05-28,-0.002987090969
2014-05-29,-0.0003731343327
2014-05-30,0.003237403416
2014-06-02,0.005606333517
2014-06-03,-0.0009950857555
2014-06-04,-0.00598788449
2014-06-05,-0.003257736037
2014-06-06,0.008997567827
2014-06-09,-0.005363878067
2014-06-10,-0.009677361083
2014-06-11,0.0003776933972
2014-06-12,0.001640334883
2014-06-13,-0.002903418251
2014-06-16,-0.005830463556
2014-06-17,0.006462204663
2014-06-18,0.0003795625144
2014-06-19,0.007047111022
2014-06-20,0.001377809396
2014-06-23,-0.005398899483
2014-06-24,-0.008217568258
2014-06-25,-0.009308889829
2014-06-26,0.009182320751
2014-06-27,0.002789714942
2014-06-30,0.002654299257
2014-07-01,0.006669377508
2014-07-02,0.005503017002
2014-07-03,0.01017763729
2014-07-07,-0.002101969699
2014-07-08,-0.002104656066
2014-07-09,0.001485894716
2014-07-10,-0.004218110651
2014-07-11,-0.01037411779
2014-07-14,-0.001004327163
2014-07-15,-0.001007104589
2014-07-16,0.002263678825
2014-07-17,-0.01914768181
2014-07-18,0.01625448939
2014-07-21,0.00352088792
2014-07-22,0.02307776633
2014-07-23,0.0008591206336
2014-07-24,-0.06886307147
2014-07-25,-0.0009185497889
2014-07-28,-0.003554870797
2014-07-29,-0.006881193699
2014-07-30,0.009647800177
2014-07-31,-0.03098579265
2014-08-01,-0.01599892803
2014-08-04,0.009738923337
2014-08-05,-0.006986390392
2014-08-06,0.001922660304
2014-08-07,-0.005502045266
2014-08-08,0.01899311055
2014-08-11,0.01143971162
2014-08-12,-0.007925656544
2014-08-13,0.004842853233
2014-08-14,0.003484861705
2014-08-15,-0.004693849858
2014-08-18,0.008297633039
2014-08-19,0.001333591645
2014-08-20,0.01728516335
2014-08-21,0.004307933615
2014-08-22,0.0006509904977
2014-08-25,-0.002998804923
2014-08-26,0.005469075764
2014-08-27,-0.0005198382235
2014-08-28,-0.008218240596
2014-08-29,0.002368339237
2014-09-02,-0.01376077384
2014-09-03,-0.002266917861
2014-09-04,0.002932790961
2014-09-05,0.009275965275
2014-09-08,0.001187509748
2014-09-09,-0.0007915164579
2014-09-10,0.001187039874
2014-09-11,0.002366191042
2014-09-12,-0.01030097464
2014-09-15,-0.003324057516
2014-09-16,0.008355926398
2014-09-17,0.001585122303
2014-09-18,0.008010557209
2014-09-19,-0.01197623507
2014-09-22,0.01001209732
2014-09-23,-0.006046419454
2014-09-24,0.005390848635
2014-09-25,-0.01893396035
2014-09-26,0.003336032585
2014-09-29,-0.003203497325
2014-09-30,-0.0006684554634
2014-10-01,-0.01197313053
2014-10-02,-0.002983584936
2014-10-03,0.01616073311
2014-10-06,-0.001738356394
2014-10-07,-0.01646071874
2014-10-08,0.02259773042
2014-10-09,-0.01487252769
2014-10-10,-0.03937229578
2014-10-13,-0.00718704079
2014-10-14,0.01613379026
2014-10-15,-0.009227200194
2014-10-16,-0.0008437875177
2014-10-17,0.01797093365
2014-10-20,0.01153114602
2014-10-21,0.02333588362
2014-10-22,-0.009376617972
2014-10-23,0.0112425522
2014-10-24,0.01138037057
2014-10-27,-0.002108094869
2014-10-28,0.009579307188
2014-10-29,0.004171685588
2014-10-30,0.006223273179
2014-10-31,0.01462532542
2014-11-03,-0.003444423596
2014-11-04,-0.01454756137
2014-11-05,0.001165691166
2014-11-06,-0.08965274951
2014-11-07,-0.01887777482
2014-11-10,0.001442708027
2014-11-11,0.004028945497
2014-11-12,0.009289877361
2014-11-13,0.005109058963
2014-11-14,0.002826689604
2014-11-17,-0.00637330874
2014-11-18,0.02261316403
2014-11-19,-0.02161781157
2014-11-20,0.003398927803
2014-11-21,0.01069093977
2014-11-24,0.003213169138
2014-11-25,0.007917510331
2014-11-26,0.005690247443
2014-11-28,0.008818955999
2014-12-01,-0.01534436212
2014-12-02,0.02108922868
2014-12-03,0.0142184807
2014-12-04,-0.01394582727
2014-12-05,0.0004088408095
2014-12-08,-0.01041299589
2014-12-09,0.005357004123
2014-12-10,-0.02076119341
2014-12-11,0.006829545005
2014-12-12,-0.01963835667
2014-12-15,-0.00312243847
2014-12-16,-0.0008527303678
2014-12-17,0.02666388183
2014-12-18,0.01580102216
2014-12-19,0.0009534422064
2014-12-22,0.01527239979
2014-12-23,0.0005361670885
2014-12-24,0.0008037120018
2014-12-26,0.01277598363
2014-12-29,-0.008498543309
2014-12-30,0.0005331645105
2014-12-31,-0.009240903943
2015-01-02,-0.0006726897566
2015-01-05,-0.004723419455
2015-01-06,-0.01430371116
2015-01-07,0.01159563946
2015-01-08,0.01038794721
2015-01-09,-0.001074063887
2015-01-12,-0.01148752059
2015-01-13,-0.008188247425
2015-01-14,-0.0103319468
2015-01-15,-0.0116994777
2015-01-16,-0.001261255116
2015-01-20,0.01655516331
2015-01-21,-0.01235521175
2015-01-22,0.004460461742
2015-01-23,0.003607969191
2015-01-26,0.006078206573
2015-01-27,-0.01163626833
2015-01-28,-0.01092798632
2015-01-29,-0.1085102459
2015-01-30,-0.01950165649
2015-02-02,0.04798174462
2015-02-03,0.02158685166
2015-02-04,0
2015-02-05,0.01467825241
2015-02-06,-0.02382911277
2015-02-09,0.01138986279
2015-02-10,0.04586922401
2015-02-11,-0.0007116706373
2015-02-12,0.002559647471
2015-02-13,0.006936875767
2015-02-17,-0.001128949237
2015-02-18,-0.003679880455
2015-02-19,0.006218226293
2015-02-20,0.007580488477
2015-02-23,-0.008144008772
2015-02-24,0.006043210532
2015-02-25,0.004334729704
2015-02-26,0.004593710821
2015-02-27,0.006919219476
2015-03-02,0.007875280426
2015-03-03,-0.01735254722
2015-03-04,-0.008013682959
2015-03-05,0.001269698014
2015-03-06,0.008003555042
2015-03-09,0.01664377285
2015-03-10,-0.01120453483
2015-03-11,-0.02279287672
2015-03-12,-0.01288886301
2015-03-13,-0.01058045812
2015-03-16,0.01961948348
2015-03-17,-0.002717178336
2015-03-18,0.005999132812
2015-03-19,-0.005712453984
2015-03-20,0.003002219869
2015-03-23,0.0002857376534
2015-03-24,-0.01553586614
2015-03-25,-0.02599397109
2015-03-26,-0.0007437785937
2015-03-27,-0.001938064847
2015-03-30,0.02722591491
2015-03-31,0.006655385907
2015-04-01,0.001297148644
2015-04-02,-0.02125144527
2015-04-06,-0.003095826568
2015-04-07,-0.006663434563
2015-04-08,-0.0007426738239
2015-04-09,0.02278426244
2015-04-10,0.005072613122
2015-04-13,-0.006236837058
2015-04-14,0.003486611968
2015-04-15,-0.007422880177
2015-04-16,-0.008065670067
2015-04-17,-0.01184943684
2015-04-20,0.02254100654
2015-04-21,-0.001020140312
2015-04-22,0.005382709464
2015-04-23,-0.008742233822
2015-04-24,-0.001463486877
2015-04-27,0.01440179933
2015-04-28,0.006049245197
2015-04-29,-0.01416957251
2015-04-30,-0.00980544586
2015-05-01,0.006158324118
2015-05-04,0.009309883718
2015-05-05,-0.01004252219
2015-05-06,-0.008222890269
2015-05-07,0.009100781691
2015-05-08,0.01421892775
2015-05-11,-0.005200223875
2015-05-12,-0.003915984705
2015-05-13,0.01371757607
2015-05-14,0.01126385427
2015-05-15,0.007628459497
2015-05-18,-0.009046674391
2015-05-19,-0.01142466267
2015-05-20,-0.004895535132
2015-05-21,0.01162222171
2015-05-22,-0.00830820713
2015-05-26,-0.002161019601
2015-05-27,0.02365230924
2015-05-28,-0.005932201788
2015-05-29,-0.01311741357
2015-06-01,0.003174571305
2015-06-02,-0.001009627107
2015-06-03,0.00732869504
2015-06-04,-0.01383763953
2015-06-05,-0.009477910179
2015-06-08,-0.0143151191
2015-06-09,-0.006562186241
2015-06-10,0.007008321525
2015-06-11,0.00429835465
2015-06-12,-0.008467999475
2015-06-15,-0.005985781683
2015-06-16,-0.002554537648
2015-06-17,0.001354305693
2015-06-18,0.01209674007
2015-06-19,-0.007150685435
2015-06-22,0.007150685435
2015-06-23,-0.005655457595
2015-06-24,-0.02463658501
2015-06-25,-0.001379190401
2015-06-26,-0.009082415574
2015-06-29,-0.03221120362
2015-06-30,0.0001598012339
2015-07-01,0.004300649759
2015-07-02,0.003333416201
2015-07-06,0
2015-07-07,-0.004923527746
2015-07-08,-0.01427314227
2015-07-09,-0.0008085605958
2015-07-10,0.01396558866
2015-07-13,0.0110968331
2015-07-14,0.008007809464
2015-07-15,-0.0009373851076
2015-07-16,0.01043313966
2015-07-17,-0.0032589325
2015-07-20,-0.008585158043
2015-07-21,0.02094330747
2015-07-22,-0.01469186779
2015-07-23,-0.03826839324
2015-07-24,-0.002268171607
2015-07-27,0.005500466325
2015-07-28,0.01790940838
2015-07-29,0.001109573167
2015-07-30,0.01943903614
2015-07-31,-0.0003107936972
2015-08-03,0.0006214908317
2015-08-04,-0.01532803249
2015-08-05,0.006754927403
2015-08-06,-0.01641610413
2015-08-07,0.002860309787
2015-08-10,0.002062270858
2015-08-11,-0.009547283445
2015-08-12,0.0004798638068
2015-08-13,-0.00882767024
2015-08-14,-0.001935672155
2015-08-17,0.002580800684
2015-08-18,-0.01215702249
2015-08-19,-0.002285203692
2015-08-20,-0.01698043149
2015-08-21,-0.04314532536
2015-08-24,-0.04128464034
2015-08-25,-0.02565112647
2015-08-26,0.05030750739
2015-08-27,0.01228077383
2015-08-28,0.001566604896
2015-08-31,-0.006869686658
2015-09-01,-0.02795815795
2015-09-02,0.0151518236
2015-09-03,-0.00556420634
2015-09-04,-0.02294472898
2015-09-08,0.01662313762
2015-09-09,-0.01606989696
2015-09-10,0.01842153115
2015-09-11,-0.01218188793
2015-09-14,-0.006424857145
2015-09-15,0.01026005051
2015-09-16,0.005995060374
2015-09-17,-0.003992710843
2015-09-18,-0.009687501612
2015-09-21,-0.00110164496
2015-09-22,-0.008307550885
2015-09-23,-0.007071671578
2015-09-24,-0.005428633844
2015-09-25,-0.0009395737376
2015-09-28,-0.01285938406
2015-09-29,-0.002095440401
2015-09-30,0.02449325741
2015-10-01,-0.01028970555
2015-10-02,0.03492338265
2015-10-05,0.02084556444
2015-10-06,0.001599204121
2015-10-07,0.005135395964
2015-10-08,0.01837865389
2015-10-09,0.002077323309
2015-10-12,0.0001740918409
2015-10-13,-0.004857698141
2015-10-14,0.01928847524
2015-10-15,0.01068746969
2015-10-16,0.01091034404
2015-10-19,-0.0136140759
2015-10-20,-0.001692112055
2015-10-21,-0.0005093451108
2015-10-22,0.02445755518
2015-10-23,0.004950382958
2015-10-26,-0.02534731082
2015-10-27,0.001181728099
2015-10-28,0.01656388826
2015-10-29,-0.004489665053
2015-10-30,-0.009714948221
2015-11-02,0.02032331594
2015-11-03,0.003786001703
2015-11-04,-0.01007163195
2015-11-05,-0.1654710346
2015-11-06,0.04498932689
2015-11-09,-0.009026377176
2015-11-10,-0.01273793936
2015-11-11,0.01103654622
2015-11-12,-0.0051216171
2015-11-13,-0.01224711085
2015-11-16,0.0158525133
2015-11-17,0.003972284116
2015-11-18,-0.09871457951
2015-11-19,0.008092687872
2015-11-20,0.025101324
2015-11-23,-0.01318510103
2015-11-24,0.00894326363
2015-11-25,-0.006292852734
2015-11-27,-0.001645976873
2015-11-30,0.005136777345
2015-12-01,0.01039714691
2015-12-02,0.05043130126
2015-12-03,-0.008717146096
2015-12-04,0.01812311894
2015-12-07,0.001719151743
2015-12-08,-0.05791234235
2015-12-09,-0.01814964737
2015-12-10,-0.0004128802055
2015-12-11,-0.02311682565
2015-12-14,-0.01336322781
2015-12-15,0.0250935676
2015-12-16,0.001039490939
2015-12-17,-0.01108642884
2015-12-18,-0.002316118463
2015-12-21,0.02765537578
2015-12-22,0.006132168688
2015-12-23,-0.0004061794216
2015-12-24,0.01034442075
2015-12-28,0.0006056548794
2015-12-29,0.0258820541
2015-12-30,-0.009279224094
2015-12-31,-0.008565879713
2016-01-04,0.002797204621
2016-01-05,-0.01974676293
2016-01-06,-0.01022910628
2016-01-07,-0.05276484165
2016-01-08,-0.005649707747
2016-01-11,0.004131432683
2016-01-12,0.009720770166
2016-01-13,-0.009069381414
2016-01-14,0.03474558363
2016-01-15,-0.04083785916
2016-01-19,0.005876166653
2016-01-20,-0.003478763034
2016-01-21,0.02409238763
2016-01-22,0.02144703316
2016-01-25,-0.01024578939
2016-01-26,0.01956399904
2016-01-27,-0.02061420076
2016-01-28,-0.0865346479
2016-01-29,0.03936192991
2016-02-01,0.01684022239
2016-02-02,-0.06634573183
2016-02-03,0.03596155424
2016-02-04,0.02057653896
2016-02-05,-0.03657906463
2016-02-08,-0.002955388074
2016-02-09,-0.006400021845
2016-02-10,-0.01501837459
2016-02-11,0.0009302195143
2016-02-12,0.03563783727
2016-02-16,0.04754978113
2016-02-17,0.03532006152
2016-02-18,0.01374482949
2016-02-19,0.006904364368
2016-02-22,0.03694523704
2016-02-23,-0.01691404148
2016-02-24,0.02158368568
2016-02-25,0.00232536698
2016-02-26,-0.0003858819406
2016-02-29,-0.006869048507
2016-03-01,0.02565805227
2016-03-02,0.01410150924
2016-03-03,-0.008934911065
2016-03-04,0.005332533395
2016-03-07,0.01208041183
2016-03-08,-0.01588646042
2016-03-09,-0.009768935876
2016-03-10,0.001346849922
2016-03-11,0.003838177128
2016-03-14,-0.002493138771
2016-03-15,-0.008869539954
2016-03-16,-0.006413608942
2016-03-17,0.001558595709
2016-03-18,0.004079793355
2016-03-21,0.01194633922
2016-03-22,-0.003646617744
2016-03-23,-0.01999810301
2016-03-24,-0.002553356693
2016-03-28,-0.01326134451
2016-03-29,0.009912471916
2016-03-30,0.005902229283
2016-03-31,0.002938102221
2016-04-01,-0.005098210202
2016-04-04,-0.004531723857
2016-04-05,-0.01151719436
2016-04-06,0.01092458302
2016-04-07,-0.01172396701
2016-04-08,0.01054032745
2016-04-11,0.008664225005
2016-04-12,-0.003536460627
2016-04-13,0.02141379427
2016-04-14,-0.001928338422
2016-04-15,-0.0147729488
2016-04-18,0.009550371524
2016-04-19,0.005415578535
2016-04-20,0.005005002607
2016-04-21,-0.008094920576
2016-04-22,0.01859806312
2016-04-25,-0.003998253713
2016-04-26,0.009115487175
2016-04-27,-0.0001890609349
2016-04-28,-0.0146635332
2016-04-29,-0.03137063792
2016-05-02,0.01161088666
2016-05-03,-0.007464421675
2016-05-04,-0.00474060049
2016-05-05,0.01259634728
2016-05-06,-0.004116571265
2016-05-09,0.005482399706
2016-05-10,0.0183862677
2016-05-11,0
2016-05-12,-0.01234845667
2016-05-13,-0.003696267351
2016-05-16,0.01143094013
2016-05-17,0.001540294398
2016-05-18,0.0152713199
2016-05-19,-0.0005685802704
2016-05-20,0.03281428454
2016-05-23,-0.006257197766
2016-05-24,0.02569250055
2016-05-25,0.006990360578
2016-05-26,-0.004295054167
2016-05-27,0.001085651809
2016-05-31,-0.006353657572
2016-06-01,-0.002369560934
2016-06-02,0.001640507648
2016-06-03,0.001094582887
2016-06-06,-0.0009116680909
2016-06-07,-0.0009100912405
2016-06-08,0.001821759331
2016-06-09,0.0007282560033
2016-06-10,-0.02113898668
2016-06-13,-0.01875352969
2016-06-14,-0.002463419238
2016-06-15,0.01094618039
2016-06-16,0.00262458244
2016-06-17,0.002430254891
2016-06-20,0.006329399627
2016-06-21,-0.000186309215
2016-06-22,0.002964568141
2016-06-23,0.02756115081
2016-06-24,-0.0637346192
2016-06-27,-0.01898210651
2016-06-28,0.02643595239
2016-06-29,0.01961196395
2016-06-30,0.0003724133041
2016-07-01,-0.01069717165
2016-07-05,-0.02020148656
2016-07-06,0.008244153297
2016-07-07,0.01063550216
2016-07-08,0.02352724723
2016-07-11,-0.001292784007
2016-07-12,0.009195986529
2016-07-13,0.003837960891
2016-07-14,0.0009102578006
2016-07-15,-0.002371291151
2016-07-18,0.01090129778
2016-07-19,-0.003801831369
2016-07-20,0.0122573255
2016-07-21,0.07104311586
2016-07-22,0.02015324457
2016-07-25,-0.006890935669
2016-07-26,0.0101561285
2016-07-27,0.01873240407
2016-07-28,-0.001281414383
2016-07-29,0.00240077887
2016-08-01,-0.01173512807
2016-08-02,-0.02041756877
2016-08-03,0.006743307254
2016-08-04,-0.0004916096199
2016-08-05,0.01658913737
2016-08-08,-0.00679828258
2016-08-09,0.006636345816
2016-08-10,-0.004527784149
2016-08-11,0.0004879353796
2016-08-12,-0.0004879353796
2016-08-15,0.01160080388
2016-08-16,-0.005782515617
2016-08-17,0.003375959134
2016-08-18,0.01213035557
2016-08-19,-0.004452198799
2016-08-22,0.001114909398
2016-08-23,0.004129046787
2016-08-24,-0.007635734669
2016-08-25,0.000478813564
2016-08-26,0.005253970959
2016-08-29,0.008611856805
2016-08-30,-0.0006366114181
2016-08-31,0.002064391857
2016-09-01,0.006322518096
2016-09-02,-0.001894215774
2016-09-06,-0.004112678527
2016-09-07,-0.01051470316
2016-09-08,0.004156060055
2016-09-09,-0.0352281841
2016-09-12,0.02818308117
2016-09-13,-0.01554153608
2016-09-14,0.004884188998
2016-09-15,0.01530513987
2016-09-16,0.00717059884
2016-09-19,-0.002067017456
2016-09-20,-0.002547490348
2016-09-21,0.01378012951
2016-09-22,-0.0007874081077
2016-09-23,-0.01219502008
2016-09-26,-0.007038343882
2016-09-27,0.01592235913
2016-09-28,0.002209242306
2016-09-29,0.06113414671
2016-09-30,0.01544667359
2016-10-03,-0.02050069962
2016-10-04,-0.006428308948
2016-10-05,0.002397579241
2016-10-06,0.0104179793
2016-10-07,0.009578981503
2016-10-10,-0.0138819526
2016-10-11,-0.01739946526
2016-10-12,-0.0004539584161
2016-10-13,-0.005463636164
2016-10-14,0
2016-10-17,-0.007793619652
2016-10-18,0.01386182739
2016-10-19,-0.004699497585
2016-10-20,0.02328553583
2016-10-21,0.008724563268
2016-10-24,0.001910963576
2016-10-25,-0.005155625289
2016-10-26,0.00721083994
2016-10-27,0.0273350738
2016-10-28,-0.02440663432
2016-10-31,0.004667357188
2016-11-01,-0.005544797265
2016-11-02,-0.01845992
2016-11-03,-0.002089252255
2016-11-04,-0.003292235656
2016-11-07,0.02559551884
2016-11-08,-0.002780044114
2016-11-09,-0.005728094504
2016-11-10,-0.02340030129
2016-11-11,0.008557912194
2016-11-14,-0.01430679638
2016-11-15,0.01266030861
2016-11-16,-0.007063535963
2016-11-17,0.005565623042
2016-11-18,0.009553546502
2016-11-21,-0.003124280795
2016-11-22,0.01787254284
2016-11-23,-0.002640031102
2016-11-25,0.002346612029
2016-11-28,-0.009787616467
2016-11-29,-0.004929968268
2016-11-30,0.02016342636
2016-12-01,-0.0600373616
2016-12-02,0.02584692579
2016-12-05,0.007866895865
2016-12-06,0.01629264638
2016-12-07,0.01310889157
2016-12-08,0.003066657044
2016-12-09,-0.0004361636631
2016-12-12,-0.0007305260587
2016-12-13,0.0126262589
2016-12-14,-0.02600631496
2016-12-15,0.006932131105
2016-12-16,-0.02334861255
2016-12-19,0.008391259985
2016-12-20,-0.0016419377
2016-12-21,0.003728312805
2016-12-22,-0.005972380291
2016-12-23,0.001495956431
2016-12-27,0.005816612402
2016-12-28,-0.02255661994
2016-12-29,0.004400293089
2016-12-30,-0.01280081809
2017-01-03,0.00306308823
2017-01-04,0.001068577761
2017-01-05,0.001222101134
2017-01-06,-0.0003053852935
2017-01-09,0.001828934725
2017-01-10,-0.0003049203073
2017-01-11,0.007137228478
2017-01-12,0.0003007864704
2017-01-13,0.01142943293
2017-01-17,-0.04105149112
2017-01-18,0.01453664721
2017-01-19,-0.01065065944
2017-01-20,-0.0245063717
2017-01-23,-0.1360792973
2017-01-24,0.002183471545
2017-01-25,0.03396204377
2017-01-26,-0.05138442361
2017-01-27,0.003509322981
2017-01-30,-0.01168453831
2017-01-31,-0.003363323071
2017-02-01,-0.00525333748
2017-02-02,-0.009261509118
2017-02-03,0.00605794033
2017-02-06,-0.001888245439
2017-02-07,0.00734627617
2017-02-08,-0.007157045368
2017-02-09,-0.0001892308019
2017-02-10,0.02095750015
2017-02-13,0.01707644337
2017-02-14,0.009963332341
2017-02-15,0.01804059258
2017-02-16,0.006880711134
2017-02-17,-0.007412316953
2017-02-21,0.005122476229
2017-02-22,0.006148498403
2017-02-23,0.0007008043609
2017-02-24,0.00140013706
2017-02-27,0.0007038736043
2017-02-28,-0.004415339591
2017-03-01,0.009339924304
2017-03-02,-0.01129105983
2017-03-03,0.001241864691
2017-03-06,0.0001779351317
2017-03-07,0.004946675297
2017-03-08,0.0181668396
2017-03-09,0.003455503034
2017-03-10,0.01149288169
2017-03-13,-0.003074489457
2017-03-14,-0.004114078625
2017-03-15,0.005139959078
2017-03-16,-0.002910870215
2017-03-17,-0.01380312994
2017-03-20,0.004507171878
2017-03-21,-0.01762579869
2017-03-22,0.004216714275
2017-03-23,-0.004039906872
2017-03-24,0.001933772318
2017-03-27,-0.004577808496
2017-03-28,0.01262585154
2017-03-29,-0.0003478881541
2017-03-30,-0.002794224095
2017-03-31,0.002446214872
2017-04-03,-0.01475874598
2017-04-04,0.003180976907
2017-04-05,-0.003712124871
2017-04-06,0.001062013961
2017-04-07,-0.003721993815
2017-04-10,0.003544310397
2017-04-11,-0.02091692071
2017-04-12,-0.03605389468
2017-04-13,-0.01129996635
2017-04-17,0.00189100004
2017-04-18,-0.004166886163
2017-04-19,-0.001139888385
2017-04-20,0.0009491821356
2017-04-21,-0.003043993285
2017-04-24,0.005888584196
2017-04-25,0.003589951515
2017-04-26,0.0007552897964
2017-04-27,0.003199397753
2017-04-28,0.009911084366
2017-05-01,-0.002607901231
2017-05-02,-0.005799128918
2017-05-03,0.022267505
2017-05-04,0.007678764691
2017-05-05,0.0003634074529
2017-05-08,-0.005658318898
2017-05-09,0.009656447984
2017-05-10,0.003258713758
2017-05-11,-0.01181719781
2017-05-12,0.01163566061
2017-05-15,0.001444402958
2017-05-16,0.009880232647
2017-05-17,-0.01060101037
2017-05-18,0.01363425427
2017-05-19,0.02724356095
2017-05-22,0.02753588767
2017-05-23,-0.001012722136
2017-05-24,-0.009841424881
2017-05-25,-0.003246306222
2017-05-26,-0.006238397856
2017-05-30,-0.003134965845
2017-05-31,-0.001221565112
2017-06-01,0.0232999056
2017-06-02,-0.0006832325432
2017-06-05,0.004768521221
2017-06-06,-0.01127604638
2017-06-07,-0.01157972506
2017-06-08,0.01020292136
2017-06-09,-0.01858033455
2017-06-12,0.007681230422
2017-06-13,0.000871260756
2017-06-14,-0.009254532717
2017-06-15,-0.001403323667
2017-06-16,-0.001934754774
2017-06-19,0.0138084464
2017-06-20,-0.01433594064
2017-06-21,-0.008133846788
2017-06-22,0.00248233331
2017-06-23,0.007762063531
2017-06-26,-0.006169203537
2017-06-27,-0.02018057784
2017-06-28,0.01308346369
2017-06-29,-0.01941790778
2017-06-30,0.002538594687
2017-07-03,-0.004902640065
2017-07-05,0.009057277603
2017-07-06,-0.0119736699
2017-07-07,0.01016922597
2017-07-10,0.005227151209
2017-07-11,-0.005588891946
2017-07-12,0.01560125437
2017-07-13,0.0005352991338
2017-07-14,0.0102602718
2017-07-17,-0.006177848358
2017-07-18,-0.003017214421
2017-07-19,0.008667474977
2017-07-20,-0.05075613813
2017-07-21,-0.002410360746
2017-07-24,-0.01158373431
2017-07-25,0.0009387378498
2017-07-26,-0.002442073884
2017-07-27,-0.01230792196
2017-07-28,0.007403398607
2017-07-31,0.005844672841
2017-08-01,0.004126666837
2017-08-02,-0.004503100196
2017-08-03,-0.00414533019
2017-08-04,-0.006251605601
2017-08-07,0.001518180316
2017-08-08,-0.007809114485
2017-08-09,0.009136540285
2017-08-10,-0.008181116108
2017-08-11,0.007233480171
2017-08-14,0.01561993701
2017-08-15,0.005958771658
2017-08-16,-0.01045007226
2017-08-17,-0.01970045405
2017-08-18,-0.006718687122
2017-08-21,0.001153583846
2017-08-22,0.007093441816
2017-08-23,-0.002294605273
2017-08-24,0.004965411897
2017-08-25,-0.00880067653
2017-08-28,0.006777550938
2017-08-29,0
2017-08-30,0.005965197348
2017-08-31,0.00287280494
2017-09-01,-0.004216599897
2017-09-05,-0.03958285387
2017-09-06,0.008361422731
2017-09-07,-0.001388307176
2017-09-08,-0.01479767568
2017-09-11,0.01856039427
2017-09-12,0.006505045875
2017-09-13,0.002158154923
2017-09-14,0.009171994305
2017-09-15,0.01369761117
2017-09-18,0.001149536448
2017-09-19,0.0009553311093
2017-09-20,-0.006136257283
2017-09-21,0.0009602910711
2017-09-22,0.001153070177
2017-09-25,-0.009064097632
2017-09-26,-0.009536634622
2017-09-27,0.008179813824
2017-09-28,0.003872453321
2017-09-29,0.001738453361
2017-10-02,0.0007708666308
2017-10-03,0.002694575342
2017-10-04,-0.001154622499
2017-10-05,0.007478916631
2017-10-06,0.002670414851
2017-10-09,0.007401288553
2017-10-10,0.01855035668
2017-10-11,0.004629172938
2017-10-12,-0.02091172268
2017-10-13,-0.003401254377
2017-10-16,-0.008365079641
2017-10-17,0.0005728479847
2017-10-18,-0.003823589378
2017-10-19,0.001530225874
2017-10-20,-0.005176954941
2017-10-23,0.02599649659
2017-10-24,0.0159785951
2017-10-25,-0.007586055797
2017-10-26,-0.0007427932412
2017-10-27,0.01420909883
2017-10-30,0.001648690773
2017-10-31,-0.06911103947
2017-11-01,0.04691359251
2017-11-02,0.02548439669
2017-11-03,0.1196457781
2017-11-06,0.01142141564
2017-11-07,0.02495854313
2017-11-08,0.02145300007
2017-11-09,-0.01368249638
2017-11-10,-0.000464726669
2017-11-13,0.02930031666
2017-11-14,-0.007395927231
2017-11-15,-0.005927547408
2017-11-16,0.007592353008
2017-11-17,0.009184715548
2017-11-20,-0.003753316012
2017-11-21,0.003004535582
2017-11-22,0.02166234799
2017-11-24,0.01138359692
2017-11-27,-0.01123737604
2017-11-28,0.01191610558
2017-11-29,-0.02757709865
2017-11-30,-0.002708949751
2017-12-01,-0.01289564423
2017-12-04,-0.01430306084
2017-12-05,0.002010572142
2017-12-06,0.004472977238
2017-12-07,0.003839757007
2017-12-08,-0.01529254294
2017-12-11,0.01452730504
2017-12-12,-0.00492185
2017-12-13,0.0006167985269
2017-12-14,-0.003087804093
2017-12-15,0.000927342766
2017-12-18,0.009528695443
2017-12-19,-0.01355146752
2017-12-20,0.001549880291
2017-12-21,-0.003257527666
2017-12-22,0.005266855565
2017-12-26,-0.006664248945
2017-12-27,0.003725281156
2017-12-28,-0.002481330676
2017-12-29,-0.00560805022
2018-01-02,0.01826435802
2018-01-03,0.01128509446
2018-01-04,0.001364556617
2018-01-05,0.006640729776
2018-01-08,-0.003012876239
2018-01-09,-0.01520589759
2018-01-10,-0.0001532901824
2018-01-11,0.002602742768
2018-01-12,-0.0007648096188
2018-01-16,0.04296153107
2018-01-17,-0.003377166246
2018-01-18,0.0004411472842
2018-01-19,-0.0001470274723
2018-01-22,0.009217127246
2018-01-23,-0.00481750931
2018-01-24,-0.005280397418
2018-01-25,-0.008271837736
2018-01-26,0.01632983706
2018-01-29,-0.01781484157
2018-01-30,-0.004914353386
2018-01-31,0.01863502155
2018-02-01,-0.02147469777
2018-02-02,-0.01098945255
2018-02-05,-0.06794387454
2018-02-06,0.04234274012
2018-02-07,0.009889400596
2018-02-08,-0.04111549811
2018-02-09,0.02484032006
2018-02-12,0.02576304598
2018-02-13,0.0006092859167
2018-02-14,0.01345583507
2018-02-15,-0.01987001213
2018-02-16,-0.006607915458
2018-02-20,-0.01335023939
2018-02-21,-0.00926317949
2018-02-22,-0.01943119721
2018-02-23,0.01816800508
2018-02-26,0.05619305822
2018-02-27,-0.001053579465
2018-02-28,-0.02040733016
2018-03-01,-0.0006144252741
2018-03-02,-0.003391849437
2018-03-05,-0.01134090755
2018-03-06,-0.02965011982
2018-03-07,0.005617103613
2018-03-08,-0.01077843637
2018-03-09,0.01938244569
2018-03-12,-0.00349589382
2018-03-13,-0.05078162003
2018-03-14,0.007009874982
2018-03-15,-0.003833096779
2018-03-16,0.01211637179
2018-03-19,-0.03782411387
2018-03-20,-0.001885976615
2018-03-21,-0.02520267093
2018-03-22,-0.02188889199
2018-03-23,-0.03515577804
2018-03-26,0.04500105379
2018-03-27,-0.02324851993
2018-03-28,-0.002558165675
2018-03-29,0.0128982029
2018-04-02,-0.02930053648
2018-04-03,0.01786559048
2018-04-04,0.003824692537
2018-04-05,0.0009105272446
2018-04-06,-0.03550687845
2018-04-09,0.005818489369
2018-04-10,0.02476981327
2018-04-11,0.004373260549
2018-04-12,0.003447154226
2018-04-13,0.009554583023
2018-04-16,-0.0173749978
2018-04-17,0.01053466242
2018-04-18,-0.002170808424
2018-04-19,-0.04936055848
2018-04-20,-0.02173070778
2018-04-23,-0.01784838837
2018-04-24,-0.01174399154
2018-04-25,-0.003813413742
2018-04-26,0.0143690481
2018-04-27,0.01260196745
2018-04-30,-0.001959682658
2018-05-01,-0.003730838749
2018-05-02,-0.01107938558
2018-05-03,0.000993708649
2018-05-04,0.0424192277
2018-05-07,0.009855955523
2018-05-08,-0.002831890978
2018-05-09,0.005847026147
2018-05-10,0.03329302909
2018-05-11,0.004718895216
2018-05-14,0.02697263545
2018-05-15,-0.01957582281
2018-05-16,0.01887192071
2018-05-17,0.00439890126
2018-05-18,0.00978422453
2018-05-21,0.003471601702
2018-05-22,-0.005560794562
2018-05-23,0.02461182721
2018-05-24,0.004410709361
2018-05-25,0.01478678365
2018-05-29,-0.01888345212
2018-05-30,0.002744184539
2018-05-31,-0.004636244885
2018-06-01,0.008397244671
2018-06-04,0.001704880449
2018-06-05,0.004587670987
2018-06-06,0.01447507568
2018-06-07,0.01328151685
2018-06-08,-0.00628673082
2018-06-11,-0.005490755188
2018-06-12,-0.00233898575
2018-06-13,-0.00957886421
2018-06-14,0.004044829443
2018-06-15,0.006703186527
2018-06-18,-0.01108582475
2018-06-19,-0.00848252129
2018-06-20,0.001531129962
2018-06-21,-0.0006785882702
2018-06-22,-0.004265800162
2018-06-25,-0.02509758409
2018-06-26,-0.01057366589
2018-06-27,-0.0229356808
2018-06-28,0.01314504452
2018-06-29,0.003928202079
2018-07-02,0.001068655181
2018-07-03,-0.01524573096
2018-07-05,0.0363803171
2018-07-06,0.0079854306
2018-07-09,0.003452135279
2018-07-10,0.005669046229
2018-07-11,-0.01850191539
2018-07-12,0.01764382064
2018-07-13,0.001200706269
2018-07-16,-0.0006853404686
2018-07-17,0.009550203448
2018-07-18,-0.002548675423
2018-07-19,0.009316314693
2018-07-20,-0.01187150246
2018-07-23,0.007986746573
2018-07-24,-0.003901991218
2018-07-25,0.009640878973
2018-07-26,0.06766770023
2018-07-27,-0.01409720969
2018-07-30,-0.01042248961
2018-07-31,0.03250879241
2018-08-01,0.004048925039
2018-08-02,0.0065042425
2018-08-03,0.009679599255
2018-08-06,0.00503454115
2018-08-07,-0.004423055709
2018-08-08,-0.004286387953
2018-08-09,-0.00122860324
2018-08-10,-0.00400341741
2018-08-13,0.0003085248467
2018-08-14,0.009057985165
2018-08-15,0.003812979779
2018-08-16,0.001217387883
2018-08-17,0.004552050555
2018-08-20,0.001512757098
2018-08-21,0.005877061306
2018-08-22,0.004349440823
2018-08-23,0.0002973666553
2018-08-24,0.00432932028
2018-08-27,0.002824814242
2018-08-28,0.03559419455
2018-08-29,-0.00834726587
2018-08-30,-0.01543594605
2018-08-31,0.008330131067
2018-09-04,0.02737831539
2018-09-05,0.01292091509
2018-09-06,-0.007505374974
2018-09-07,0.0002851270001
2018-09-10,0.02719049619
2018-09-11,0.002624657997
2018-09-12,-0.01053683022
2018-09-13,0.03908622777
2018-09-14,0.006412376843
2018-09-17,-0.024944829
2018-09-18,0.02000637098
2018-09-19,-0.008872992821
2018-09-20,0.007265418145
2018-09-21,-0.0121374227
2018-09-24,-0.00162984148
2018-09-25,-0.01148220908
2018-09-26,-0.01356413421
2018-09-27,-0.0006967111617
2018-09-28,0.00445159946
2018-10-01,0.007883219118
2018-10-02,0.01027651407
2018-10-03,-0.009725602917
2018-10-04,-0.003585519565
2018-10-05,-0.01629756537
2018-10-08,-0.003938777879
2018-10-09,-0.01134311751
2018-10-10,-0.04969604603
2018-10-11,-0.03725164953
2018-10-12,0
2018-10-15,-0.001866728297
2018-10-16,0.02993383187
2018-10-17,-0.0003016607921
2018-10-18,-0.01447579241
2018-10-19,0.003218256069
2018-10-22,0.01155919714
2018-10-23,0.003926155241
2018-10-24,-0.05831210552
2018-10-25,0.009220271683
2018-10-26,-0.01145791141
2018-10-29,-0.004975319074
2018-10-30,0.01611570571
2018-10-31,-0.004600973258
2018-11-01,0.01295573391
2018-11-02,-0.005982499223
2018-11-05,0.002207639787
2018-11-06,0.002518155577
2018-11-07,-0.006622769329
2018-11-08,-0.08515699608
2018-11-09,-0.02317933349
2018-11-12,-0.04010868505
2018-11-13,-0.006075099883
2018-11-14,-0.004069916289
2018-11-15,0.02652650647
2018-11-16,0.008808492068
2018-11-19,-0.0176952637
2018-11-20,0.0003654052108
2018-11-21,0.006352170562
2018-11-23,-0.0003608900821
2018-11-26,0.008649619422
2018-11-27,-0.002875631025
2018-11-28,0.01924978495
2018-11-29,0.02544503687
2018-11-30,0.002576882021
2018-12-03,0.01499239323
2018-12-04,-0.02413020022
2018-12-06,0
2018-12-07,-0.01980540775
2018-12-10,0.02207983594
2018-12-11,0.001919031751
2018-12-12,0.006431441618
2018-12-13,0.006390342364
2018-12-14,-0.008123761377
2018-12-17,-0.01081858635
2018-12-18,0.01359144912
2018-12-19,-0.01904495191
2018-12-20,-0.005660516941
2018-12-21,-0.02733608103
2018-12-24,-0.02211991436
2018-12-26,0.04215443378
2018-12-27,0.002321115778
2018-12-28,0.01275436436
2018-12-31,0.001758114806
2019-01-02,0.008574764505
2019-01-03,-0.03006465682
2019-01-04,0.01602985708
2019-01-07,-0.002832884187
2019-01-08,-0.008719115471
2019-01-09,0.0117283903
2019-01-10,0.003349759962
2019-01-11,0.01224870679
2019-01-14,-0.003485247825
2019-01-15,-0.02778184094
2019-01-16,-0.008288585687
2019-01-17,-0.009086797553
2019-01-18,0.009086797553
2019-01-22,-0.01788903044
2019-01-23,-0.04752861265
2019-01-24,-0.01871931592
2019-01-25,0.009599282023
2019-01-28,-0.01295027463
2019-01-29,-0.02479167679
2019-01-30,0.01546717154
2019-01-31,-0.0130398383
2019-02-01,0.001815428726
2019-02-04,0.00161122123
2019-02-05,0.0207130077
2019-02-06,0.00726767303
2019-02-07,-0.0108214586
2019-02-08,-0.005155911181
2019-02-11,0.01068068222
2019-02-12,0.01619558885
2019-02-13,-0.0013561757
2019-02-14,-0.0003871503451
2019-02-15,0.007918348974
2019-02-19,0.0005784038068
2019-02-20,0.008422872259
2019-02-21,-0.001907755683
2019-02-22,0.01460189662
2019-02-25,-0.002451051086
2019-02-26,0.0007556821185
2019-02-27,0.0001882643282
2019-02-28,0.006576033807
2019-03-01,0.01505886185
2019-03-04,-0.007780649223
2019-03-05,0.00297056237
2019-03-06,0.02737872143
2019-03-07,-0.01415013322
2019-03-08,-0.009297805785
2019-03-11,0.01520291359
2019-03-12,0.008976034668
2019-03-13,0.009978776943
2019-03-14,0.0001803186493
2019-03-15,0.02142865574
2019-03-18,0.004057098401
2019-03-19,0.002459779066
2019-03-20,0.003329960609
2019-03-21,0.01061572308
2019-03-22,-0.01658124351
2019-03-25,-0.00317354779
2019-03-26,0.02372782758
2019-03-27,-0.0189733642
2019-03-28,-0.006345022057
2019-03-29,0.008453199432
2019-04-01,0.01358353278
2019-04-02,0.004832478673
2019-04-03,-0.007083282489
2019-04-04,0.003114359952
2019-04-05,0.002245863343
2019-04-08,-0.003975780744
2019-04-09,-0.005555518232
2019-04-10,-0.01951263066
2019-04-11,-0.007662726598
2019-04-12,0.01860944234
2019-04-15,0.004030129276
2019-04-16,0.2086998074
2019-04-17,0.1155556979
2019-04-18,0.01019119388
2019-04-22,0.02570309795
2019-04-23,0.05632988412
2019-04-24,0.001267591424
2019-04-25,-0.02047684072
2019-04-26,0.01828735254
2019-04-29,0.007014904433
2019-04-30,-0.01291896335
2019-05-01,0.0027822374
2019-05-02,0.008875240302
2019-05-03,0.02437437046
2019-05-06,-0.0117160165
2019-05-07,-0.03517245967
2019-05-08,-0.007776295963
2019-05-09,-0.0090302073
2019-05-10,0.02429009231
2019-05-13,-0.02297804934
2019-05-14,0.0263510883
2019-05-15,0.001507891191
2019-05-16,-0.04081768656
2019-05-17,-0.0159452428
2019-05-20,-0.06174462428
2019-05-21,0.01464088228
2019-05-22,-0.1149095352
2019-05-23,-0.01541170505
2019-05-24,-0.03034716615
2019-05-28,-0.01276817681
2019-05-29,0.005948879099
2019-05-30,0.01254293204
2019-05-31,0.00344770759
2019-06-03,-0.002396448347
2019-06-04,0.02649857606
2019-06-05,-0.01201361551
2019-06-06,0.008468595578
2019-06-07,0.01614364983
2019-06-10,0.02657678054
2019-06-11,0.00987381608
2019-06-12,-0.02343283275
2019-06-13,0.004873266948
2019-06-14,-0.01745539289
2019-06-17,0.005659731096
2019-06-18,0.04041092264
2019-06-19,-0.002226241376
2019-06-20,0.01300673066
2019-06-21,-0.0002738125827
2019-06-24,0.006032396688
2019-06-25,-0.008373392997
2019-06-26,0.03254495592
2019-06-27,0.006384730984
2019-06-28,0.008448504338
2019-07-01,0.01888173081
2019-07-02,-0.006600643764
2019-07-03,-0.004946939886
2019-07-05,0.0003920456299
2019-07-08,-0.0003920456299
2019-07-09,-0.001044667713
2019-07-10,-0.02902588535
2019-07-11,-0.008779511577
2019-07-12,0.01601584561
2019-07-15,0.00705156753
2019-07-16,0.003175586237
2019-07-17,0.001189027472
2019-07-18,-0.01851782671
2019-07-19,0.008436445344
2019-07-22,0.01258708965
2019-07-23,-0.02438984416
2019-07-24,0.02333581948
2019-07-25,-0.006877592268
2019-07-26,-0.001726422751
2019-07-29,-0.003329774402
2019-07-30,-0.002136763036
2019-07-31,-0.02230203876
2019-08-01,-0.02715565854
2019-08-02,-0.0007036255215
2019-08-05,-0.0335868143
2019-08-06,-0.00919849703
2019-08-07,0.01788197005
2019-08-08,0.02644901082
2019-08-09,0.003361103545
2019-08-12,-0.02406217909
2019-08-13,0.03352822042
2019-08-14,-0.01817432117
2019-08-15,0.003942271477
2019-08-16,0.02935683768
2019-08-19,0.02146514823
2019-08-20,0.01590133167
2019-08-21,0.008247144987
2019-08-22,0.005850106412
2019-08-23,-0.04819352218
2019-08-26,-0.008332221387
2019-08-27,0.0144345901
2019-08-28,0.005122789452
2019-08-29,0.02785437687
2019-08-30,0.01711888574
2019-09-03,-0.03466926534
2019-09-04,0.02588663281
2019-09-05,0.02434765803
2019-09-06,-0.001900855957
2019-09-09,-0.008022384331
2019-09-10,0.006372447269
2019-09-11,0.02291353762
2019-09-12,-0.01031579859
2019-09-13,-0.008508554267
2019-09-16,-0.004730148026
2019-09-17,0.008294704814
2019-09-18,0.002664733494
2019-09-19,-0.008528052649
2019-09-20,-0.02314689649
2019-09-23,0.01041139601
2019-09-24,-0.02636745932
2019-09-25,0.02662624694
2019-09-26,0.001164471945
2019-09-27,-0.009352440315
2019-09-30,-0.004576646033
2019-10-01,-0.01067632105
2019-10-02,-0.01980451717
2019-10-03,0.02324373127
2019-10-04,0.02297523841
2019-10-07,-0.01495220577
2019-10-08,-0.04679541692
2019-10-09,0.0203818493
2019-10-10,0.008303896878
2019-10-11,0.02281382185
2019-10-14,-0.005228032939
2019-10-15,0.01972457119
2019-10-16,0.005254712216
2019-10-17,0.009415214995
2019-10-18,-0.01646979102
2019-10-21,0.01659709865
2019-10-22,-0.00647917555
2019-10-23,-0.01579884757
2019-10-24,0.02240383451
2019-10-25,0.01482903725
2019-10-28,0.03529248852
2019-10-29,-0.01687762447
2019-10-30,-0.002697996777
2019-10-31,-0.01235541191
2019-11-01,0.03829320613
2019-11-04,0.01790512459
2019-11-05,0.004339085593
2019-11-06,-0.009760198451
2019-11-07,0.06129819614
2019-11-08,0.04402709304
2019-11-11,-0.02356643562
2019-11-12,-0.009517224391
2019-11-13,-0.005511665161
2019-11-14,0.0001098338086
2019-11-15,0.003640938026
2019-11-18,-0.003640938026
2019-11-19,-0.0282462272
2019-11-20,-0.02696371204
2019-11-21,-0.005973829953
2019-11-22,-0.002588490783
2019-11-25,0.004701623725
2019-11-26,-0.007769161564
2019-11-27,0.00200655025
2019-11-29,-0.0148501079
2019-12-02,-0.01325309997
2019-12-03,-0.02294094703
2019-12-04,0.02616720152
2019-12-05,0.006193924527
2019-12-06,0.01478354294
2019-12-09,0.01303794773
2019-12-10,-0.009583860805
2019-12-11,0.03366677553
2019-12-12,0.02340581454
2019-12-13,-0.01379562002
2019-12-16,0.00680812915
2019-12-17,-0.001244429436
2019-12-18,-0.003857317127
2019-12-19,0.005779754923
2019-12-20,0.004061036172
2019-12-23,-0.004512116281
2019-12-24,0.003610797551
2019-12-26,-0.004176246288
2019-12-27,0.004514662621
2019-12-30,-0.004176142135
2019-12-31,-0.002264230217
2020-01-02,0.005199824182
2020-01-03,-0.01900857762
2020-01-06,-0.005877674469
2020-01-07,0.02803885546
2020-01-08,-0.002926340242
2020-01-09,0.01343649859
2020-01-10,0.003885210393
2020-01-13,0.007835104299
2020-01-14,-0.004516896165
2020-01-15,-0.009876572637
2020-01-16,0.02336777489
2020-01-17,0.04390623495
2020-01-21,-0.01438668646
2020-01-22,-0.01674684727
2020-01-23,-0.01048774483
2020-01-24,-0.02587527784
2020-01-27,-0.02943041789
2020-01-28,0.02383758392
2020-01-29,-0.01037405128
2020-01-30,-0.005113340797
2020-01-31,-0.02854136757
2020-02-03,0.01362090432
2020-02-04,0.02793628138
2020-02-05,0.02202090497
2020-02-06,-0.00330541207
2020-02-07,-0.03584062739
2020-02-10,0.01340824597
2020-02-11,0.01567775162
2020-02-12,0.01893020922
2020-02-13,-0.01859770585
2020-02-14,-0.004786836453
2020-02-18,-0.01767837593
2020-02-19,0.02833537303
2020-02-20,-0.01210945652
2020-02-21,-0.02765065884
2020-02-24,-0.04356384949
2020-02-25,-0.03791561616
2020-02-26,-0.007004964897
2020-02-27,-0.04782473979
2020-02-28,0.03060365058
2020-03-02,0.02845571431
2020-03-03,-0.02513948171
2020-03-04,0.04833791337
2020-03-05,-0.03267975395
2020-03-06,-0.02170722192
2020-03-09,-0.06437511298
2020-03-10,0.08253909549
2020-03-11,-0.05564692617
2020-03-12,-0.1074169253
2020-03-13,0.1232394349
2020-03-16,-0.1618753386
2020-03-17,0.06572023788
2020-03-18,-0.1180925034
2020-03-19,0.06040430874
2020-03-20,-0.06498919835
2020-03-23,0.02624807922
2020-03-24,0.04579354732
2020-03-25,-0.03703573163
2020-03-26,0.08941326175
2020-03-27,-0.03526259429
2020-03-30,0.03598646211
2020-03-31,-0.02019338412
2020-04-01,-0.0262088163
2020-04-02,0.03166360818
2020-04-03,-0.04188368492
2020-04-06,0.08405630898
2020-04-07,0.02477901939
2020-04-08,0.008215595235
2020-04-09,-0.02415401783
2020-04-13,0.0237442876
2020-04-14,0.05636298128
2020-04-15,-0.02032080766
2020-04-16,0.01125341892
2020-04-17,-0.008887409667
2020-04-20,-0.02472245539
2020-04-21,-0.03380435417
2020-04-22,0.03877147562
2020-04-23,-0.01171796063
2020-04-24,0.02976439914
2020-04-27,-0.0007888913609
2020-04-28,-0.009122616668
2020-04-29,0.04772061789
2020-04-30,-0.00380675819
2020-05-01,-0.03927595716
2020-05-04,0.0005278534059
2020-05-05,0.02544037614
2020-05-06,0.01584717587
2020-05-07,-0.0005079580197
2020-05-08,0.02170965543
2020-05-11,-0.000993415666
2020-05-12,-0.0259304021
2020-05-13,-0.005369857452
2020-05-14,0.02369193757
2020-05-15,-0.05269896064
2020-05-18,0.05357470951
2020-05-19,-0.02341446748
2020-05-20,0.03200870772
2020-05-21,-0.03316192669
2020-05-22,0.00893429686
2020-05-26,-0.008677583207
2020-05-27,0.01614604538
2020-05-28,-0.01499312226
2020-05-29,0.03484786167
2020-06-01,-0.01432080633
2020-06-02,0.05964270329
2020-06-03,0.001547795448
2020-06-04,0.02268577521
2020-06-05,0.02875483572
2020-06-08,0.03135048211
2020-06-09,-0.01788856297
2020-06-10,0.0139408895
2020-06-11,-0.07991534244
2020-06-12,0.01441710784
2020-06-15,0.01340081421
2020-06-16,0.03559037192
2020-06-17,0.004680135187
2020-06-18,-0.000222246635
2020-06-19,-0.01242113874
2020-06-22,0.003596886067
2020-06-23,0.00246489633
2020-06-24,-0.002353422537
2020-06-25,-0.002021270189
2020-06-26,-0.01062212735
2020-06-29,0.01118428636
2020-06-30,0.02441598645
2020-07-01,-0.0158024795
2020-07-02,0.0230126471
2020-07-06,0.01136481218
2020-07-07,-0.008430285715
2020-07-08,0.01497353126
2020-07-09,-0.002998624006
2020-07-10,-0.007966905692
2020-07-13,-0.01283754233
2020-07-14,0.01143038686
2020-07-15,0.001839158779
2020-07-16,-0.01469489494
2020-07-17,0.01123115502
2020-07-20,0.01014093892
2020-07-21,-0.009274497141
2020-07-22,0.003137656647
2020-07-23,-0.03215332288
2020-07-24,-0.008737176962
2020-07-27,0.04196910964
2020-07-28,-0.01357633687
2020-07-29,0.01713058652
2020-07-30,0.1416810691
2020-07-31,-0.01485070859
2020-08-03,0.03699382545
2020-08-04,0.01233356011
2020-08-05,0.003957317151
2020-08-06,-0.002966518736
2020-08-07,-0.02562728583
2020-08-10,-0.01761427229
2020-08-11,0.02295752335
2020-08-12,0.06199146385
2020-08-13,-0.02076870968
2020-08-14,0.002905138624
2020-08-17,-0.01381029481
2020-08-18,-0.001337647011
2020-08-19,-0.00887589486
2020-08-20,-0.003428859741
2020-08-21,0.02092570329
2020-08-24,0.02542667997
2020-08-25,0.0003448051688
2020-08-26,0.0007758693227
2020-08-27,-0.0001722540131
2020-08-28,0.01861478222
2020-08-31,0.00758607964
2020-09-01,0.02413903613
2020-09-02,0.01488537084
2020-09-03,-0.05635595721
2020-09-04,-0.003959417772
2020-09-08,-0.05494426829
2020-09-09,0.03798694872
2020-09-10,-0.01395378477
2020-09-11,0.008677302272
2020-09-14,0.0003535007375
2020-09-15,0.02712681594
2020-09-16,-0.01747848927
2020-09-17,0.002788531996
2020-09-18,-0.0371541021
2020-09-21,0.0110504452
2020-09-22,0.01683470954
2020-09-23,-0.02896951298
2020-09-24,0.01454459828
2020-09-25,0.02038062138
2020-09-28,0.03408504917
2020-09-29,-0.009243238313
2020-09-30,0.002552712059
2020-10-01,0.01551459728
2020-10-02,-0.03447285282
2020-10-05,0.0428050867
2020-10-06,-0.008164964036
2020-10-07,0.02877757614
2020-10-08,-0.005624271167
2020-10-09,0.02046918916
2020-10-12,0.01446996213
2020-10-13,0.006059329702
2020-10-14,0.01880866766
2020-10-15,-0.01006004551
2020-10-16,0.003493449483
2020-10-19,-0.00473819726
2020-10-20,-0.0009354641119
2020-10-21,0.00194693967
2020-10-22,-0.001322904747
2020-10-23,0.003886792597
2020-10-26,-0.02101346356
2020-10-27,-0.002300766901
2020-10-28,-0.03499497824
2020-10-29,0.03919508948
2020-10-30,-0.02466056064
2020-11-02,0.00493207129
2020-11-03,0.01186761849
2020-11-04,0.02767285264
2020-11-05,0.1199774218
2020-11-06,-0.002754556517
2020-11-09,-0.01668860611
2020-11-10,-0.01768590724
2020-11-11,0.05268778587
2020-11-12,-0.02592785882
2020-11-13,0.002429153865
2020-11-16,0.032798612
2020-11-17,-0.002216251248
2020-11-18,-0.01142665915
2020-11-19,0.003258634497
2020-11-20,-0.01021937323
2020-11-23,-0.01524950813
2020-11-24,0.01456469652
2020-11-25,-0.0127582879
2020-11-27,-0.001736901375
2020-11-30,0.0229562013
2020-12-01,0.02741165835
2020-12-02,-0.004191262598
2020-12-03,-0.0004669497367
2020-12-04,0.05015189557
2020-12-07,0.002534323286
2020-12-08,0.004924102802
2020-12-09,-0.01766116468
2020-12-10,-0.001732046958
2020-12-11,-0.07649687471
2020-12-14,0.01383519444
2020-12-15,0.0140513183
2020-12-16,0.009258538398
2020-12-17,-0.001403751959
2020-12-18,-0.01421142468
2020-12-21,-0.004214343056
2020-12-22,-0.003138636912
2020-12-23,0.004228332848
2020-12-24,0.01237505504
2020-12-28,-0.007082118279
2020-12-29,0.005063986375
2020-12-30,0.009783930483
2020-12-31,0.01581343996
2021-01-04,-0.0255303384
2021-01-05,0.02612045322
2021-01-06,-0.008167769114
2021-01-07,0.02939395604
2021-01-08,0.006018887434
2021-01-11,-0.003389588553
2021-01-12,-0.01069001457
2021-01-13,0.01904697898
2021-01-14,0.02155434631
2021-01-15,-0.02365325016
2021-01-19,0.04164404091
2021-01-20,0.00505541491
2021-01-21,0.0009108094332
2021-01-22,-0.01424366233
2021-01-25,0.01211714843
2021-01-26,-0.01131658424
2021-01-27,-0.05617838064
2021-01-28,0.01216007914
2021-01-29,0.004681511463
2021-02-01,0.03335118058
2021-02-02,0.01961131913
2021-02-03,-0.01516475327
2021-02-04,-0.09243708057
2021-02-05,-0.01449959705
2021-02-08,0.01050435905
2021-02-09,-0.008654725834
2021-02-10,-0.004183793287
2021-02-11,0.0004127180965
2021-02-12,0.01648830661
2021-02-16,-0.005556389583
2021-02-17,-0.01651217429
2021-02-18,-0.005820624615
2021-02-19,0.007131793989
2021-02-22,-0.03854186114
2021-02-23,-0.01692110171
2021-02-24,0.02861229386
2021-02-25,-0.04027591974
2021-02-26,0.004858046233
2021-03-01,0.02394159358
2021-03-02,-0.01771940096
2021-03-03,-0.03529559749
2021-03-04,-0.02975639872
2021-03-05,0.01514245972
2021-03-08,-0.05180067272
2021-03-09,0.0468559353
2021-03-10,-0.009650846638
2021-03-11,0.02981642603
2021-03-12,-0.01344982302
2021-03-15,0.01269070913
2021-03-16,0.01515303957
2021-03-17,0.002018690607
2021-03-18,-0.03163345826
2021-03-19,0.009741113279
2021-03-22,0.02316088068
2021-03-23,-0.01177754928
2021-03-24,-0.04113058893
2021-03-25,0.0007866091051
2021-03-26,0.04388438287
2021-03-29,-0.01301806287
2021-03-30,-0.008875915148
2021-03-31,0.01888182669
2021-04-01,0.03846918043
2021-04-05,0.01826560676
2021-04-06,-0.01630832674
2021-04-07,0.009873880732
2021-04-08,0.006505841486
2021-04-09,0.001637487356
2021-04-12,-0.02251781397
2021-04-13,-0.001019471668
2021-04-14,-0.01874683769
2021-04-15,0.02267232164
2021-04-16,0.002680135823
2021-04-19,-0.02164911243
2021-04-20,-0.01377252499
2021-04-21,0.02069866229
2021-04-22,-0.02392756629
2021-04-23,0.01833148245
2021-04-26,0.02573160191
2021-04-27,-0.006860196584
2021-04-28,-0.01048939163
2021-04-29,0.04376760056
2021-04-30,-0.02757068669
2021-05-03,-0.009918918677
2021-05-04,-0.02438035922
2021-05-05,0.003943965358
2021-05-06,0.00997617406
2021-05-07,0.01351181919
2021-05-10,-0.06681948524
2021-05-11,-0.004430254909
2021-05-12,-0.02964782711
2021-05-13,0.01978432974
2021-05-14,0.02363397005
2021-05-17,-0.002692824505
2021-05-18,-0.006879662239
2021-05-19,0.0134840209
2021-05-20,0.01504008922
2021-05-21,-0.008936250359
2021-05-24,0.01096944865
2021-05-25,0.006300507268
2021-05-26,-0.004947052769
2021-05-27,0.004124382041
2021-05-28,0.006711445857
2021-06-01,-0.004469008513
2021-06-02,0.004192843093
2021-06-03,-0.01536130848
2021-06-04,0.01923987745
2021-06-07,-0.007621847142
2021-06-08,0.006579128104
2021-06-09,-0.009809558699
2021-06-10,0.009958942782
2021-06-11,0.002975516901
2021-06-14,0.01978526921
2021-06-15,-0.0126794496
2021-06-16,-0.004657728125
2021-06-17,0.002959446338
2021-06-18,-0.01751467318
2021-06-21,0.007192063126
2021-06-22,0.008326297186
2021-06-23,0.003251698871
2021-06-24,0.01755484543
2021-06-25,-0.00195988996
2021-06-28,0.01492669897
2021-06-29,0.02054271979
2021-06-30,0.002171453004
2021-07-01,-0.01501451112
2021-07-02,0.01256265356
2021-07-06,-0.009796593443
2021-07-07,-0.008678067664
2021-07-08,-0.01207569135
2021-07-09,0.0224523375
2021-07-12,0.00732630022
2021-07-13,-0.009095484075
2021-07-14,0.0180396423
2021-07-15,-0.01605823988
2021-07-16,-0.01244866875
2021-07-19,-0.006606895855
2021-07-20,0.005461420358
2021-07-21,0.01860066064
2021-07-22,0.001896851246
2021-07-23,0.0169851143
2021-07-26,-0.009570848519
2021-07-27,-0.01807135525
2021-07-28,0.01065708947
2021-07-29,0.05829270543
2021-07-30,-0.007912126569
2021-08-02,-0.00629517604
2021-08-03,-0.006131390865
2021-08-04,0.001822813961
2021-08-05,-0.009422056262
2021-08-06,-0.003752472931
2021-08-09,0.004365591398
2021-08-10,-0.007172707101
2021-08-11,0.005537652018
2021-08-12,0.003198939059
2021-08-13,0.01007479163
2021-08-16,-0.003436721313
2021-08-17,-0.02543387009
2021-08-18,-0.01556270985
2021-08-19,-0.01110354583
2021-08-20,0.01046998056
2021-08-23,0.014324548
2021-08-24,0.002217585806
2021-08-25,-0.004092044337
2021-08-26,-0.01041056131
2021-08-27,0.01719868039
2021-08-30,0.007497059646
2021-08-31,0.005125825624
2021-09-01,0.003009188026
2021-09-02,-0.009123236828
2021-09-03,-0.00338208236
2021-09-07,-0.006103539103
2021-09-08,-0.008592696003
2021-09-09,-0.006617732958
2021-09-10,0.007739623982
2021-09-13,0.005103348197
2021-09-14,-0.0159558305
2021-09-15,-0.02076072099
2021-09-16,0.001156605737
2021-09-17,-0.03529784479
2021-09-20,-0.006306760845
2021-09-21,-0.007637241264
2021-09-22,0.009518194779
2021-09-23,0.006743786452
2021-09-24,-0.0002239784324
2021-09-27,-0.002992296325
2021-09-28,-0.02718689661
2021-09-29,-0.004784103323
2021-09-30,-0.002323298556
2021-10-01,-0.002095680396
2021-10-04,-0.01589790035
2021-10-05,0.006688014221
2021-10-06,0.00414728766
2021-10-07,-0.001719987563
2021-10-08,-0.01014198676
2021-10-11,-0.01280356385
2021-10-12,-0.01605598288
2021-10-13,0.01685606676
2021-10-14,0.02853993066
2021-10-15,0.0118980678
2021-10-18,-0.0006149861522
2021-10-19,0.01812549144
2021-10-20,-0.00256872574
2021-10-21,0.006711601044
2021-10-22,-0.01080619825
2021-10-25,0.002352807893
2021-10-26,7.520528299e-05
2021-10-27,-0.005623859517
2021-10-28,0.01880101928
2021-10-29,-0.004874390479
2021-11-01,0.01321695539
2021-11-02,0.0031103993
2021-11-03,0.02374905823
2021-11-04,0.1198348302
2021-11-05,0.04337344047
2021-11-08,0.01714968331
2021-11-09,0.005351877966
2021-11-10,-0.04251319011
2021-11-11,0.02850153089
2021-11-12,0.003157449126
2021-11-15,0.02141325534
2021-11-16,0.07596707553
2021-11-17,0.009470616157
2021-11-18,0.01503300894
2021-11-19,-0.007109736199
2021-11-22,-0.01965116315
2021-11-23,-0.002538992352
2021-11-24,-0.001272534636
2021-11-26,-0.02788741112
2021-11-29,0.04451594294
2021-11-30,-0.01745864786
2021-12-01,-0.02391066456
2021-12-02,0.007939601533
2021-12-03,-0.0029411019
2021-12-06,-0.006023487273
2021-12-07,0.046058457
2021-12-08,-0.005950601158
2021-12-09,-0.002027787646
2021-12-10,0.008849148175
2021-12-13,-0.003050072023
2021-12-14,-0.007336504535
2021-12-15,0.03933065818
2021-12-16,-0.06060148097
2021-12-17,-0.007606755248
2021-12-20,-0.0007358918527
2021-12-21,0.01633737686
2021-12-22,0.009973710134
2021-12-23,0.0074700897
2021-12-27,0.01945477402
2021-12-28,-0.008137176758
2021-12-29,0.007438935778
2021-12-30,-0.01881123467
2021-12-31,0.0007655507418
2022-01-03,0.01809936621
2022-01-04,0.005462882258
2022-01-05,-0.00390675298
2022-01-06,-0.00295340318
2022-01-07,-0.03024553062
2022-01-10,-0.004054738591
2022-01-11,0.0313381176
2022-01-12,0.005486683916
2022-01-13,-0.01366424442
2022-01-14,0.02576729347
2022-01-18,-0.0535019515
2022-01-19,-0.03637971855
2022-01-20,-0.0352279889
2022-01-21,-0.009474309599
2022-01-24,0.0306890094
2022-01-25,-0.02754106073
2022-01-26,0.00932496778
2022-01-27,-0.03534839987
2022-01-28,0.03420982843
2022-01-31,0.05226398973
2022-02-01,0.007764466223
2022-02-02,0.0606214129
2022-02-03,-0.04956119289
2022-02-04,0.002063529031
2022-02-07,-0.02470785198
2022-02-08,0.01979261471
2022-02-09,0.02957145758
2022-02-10,-0.05520619925
2022-02-11,-0.05569639386
2022-02-14,0.002971900504
2022-02-15,0.04655853624
2022-02-16,-0.002315153585
2022-02-17,-0.03418104105
2022-02-18,0.005023268786
2022-02-22,-0.0104942723
2022-02-23,-0.02607651763
2022-02-24,0.03859672402
2022-02-25,0.01740927533
2022-02-28,0.006182279765
2022-03-01,-0.04946221457
2022-03-02,0.03756578435
2022-03-03,-0.02331256465
2022-03-04,-0.0188648276
2022-03-07,-0.07789787385
2022-03-08,0.004387266706
2022-03-09,0.04125709776
2022-03-10,-0.01539380883
2022-03-11,-0.01543771298
2022-03-14,-0.07530055415
2022-03-15,0.02045649585
2022-03-16,0.04235995951
2022-03-17,0.01569527498
2022-03-18,0.007561587185
2022-03-21,0.01033668512
2022-03-22,0.01289976846
2022-03-23,-0.03053609282
2022-03-24,0.0359146191
2022-03-25,-0.00309760636
2022-03-28,0.003034086842
2022-03-29,0.01639992753
2022-03-30,-0.05316742107
2022-03-31,0.0005893101911
2022-04-01,-0.03889585782
2022-04-04,0.04535329476
2022-04-05,-0.0558173948
2022-04-06,-0.04341414604
2022-04-07,-0.0004312969117
2022-04-08,-0.01833954639
2022-04-11,-0.009777808337
2022-04-12,0.005378446912
2022-04-13,0.03189114426
2022-04-14,-0.02588365534
2022-04-18,0.01744934989
2022-04-19,0.0123415011
2022-04-20,-0.005046950396
2022-04-21,-0.03060429644
2022-04-22,-0.02454375368
2022-04-25,0.02784399568
2022-04-26,-0.02266243466
2022-04-27,0.01191377571
2022-04-28,0.0924800805
2022-04-29,-0.05906988742
2022-05-02,0.03916906315
2022-05-03,-0.006977113636
2022-05-04,0.03266491701
2022-05-05,-0.05099346856
2022-05-06,-0.007512125685
2022-05-09,-0.04109435269
2022-05-10,0.01391112715
2022-05-11,-0.03352101083
2022-05-12,-0.004014209239
2022-05-13,0.02369787006
2022-05-16,-0.007588136374
2022-05-17,0.04225743964
2022-05-18,-0.06843561098
2022-05-19,0.0009195130195
2022-05-20,0.007857974919
2022-05-23,0.003943206568
2022-05-24,-0.02754820732
2022-05-25,0.02078971082
2022-05-26,0.02713663833
2022-05-27,0.03583784824
2022-05-31,0.02445547716
2022-06-01,-0.01734645089
2022-06-02,0.0431902668
2022-06-03,-0.03465627034
2022-06-06,-0.005538375453
2022-06-07,0.01027189686
2022-06-08,-0.02086653283
2022-06-09,-0.01632431921
2022-06-10,-0.02600945828
2022-06-13,-0.03467904708
2022-06-14,0.01235906713
2022-06-15,0.005894351086
2022-06-16,-0.08112439763
2022-06-17,0.00140596891
2022-06-21,0.02771383796
2022-06-22,-0.01809002525
2022-06-23,-0.01709028721
2022-06-24,0.04087187055
2022-06-27,0.01649017079
2022-06-28,0.034163041
2022-06-29,-0.01046430342
2022-06-30,-0.01930584287
2022-07-01,-0.03351290435
2022-07-05,0.01844833875
2022-07-06,0.009727387438
2022-07-07,0.05616094267
2022-07-08,0.01190795908
2022-07-11,-0.0281100228
2022-07-12,0.005354601846
2022-07-13,0.02003122068
2022-07-14,0.04511816882
2022-07-15,0.01725730047
2022-07-18,-0.01873780281
2022-07-19,0.03930439454
2022-07-20,0.02902469507
2022-07-21,0.0269875847
2022-07-22,-0.01395558952
2022-07-25,-0.002932090909
2022-07-26,-0.02163574019
2022-07-27,0.02274434997
2022-07-28,-0.04649501818
2022-07-29,-0.009537009233
2022-08-01,0.01620637375
2022-08-02,-0.002717185844
2022-08-03,0.01438274021
2022-08-04,0.01232697853
2022-08-05,-0.005311690986
2022-08-08,-0.01610722928
2022-08-09,-0.03651484694
2022-08-10,0.03095237249
2022-08-11,0.005697940308
2022-08-12,0.02313600978
2022-08-15,0.005536439674
2022-08-16,-0.01389973308
2022-08-17,-0.01004886174
2022-08-18,0.0190068653
2022-08-19,-0.02528745001
2022-08-22,-0.04142898733
2022-08-23,-0.006304645145
2022-08-24,0.004183633155
2022-08-25,0.0343615251
2022-08-26,-0.05531381982
2022-08-29,-0.009439232383
2022-08-30,-0.0196697039
2022-08-31,-0.01045366183
2022-09-01,-0.01792672284
2022-09-02,-0.01114531159
2022-09-06,-0.014187871
2022-09-07,0.01512076803
2022-09-08,0.00194215996
2022-09-09,0.02453213377
2022-09-12,0.007168613762
2022-09-13,-0.06259596308
2022-09-14,0.02059841126
2022-09-15,-0.02019826013
2022-09-16,-0.0002398963379
2022-09-19,0.01351395424
2022-09-20,-0.01495541898
2022-09-21,-0.001202956206
2022-09-22,-0.007572008249
2022-09-23,-0.02033784833
2022-09-26,-0.01203705076
2022-09-27,0.004998433588
2022-09-28,-0.01178582834
2022-09-29,-0.03499528692
2022-09-30,-0.01632894773
2022-10-03,0.03684177664
2022-10-04,0.04299657535
2022-10-05,0.0203846403
2022-10-06,0.003117411821
2022-10-07,-0.03550467874
2022-10-10,-0.05359829289
2022-10-11,-0.04069466666
2022-10-12,-0.01271401374
2022-10-13,0.03810833594
2022-10-14,-0.0261224696
2022-10-17,0.01480637863
2022-10-18,-0.003410996566
2022-10-19,0.01463886449
2022-10-20,-0.00773955034
2022-10-21,0.03302621179
2022-10-24,0.005514875823
2022-10-25,0.02369019559
2022-10-26,-0.008934435847
2022-10-27,-0.02929649467
2022-10-28,0.03856598426
2022-10-31,-0.01308683896
2022-11-01,-0.00280942613
2022-11-02,-0.04203685742
2022-11-03,-0.07971639164
2022-11-04,0.0266910856
2022-11-07,0.03137031179
2022-11-08,0.02201088171
2022-11-09,-0.01892680857
2022-11-10,0.0887602124
2022-11-11,0.006195658288
2022-11-14,-0.005201588642
2022-11-15,0.04230435727
2022-11-16,-0.04288418665
2022-11-17,0.01748897194
2022-11-18,0.008025268249
2022-11-21,-0.02991376011
2022-11-22,0.02829756956
2022-11-23,0.01205823602
2022-11-25,-0.01367704287
2022-11-28,-0.03218538607
2022-11-29,-0.009751060225
2022-11-30,0.0726197686
2022-12-01,0.002526308459
2022-12-02,-0.009110201116
2022-12-05,-0.01895895278
2022-12-06,-0.02896424898
2022-12-07,-0.01319398837
2022-12-08,0.02950766373
2022-12-09,-0.02242626066
2022-12-12,0.01798106311
2022-12-13,0.01863497648
2022-12-14,-0.01451844221
2022-12-15,-0.04254940031
2022-12-16,-0.01825545164
2022-12-19,-0.01690590986
2022-12-20,-0.004539152962
2022-12-21,0.02196891321
2022-12-22,-0.03471774923
2022-12-23,0.001444861424
2022-12-27,-0.01252813911
2022-12-28,-0.0230114617
2022-12-29,0.02647675551
2022-12-30,0.0009101873339
2023-01-03,-0.02523867504
2023-01-04,0.0395975195
2023-01-05,-0.01928273353
2023-01-06,0.05287357259
2023-01-09,-0.006349581899
2023-01-10,0.01986965876
2023-01-11,0.01257965401
2023-01-12,0.02667049451
2023-01-13,-0.01116547443
2023-01-17,0.0003326809322
2023-01-18,0.01452678821
2023-01-19,-0.03723028176
2023-01-20,0.04425210302
2023-01-23,0.06405557605
2023-01-24,-0.00252136962
2023-01-25,0.003589475567
2023-01-26,0.02104645044
2023-01-27,-0.004188346434
2023-01-30,-0.0133574499
2023-01-31,0.01193185502
2023-02-01,0.0386545603
2023-02-02,-0.01903007528
2023-02-03,-0.006128874454
2023-02-06,-0.01560019855
2023-02-07,0.02745385764
2023-02-08,-0.03318709403
2023-02-09,-0.01248596204
2023-02-10,-0.0118681211
2023-02-13,0.0142398929
2023-02-14,0.01139984916
2023-02-15,0.005500425129
2023-02-16,-0.02211041575
2023-02-17,-0.01892459968
2023-02-21,-0.03198072415
2023-02-22,0.002018515001
2023-02-23,0.017989905
2023-02-24,-0.01484777088
2023-02-27,-0.007427220206
2023-02-28,0.0008910514203
2023-03-01,0.007303562125
2023-03-02,0.000807835965
2023-03-03,-0.001454574938
2023-03-06,-0.009674812611
2023-03-07,-0.02665734394
2023-03-08,0.0167230879
2023-03-09,-0.03338946234
2023-03-10,-0.01746935804
2023-03-13,-0.006619402392
2023-03-14,0.01835696786
2023-03-15,-0.00913683006
2023-03-16,0.0425491663
2023-03-17,0.001823958135
2023-03-20,0.008987729299
2023-03-21,0.01612323657
2023-03-22,-0.01489279778
2023-03-23,0.01771594351
2023-03-24,0.004901270465
2023-03-27,-0.009341352883
2023-03-28,-0.01845426517
2023-03-29,0.0304372733
2023-03-30,0.01829788805
2023-03-31,0.001412066878
2023-04-03,-0.02251185624
2023-04-04,-0.01975496657
2023-04-05,0.006032302641
2023-04-06,-0.0003249993002
2023-04-10,0.01043314761
2023-04-11,-0.005809663424
2023-04-12,-0.02706840751
2023-04-13,0.007125400952
2023-04-14,-0.008040452261
2023-04-17,-0.006512183016
2023-04-18,-0.00858141057
2023-04-19,0.001519834771
2023-04-20,0.0008428496104
2023-04-21,-0.007444324477
2023-04-24,-0.003488409299
2023-04-25,-0.02852379635
2023-04-26,0.0009640499174
2023-04-27,-0.002104494928
2023-04-28,0.0249662641
2023-05-01,-0.008253024196
2023-05-02,0.002328404735
2023-05-03,-0.02865565075
2023-05-04,-0.05698699936
2023-05-05,0.02043215957
2023-05-08,-0.004330484972
2023-05-09,-0.02373064578
2023-05-10,0.006502945464
2023-05-11,-0.02280133439
2023-05-12,-0.004237404711
2023-05-15,0.02534630285
2023-05-16,-0.0237072785
2023-05-17,0.009779160187
2023-05-18,0.02030600702
2023-05-19,-0.01033774121
2023-05-22,-0.005493492932
2023-05-23,-0.01647293788
2023-05-24,-0.005227674684
2023-05-25,0.009659732421
2023-05-26,0.05907423656
2023-05-30,0.04993324961
2023-05-31,-0.01565995394
2023-06-01,0.02111408473
2023-06-02,-0.001814740321
2023-06-05,-0.02531369082
2023-06-06,0.03169381129
2023-06-07,-0.01019279114
2023-06-08,0.01010609622
2023-06-09,0.02344523222
2023-06-12,0.02512025438
2023-06-13,0.01857493022
2023-06-14,-0.008312091574
2023-06-15,0.001700424299
2023-06-16,-0.007551875268
2023-06-20,-0.02358862739
2023-06-21,-0.03447209773
2023-06-22,0.005513562561
2023-06-23,-0.0258464973
2023-06-26,0.02782116437
2023-06-27,0.0267330644
2023-06-28,-0.01896171571
2023-06-29,0.004414583836
2023-06-30,0.008266425038
2023-07-03,0.008782343244
2023-07-05,-0.02495706425
2023-07-06,-0.0164415812
2023-07-07,0.006230058032
2023-07-10,0.01012631444
2023-07-11,-0.002137172372
2023-07-12,0.01536894445
2023-07-13,0.03672829752
2023-07-14,-0.00455843535
2023-07-17,0.006829884381
2023-07-18,-0.00438559351
2023-07-19,0.0126174755
2023-07-20,-0.03018939598
2023-07-21,0.03259805176
2023-07-24,-0.004983953532
2023-07-25,0.007785880883
2023-07-26,-0.008430310289
2023-07-27,0.01464789372
2023-07-28,0.02843536924
2023-07-31,0.02056258911
2023-08-01,-0.0006814404403
2023-08-02,-0.02150442129
2023-08-03,-0.08530372132
2023-08-04,0.02331497009
2023-08-07,-0.01793760477
2023-08-08,-0.01417727428
2023-08-09,-0.009307856494
2023-08-10,-0.008268730801
2023-08-11,-0.008687798809
2023-08-14,-0.005161231525
2023-08-15,-0.02073580347
2023-08-16,-0.01379513716
2023-08-17,-0.0006354070034
2023-08-18,0.0001813075791
2023-08-21,0.005254336456
2023-08-22,-0.01099215887
2023-08-23,0.01540947074
2023-08-24,-0.02421784489
2023-08-25,0.01654230433
2023-08-28,0.01225312881
2023-08-29,0.01862912132
2023-08-30,0.002563047293
2023-08-31,0.01106288247
2023-09-01,0.007480235982
2023-09-05,0.01000260103
2023-09-06,-0.01617462816
2023-09-07,-0.07494000403
2023-09-08,-0.002446616869
2023-09-11,0.03826357817
2023-09-12,0.008578193928
2023-09-13,0.0125965529
2023-09-14,0.01235202256
2023-09-15,-0.007923185266
2023-09-18,-0.003453035589
2023-09-19,-0.01816787416
2023-09-20,-0.01364045763
2023-09-21,-0.0116038644
2023-09-22,-0.002596255322
2023-09-25,0.02521745947
2023-09-26,-0.006450139473
2023-09-27,-0.00484236518
2023-09-28,0.01734170153
2023-09-29,-0.00036069361
2023-10-02,0.00036069361
2023-10-03,-0.008224601764
2023-10-04,-0.003090593784
2023-10-05,-0.0004550488916
2023-10-06,0.00978770073
2023-10-09,0.008263228487
2023-10-10,0.004551228584
2023-10-11,-0.01065257428
2023-10-12,0.002965456119
2023-10-13,-0.02535242456
2023-10-16,0.01688283848
2023-10-17,0.01517707792
2023-10-18,-0.01093283809
2023-10-19,0.002699191546
2023-10-20,-0.02410187232
2023-10-23,0.0002756024653
2023-10-24,0.006696009627
2023-10-25,-0.04305678923
2023-10-26,0.007984812308
2023-10-27,0.007921559807
2023-10-30,0.01278675214
2023-10-31,0.01070014603
2023-11-01,0.01728292695
2023-11-02,0.05670736664
2023-11-03,0.01823791573
2023-11-06,0.003423924781
2023-11-07,0.006565757082
2023-11-08,-0.00548237088
2023-11-09,0.0003336596011
2023-11-10,0.0336485071
2023-11-13,-0.002902148663
2023-11-14,0.02794591007
2023-11-15,0.01217442207
2023-11-16,-0.001707445006
2023-11-17,0.005964992241
2023-11-20,0.0003085897842
2023-11-21,-0.0194131008
2023-11-22,0.003771320696
2023-11-24,0.001958749999
2023-11-27,0.00351627669
2023-11-28,-0.01263792447
2023-11-29,0.01671322984
2023-11-30,0.008873504681
2023-12-01,0.004792485926
2023-12-04,0.002156685089
2023-12-05,0.006137839157
2023-12-06,-0.006060435078
2023-12-07,0.02267132693
2023-12-08,0.0002253797519
2023-12-11,0.02326601506
2023-12-12,0.004252785117
2023-12-13,0.0153917905
2023-12-14,0.01926534122
2023-12-15,0.01145351703
2023-12-18,-0.01039373498
2023-12-19,0.01109258295
2023-12-20,-0.01967181582
2023-12-21,0.01414090494
2023-12-22,0.007344157377
2023-12-26,0.01363568711
2023-12-27,0.00178620048
2023-12-28,0.0009601453302
2023-12-29,-0.008468201725
2024-01-02,-0.030895095
2024-01-03,-0.01893274717
2024-01-04,-0.01044661913
2024-01-05,0.004103473996
2024-01-08,0.01668175972
2024-01-09,0.006166630404
2024-01-10,-0.004154995112
2024-01-11,-0.002011635291
2024-01-12,0.00838042244
2024-01-16,0.006540094042
2024-01-17,-0.01283667757
2024-01-18,0.04195823352
2024-01-19,0.04488554708
2024-01-22,0.005970382661
2024-01-23,0.004112771615
2024-01-24,0.005652105072
2024-01-25,0.0006472940388
2024-01-26,-0.02457617499
2024-01-29,-0.007191561909
2024-01-30,-0.02476286169
2024-01-31,0.0171827362
2024-02-01,-0.0511123263
2024-02-02,0.004102101355
2024-02-05,0.01637965962
2024-02-06,0.0004858209827
2024-02-07,0.01234600713
2024-02-08,0.01557461862
2024-02-09,0.01885226281
2024-02-12,0.01381084295
2024-02-13,-0.02018912937
2024-02-14,0.02566132381
2024-02-15,0.01316471111
2024-02-16,-0.02131839216
2024-02-20,-0.004792191533
2024-02-21,0.0003288323277
2024-02-22,0.0178644659
2024-02-23,0.001034022295
2024-02-26,0.01359203691
2024-02-27,0.008054978829
2024-02-28,-0.01053136064
2024-02-29,0.01237111173
2024-03-01,0.03303736371
2024-03-04,0.02105343611
2024-03-05,-0.03115999162
2024-03-06,0.03911299114
2024-03-07,0.04558284527
2024-03-08,-0.02974552567
2024-03-11,0.003218855141
2024-03-12,0.01138902075
2024-03-13,-0.02237691103
2024-03-14,-0.004738088638
2024-03-15,-0.007448107427
2024-03-18,-0.001676159831
2024-03-19,-0.01703864447
2024-03-20,0.0215216537
2024-03-21,0.01878808609
2024-03-22,-0.004399384546
2024-03-25,-0.01528382282
2024-03-26,-0.002689550761
2024-03-27,0.01225479727
2024-03-28,0.001004218987
2024-04-01,0.0141934869
2024-04-02,-0.00396797987
2024-04-03,0.01664069927
2024-04-04,-0.02415245658
2024-04-05,0.01037237718
2024-04-08,0.01211100088
2024-04-09,0.0111689385
2024-04-10,-0.02719374718
2024-04-11,0.02468422099
2024-04-12,-0.02217048558
2024-04-15,-0.008501395828
2024-04-16,-0.007446291852
2024-04-17,-0.0255947996
2024-04-18,-0.01768183184
2024-04-19,-0.0238835024
2024-04-22,0.01604824814
2024-04-23,0.007277158249
2024-04-24,0.01403236288
2024-04-25,-0.002019150059
2024-04-26,0.01434874786
2024-04-29,0.02114369515
2024-04-30,-0.0199977548
2024-05-01,-0.01054655171
2024-05-02,0.09297509457
2024-05-03,-0.002557161177
2024-05-06,0.0122274526
2024-05-07,-0.009392478466
2024-05-08,0.002217979033
2024-05-09,-5.543332671e-05
2024-05-10,0.008493792029
2024-05-13,0.01163003128
2024-05-14,0.02551192043
2024-05-15,0.02940926365
2024-05-16,-0.006909078591
2024-05-17,0.003047855283
2024-05-20,0.01991813707
2024-05-21,0.01550422751
2024-05-22,0.01030231957
2024-05-23,-0.00578176084
2024-05-24,0.04174097888
2024-05-28,0.01284743496
2024-05-29,-0.02288016686
2024-05-30,-0.01266351989
2024-05-31,-0.00366917515
2024-06-03,0.009074191884
2024-06-04,-0.007507153414
2024-06-05,0.03618277334
2024-06-06,-0.01167739948
2024-06-07,-0.01355608638
2024-06-10,0.01312617625
2024-06-11,-0.003972624233
2024-06-12,0.03241552907
2024-06-13,0.01117265111
2024-06-14,-0.01145131949
2024-06-17,0.03149646876
2024-06-18,0.02167830155
2024-06-20,-0.05252450255
2024-06-21,-0.01373880058
2024-06-24,-0.05657477624
2024-06-25,0.006600684031
2024-06-26,-0.02423170727
2024-06-27,-0.011109063
2024-06-28,0.02044078714
2024-07-01,0.004258185268
2024-07-02,0.0006496685163
2024-07-03,0.01807138064
2024-07-05,0.009473474615
2024-07-08,0.01034747302
2024-07-09,-0.003710782022
2024-07-10,0.008078389557
2024-07-11,-0.04380956002
2024-07-12,0.01282692812
2024-07-15,0.02800901008
2024-07-16,0.006988475031
2024-07-17,-0.08998182795
2024-07-18,-0.0007307615309
2024-07-19,-0.0278042243
2024-07-22,0.04597091299
2024-07-23,-0.008344011412
2024-07-24,-0.06561834454
2024-07-25,-0.03187122986
2024-07-26,0.02622254622
2024-07-29,-0.007862063428
2024-07-30,-0.06773816947
2024-07-31,0.08058639442
2024-08-01,-0.09835414223
2024-08-02,-0.02901450097
2024-08-05,-0.008573921701
2024-08-06,0.00486314889
2024-08-07,-0.01651678642
2024-08-08,0.05501767749
2024-08-09,-0.002853657801
2024-08-12,-0.009713562506
2024-08-13,0.03960098972
2024-08-14,-0.01378482668
2024-08-15,0.0363636538
2024-08-16,-0.006714491573
2024-08-19,0.01200817468
2024-08-20,-0.01241470043
2024-08-21,0.01218467695
2024-08-22,-0.03041992705
2024-08-23,0.02627889699
2024-08-26,-0.0233838338
2024-08-27,0.02585892711
2024-08-28,-0.01203049041
2024-08-29,-0.01382843671
2024-08-30,0.03370503117
2024-09-03,-0.07127718723
2024-09-04,0.01272195662
2024-09-05,-0.004753700251
2024-09-06,-0.03423878345
2024-09-09,0.01617836731
2024-09-10,0.005644216632
2024-09-11,0.02973642603
2024-09-12,-0.009531368743
2024-09-13,0.01653129335
2024-09-16,-0.006699788852
2024-09-17,0.01246626535
2024-09-18,-0.002373798652
2024-09-19,0.0328469399
2024-09-20,-0.02916970272
2024-09-23,-0.01767851264
2024-09-24,0.005947221359
2024-09-25,0.007875419651
2024-09-26,0.02575464617
2024-09-27,-0.01476130105
2024-09-30,-0.0004706897533
2024-10-01,-0.02543082035
2024-10-02,0.01520525121
2024-10-03,0.003558785401
2024-10-04,-0.0001186489593
2024-10-07,-0.01167203984
2024-10-08,-0.003601070368
2024-10-09,0.02305795739
2024-10-10,-0.01003690112
2024-10-11,0.008626142119
2024-10-14,0.0463276247
2024-10-15,-0.02243617445
2024-10-16,-0.01510592248
2024-10-17,-0.002218133534
2024-10-18,-0.001052896707
2024-10-21,-0.01123742577
2024-10-22,0.02437356495
2024-10-23,-0.03873592507
2024-10-24,0.008963596181
2024-10-25,0.0128261345
2024-10-28,0.01138749674
2024-10-29,0.02171140242
2024-10-30,-0.04878482656
2024-10-31,-0.0293615131
2024-11-01,0.01524240382
2024-11-04,-0.0005445649459
2024-11-05,0.004409896042
2024-11-06,0.04178833543
2024-11-07,-0.0004629061111
2024-11-08,-0.01163368637
2024-11-11,-0.01544869737
2024-11-12,-0.02942619751
2024-11-13,-0.01846681985
2024-11-14,0.02188792221
2024-11-15,-0.02138963466
2024-11-18,0.02461634496
2024-11-19,0.001275860602
2024-11-20,-0.06548207002
2024-11-21,0.007684399991
2024-11-22,0.008518945922
2024-11-25,0.0128640661
2024-11-26,-0.01197171719
2024-11-27,-0.003382623407
2024-11-29,0.01352690568
2024-12-02,0.02798997652
2024-12-03,-0.002763940786
2024-12-04,0.004663682366
2024-12-05,-0.0130081127
2024-12-06,-0.005501851233
2024-12-09,0.007681870106
2024-12-10,-0.0269881349
2024-12-11,0.0213105602
2024-12-12,-0.009997582591
2024-12-13,0.001831087491
2024-12-16,-0.004045585898
2024-12-17,0.0001900439967
2024-12-18,-0.03132362181
2024-12-19,-0.01746641086
2024-12-20,0.01642037039
2024-12-23,0.03439411668
2024-12-24,0.007052837019
2024-12-26,-0.005221749528
2024-12-27,-0.008170998853
2024-12-30,-0.01706149496
2024-12-31,-0.006229567337
2025-01-02,0.0001304467872
2025-01-03,0.02690583208
2025-01-06,0.01271765615
2025-01-07,0.004182397787
2025-01-08,-0.009011399881
2025-01-10,-0.01328881297
2025-01-13,0.0009553628146
2025-01-14,0.01515840838
2025-01-15,0.03013148757
2025-01-16,-0.01829180747
2025-01-17,0.01920338399
2025-01-21,0.01633428386
2025-01-22,0.01759961646
2025-01-23,0.02391318596
2025-01-24,-0.01298857732
2025-01-27,-0.005417965696
2025-01-28,0.002158967564
2025-01-29,0.0009323129992
2025-01-30,0.001280588267
2025-01-31,0.005799184376
2025-02-03,-0.01567769615
2025-02-04,0.01631397817
2025-02-05,0.0161654722
2025-02-06,-0.03789821839
2025-02-07,-0.008064284243
2025-02-10,0.02004097904
2025-02-11,0.003669606809
2025-02-12,-0.009933583285
2025-02-13,0.01086351194
2025-02-14,0.0004643387899
2025-02-18,0.00815341425
2025-02-19,0.009058045888
2025-02-20,-0.008712460617
2025-02-21,-0.04878149618
2025-02-24,-0.02652287353
2025-02-25,0.0007448223595
2025-02-26,0.005443010028
2025-02-27,-0.04840746244
2025-02-28,0.01752221556
2025-03-03,-0.0228458719
2025-03-04,0.005453410564
2025-03-05,0.02575578902
2025-03-06,-0.01020100859
2025-03-07,0.03265694649
2025-03-10,-0.03947368606
2025-03-11,-0.01220482773
2025-03-12,-0.001960938529
2025-03-13,-0.005644258205
2025-03-14,0.03008111074
2025-03-17,0.00871153438
2025-03-18,-0.01056540774
2025-03-19,0.01252577448
2025-03-20,-0.001960366741
2025-03-21,-0.007179798348
2025-03-24,0.02057462304
2025-03-25,0.0004373352806
2025-03-26,-0.01105050975
2025-03-27,-0.002654805834
2025-03-28,-0.03379920408
2025-03-31,0.005810514016
2025-04-01,-0.003652158878
2025-04-02,0.00670736539
2025-04-03,-0.09998094289
2025-04-04,-0.08968871703
2025-04-07,0.01757630521
2025-04-08,-0.03978826181
2025-04-09,0.1413719948
2025-04-10,-0.06614210171
2025-04-11,0.03545070595
2025-04-14,-0.0004310138648
2025-04-15,-0.004248103278
2025-04-16,-0.02085028461
2025-04-17,0.00675418219
2025-04-21,-0.00381167739
2025-04-22,0.01891771615
2025-04-23,0.01232126526
2025-04-24,0.04693721077
2025-04-25,0.009128605712
2025-04-28,-0.006347190765
2025-04-29,-0.005025490426
2025-04-30,0.01069949311
2025-05-01,-0.09348652801
2025-05-02,0.03345518559
2025-05-05,-0.002649594051
2025-05-06,0.003292810302
2025-05-07,0.03096689363
2025-05-08,0.00552874837
2025-05-09,0.000551481917
2025-05-12,0.04669471212
2025-05-13,-0.005140535079
2025-05-14,0.01077813654
2025-05-15,-0.002421215399
2025-05-16,-0.0007210076546
2025-05-19,0.007838129845
2025-05-20,0.0007805116979
2025-05-21,-0.01645248158
2025-05-22,-0.02638450305
2025-05-23,-0.01359543739
2025-05-27,0.02210912039
2025-05-28,-0.006954169254
2025-05-29,0.005001038199
2025-05-30,-0.0213950099
2025-06-02,0.009800419323
2025-06-03,0.01563088724
2025-06-04,0.0007382353185
2025-06-05,-0.004057662624
2025-06-06,0.0113207712
2025-06-09,0.04051150704
2025-06-10,0.0236547434
2025-06-11,0.002196915729
2025-06-12,-0.004903125218
2025-06-13,-0.02539829253
2025-06-16,0.0138002575
2025-06-17,-0.01548242634
2025-06-18,-0.005388269038
2025-06-20,-0.01514983598
2025-06-23,0.01195584535
2025-06-24,0.01664259129
2025-06-25,0.001411935004
2025-06-26,0.01438920773
2025-06-27,0.002210604667
2025-06-30,0.004531023696
2025-07-01,0.0008782417946
2025-07-02,0.01815327786
2025-07-03,-0.0006782436534
2025-07-07,-0.02572721876
2025-07-08,0.008565793484
2025-07-09,-0.0006273162279
2025-07-10,-0.001632608157
2025-07-11,-0.01029853977
2025-07-14,-0.02033777291
2025-07-15,6.520635485e-05
2025-07-16,-0.001492160443
2025-07-17,-0.009521244838
2025-07-18,0.01424841795
2025-07-21,0.02658143388
2025-07-22,-0.006183923806
2025-07-23,0.0118920062
2025-07-24,-0.006526004361
2025-07-25,-0.002774023833
2025-07-28,0.01659107404
2025-07-29,0.006375302811
2025-07-30,-0.01880822148
2025-07-31,-0.08048288582
2025-08-01,0.009696624613
2025-08-04,-0.004599551349
2025-08-05,-0.005437803669
2025-08-06,-0.005948214532
2025-08-07,0.0004117234979
2025-08-08,0.01131317762
2025-08-11,0.002774932911
2025-08-12,0.03818781387
2025-08-13,0.01843309791
2025-08-14,0.00953366604
2025-08-15,-0.001518797602
2025-08-18,0.006629471745
2025-08-19,-0.01681745578
2025-08-20,-0.005197575104
2025-08-21,-0.008463306323
2025-08-22,0.02486165346
2025-08-25,-0.01011329576
2025-08-26,0.01742774977
2025-08-27,0.003762249115
2025-08-28,0.006426215209
2025-08-29,-0.0004355206073
2025-09-02,-0.01220627659
2025-09-03,-0.009492038891
2025-09-04,0.02100696816
2025-09-05,0.0008139764153
2025-09-08,0.002499121059
2025-09-09,-0.009909349627
2025-09-10,0.001826242662
2025-09-11,0.01597752662
2025-09-12,0.001979517853
2025-09-15,-0.003776787512
2025-09-16,0.01794963268
2025-09-17,0.006800567426
2025-09-18,0.01721778943
2025-09-19,-0.00764235549
2025-09-22,0.01705449823
2025-09-23,-0.001119973589
2025-09-24,0.02343588538
2025-09-25,-0.02255171814
2025-09-26,-0.002832815296
2025-09-29,-0.02331919817
2025-09-30,0.00639225653
2025-10-01,0.0007808381617
2025-10-02,0.01407576563
2025-10-03,0.001952079264
2025-10-06,-0.003315114839
2025-10-07,-0.01891857804
2025-10-08,0.01386466741
2025-10-09,-0.01265676913
2025-10-10,-0.07565031963
2025-10-13,0.05195050961
2025-10-14,-0.0002473808877
2025-10-15,0.0075759772
2025-10-16,0.006788253231
2025-10-17,-0.003847304592
2025-10-20,0.02172639421
2025-10-21,0.0106590825
2025-10-22,0.002602636471
2025-10-23,0.004479842668
2025-10-24,-0.006431486836
2025-10-27,0.1051947553
2025-10-28,-0.03607540155
2025-10-29,-0.01312248494
2025-10-30,-0.007922741768
2025-10-31,0.02032656233
2025-11-03,-0.000995362304
2025-11-04,-0.04458228069
2025-11-05,0.03903349235
2025-11-06,-0.03695313779
2025-11-07,-0.01342706643
2025-11-10,0.003971701371
2025-11-11,0.01394878995
2025-11-12,0.01534309758
2025-11-13,-0.01235865908
2025-11-14,-0.002984438503
2025-11-17,-0.04244461834
2025-11-18,-0.0101864922
2025-11-19,0.00634129731
2025-11-20,-0.04004223322
2025-11-21,0.02298086831
2025-11-24,0.01072006759
2025-11-25,-0.01072006759
2025-11-26,0.011204202
2025-11-28,0.01770644188
2025-12-01,-0.0002976253769
2025-12-02,0.0157053667
2025-12-03,0.02527854702
2025-12-04,0.0009756251856
2025-12-05,0.002634788567
2025-12-08,0.002856149403
2025-12-09,0.003928287587
2025-12-10,0.03467586587
2025-12-11,-0.005172631519
2025-12-12,-0.01657605914
2025-12-15,0.005426013403
2025-12-16,-0.01767190656
2025-12-17,-0.02169626189
2025-12-18,0.01067727079
2025-12-19,0.006066974857
2025-12-22,-0.005894403449
2025-12-23,0.003037274401
2025-12-24,0.0001144885227
2025-12-26,0.0002289377299
2025-12-29,-0.007925869553
2025-12-30,0.001267642402
2025-12-31,-0.01508543061
2026-01-02,0.01121954722
2026-01-05,0.01906820186
2026-01-06,0.0342324765
2026-01-07,-0.01246426378
2026-01-08,0.009280086617
2026-01-09,-0.02274510713
2026-01-12,-0.04905179096
2026-01-13,-0.02379399316
2026-01-14,-0.004547472305
2026-01-15,-0.01932985827
2026-01-16,-0.01228173868
2026-01-20,-0.03413492646
2026-01-21,0.01481799403
2026-01-22,0.009102859676
2026-01-23,-0.0126267943
2026-01-26,-0.008378043156
2026-01-27,-0.009624108215
2026-01-28,-0.002223675174
2026-01-29,-0.003148964767
2026-01-30,-0.004147326417
2026-02-02,0.006772040939
2026-02-03,-0.03629516023
2026-02-04,0.01155162151
2026-02-05,-0.08834957254
2026-02-06,0.007601342184
2026-02-09,0.01151044133
2026-02-10,0.008315284335
2026-02-11,0.00675864253
2026-02-12,-0.01839030547
2026-02-13,0.01597648584
2026-02-17,0.01362398088
2026-02-18,0.004267613732
2026-02-19,-0.0138487867
2026-02-20,0.01133206015
2026-02-23,-0.01743858384
2026-02-24,0.03064916632
2026-02-25,0.007157706327
2026-02-26,-0.001578816174
2026-02-27,-0.02243556668
2026-03-02,-0.009386247253
2026-03-03,-0.02077768895
2026-03-04,0.009941340072
2026-03-05,-0.01175543791
2026-03-06,-0.009607946726
2026-03-09,0.01767727825
2026-03-10,-0.02129532802
2026-03-11,-0.00802023511
2026-03-12,-0.02239281099
2026-03-13,-0.01019335034
2026-03-16,-0.003317788233
2026-03-17,0.01686039938
2026-03-18,-0.008548189526
2026-03-19,0.00618951135
2026-03-20,-0.01056768395
2026-03-23,-0.01200372825
2026-03-24,0.00249010585
2026-03-25,0.01297170679
2026-03-26,0.001456737746
2026-03-27,-0.02662700399
2026-03-30,-0.000314443188
2026-03-31,0.01336752196
2026-04-01,-0.01171621147
2026-04-02,-0.003778779727
2026-04-06,-0.008473556808
2026-04-07,-0.01329132059
2026-04-08,0.02734896128
2026-04-09,0.001880258635
2026-04-10,0.002423774999
2026-04-13,0.02452920715
2026-04-14,0.01211705261
2026-04-15,0.001579641854
2026-04-16,0.01061675925
2026-04-17,0.01278323598
2026-04-20,0.009644790853
2026-04-21,-0.01435488637
2026-04-22,0.003754571768
2026-04-23,-0.01570237604
2026-04-24,0.1054723867
2026-04-27,0.009427990976
2026-04-28,-0.00173155677
2026-04-29,0.03922029914
2026-04-30,0.1407650263
2026-05-01,-0.01441466094
2026-05-04,-0.04998289476
2026-05-05,0.1024757271
2026-05-06,0.03176053169
2026-05-07,0.05052729069
2026-05-08,0.07849567099
2026-05-11,0.08081135171
2026-05-12,-0.1217111352
2026-05-13,0.01350709153
2026-05-14,-0.06337251188
2026-05-15,0.007022429472
2026-05-18,0.01061401012
2026-05-19,-0.04023113265
2026-05-20,0.0346664108
2026-05-21,0.05242591656
2026-05-22,0.1097277743
2026-05-26,0.04378709585
2026-05-27,-0.06397603635
2026-05-28,0.04150013867
2026-05-29,0.03127861147
2026-06-01,-0.09185418491
2026-06-02,0.05045453548
2026-06-03,0.03736809573
2026-06-04,-0.02652391579
2026-06-05,-0.1162899455
2026-06-08,0.008438896035
2026-06-09,-0.05838255724
2026-06-10,-0.07173703226
2026-06-11,0.05968920693
2026-06-12,0.042255812
2026-06-15,0.042037512
2026-06-16,-0.03099946991
2026-06-17,-0.005151538816
2026-06-18,0.05987041325
2026-06-22,-0.01879517581
2026-06-23,-0.08346975183
2026-06-24,-0.03347414344
2026-06-25,0.03723948745
2026-06-26,-0.07871396
2026-06-29,-0.003543556083
2026-06-30,-0.02104478291
2026-07-01,-0.01565266038
2026-07-02,-0.03166353516
2026-07-06,0.05642040528
2026-07-07,-0.01900178604
2026-07-08,0.01943033356
2026-07-09,0.02409643521
2026-07-10,-0.01025572457
2026-07-13,-0.02776637326
2026-07-14,-0.03248202924
2026-07-15,-0.000673721092
2026-07-16,-0.04229089656
2026-07-17,0.006833946945
2026-07-20,-0.008534997771
2026-07-21,0.01849807204
2026-07-22,0.01220208314
2026-07-23,-0.02607269181
2026-07-24,-0.02449252543
2026-07-27,0.0182196529
2026-07-28,-0.04302031558
2026-07-29,-0.04521095315
2026-07-30,-0.02655704673
2026-07-31,-0.02667179621
2026-08-03,0.0264734736
2026-08-04,0.07067658873
2026-08-05,-0.03210783151
2026-08-06,0.01799231393
2026-08-07,0.0455221621
2026-08-10,-0.03448512524
2026-08-11,0.003139669472
2026-08-12,0.002394543883
2026-08-13,0.01049244289
2026-08-14,0.006050069764
2026-08-17,-0.02201534861
2026-08-18,-0.01234604376
2026-08-19,0.01068007835
2026-08-20,-0.007252679394
2026-08-21,6.254890545e-05
2026-08-24,-0.01390661671
2026-08-25,0.01272378009
2026-08-26,0.01948997697
2026-08-27,0.006453218967
2026-08-28,-0.003586919306
2026-08-31,0.03759398463
