date,log_return
2010-06-30,-0.002514617532
2010-07-01,-0.0817436562
2010-07-02,-0.1343123376
2010-07-06,-0.1754700818
2010-07-07,-0.01946190323
2010-07-08,0.09993425645
2010-07-09,-0.003442344191
2010-07-12,-0.02029067741
2010-07-13,0.0619123521
2010-07-14,0.08963342224
2010-07-15,0.002491789714
2010-07-16,0.03701384775
2010-07-19,0.05973503336
2010-07-20,-0.07636971877
2010-07-21,-0.00392404161
2010-07-22,0.03785022413
2010-07-23,0.0136915557
2010-07-26,-0.01605148099
2010-07-27,-0.01930157149
2010-07-28,0.008214344884
2010-07-29,-0.01796980421
2010-07-30,-0.02040279262
2010-08-02,0.04802685049
2010-08-03,0.04801482073
2010-08-04,-0.03194050593
2010-08-05,-0.03884542198
2010-08-06,-0.04293920036
2010-08-09,0.0005358441587
2010-08-10,-0.02951212085
2010-08-11,-0.06127017577
2010-08-12,-0.01690228695
2010-08-13,0.04009557375
2010-08-16,0.02482640748
2010-08-17,0.01953635117
2010-08-18,-0.02009561296
2010-08-19,0.001118210979
2010-08-20,0.01631073373
2010-08-23,0.05254908295
2010-08-24,-0.04730096062
2010-08-25,0.03583457801
2010-08-26,-0.007566049561
2010-08-27,-0.002585552771
2010-08-30,0.008642965099
2010-08-31,-0.01982225457
2010-09-01,0.04854446708
2010-09-02,0.02941707439
2010-09-03,-0.0004986998287
2010-09-07,-0.02452694542
2010-09-08,0.01737537378
2010-09-09,-0.009084417197
2010-09-10,-0.02641967709
2010-09-13,0.02685414488
2010-09-14,0.01914517301
2010-09-15,0.03988974193
2010-09-16,-0.04844899532
2010-09-17,-0.0344698388
2010-09-20,0.03968544023
2010-09-21,-0.0133430961
2010-09-22,-0.04429749097
2010-09-23,-0.0157495552
2010-09-24,0.02723315046
2010-09-27,0.02119177027
2010-09-28,0.0415027009
2010-09-29,0.02669591452
2010-09-30,-0.07406072645
2010-10-01,0.009217329339
2010-10-04,0.01875550903
2010-10-05,0.006198146156
2010-10-06,-0.03174869831
2010-10-07,-0.001467351694
2010-10-08,0
2010-10-11,-0.009368268273
2010-10-12,0
2010-10-13,0.0147137209
2010-10-14,0.01017228854
2010-10-15,-0.01017228854
2010-10-18,-0.01515849482
2010-10-19,-0.008937275545
2010-10-20,0.02948544109
2010-10-21,0.004782617812
2010-10-22,-0.001446864175
2010-10-25,0.006278662419
2010-10-26,0.02416606585
2010-10-27,-0.01699757637
2010-10-28,0.009030530314
2010-10-29,0.03019018284
2010-11-01,-0.01990840212
2010-11-02,-0.00745432425
2010-11-03,0.02412948309
2010-11-04,0.1343578959
2010-11-05,-0.01866712764
2010-11-08,0.02185481266
2010-11-09,-0.01409027635
2010-11-10,0.1756509615
2010-11-11,-0.04600194329
2010-11-12,0.06221878882
2010-11-15,0.03166543692
2010-11-16,-0.03736202178
2010-11-17,-0.006085211476
2010-11-18,0.01348948133
2010-11-19,0.03612386764
2010-11-22,0.07490629813
2010-11-23,0.03442984731
2010-11-24,0.02570064787
2010-11-26,-0.004237833185
2010-11-29,-0.02842936004
2010-11-30,0.02868413711
2010-12-01,-0.02811629032
2010-12-02,-0.05997254189
2010-12-03,-0.02697531985
2010-12-06,-0.03815996979
2010-12-07,0.04039630884
2010-12-08,0.02534157196
2010-12-09,-0.009919284069
2010-12-10,-0.01670638195
2010-12-13,-0.03122534982
2010-12-14,-0.06842488687
2010-12-15,0.03680130407
2010-12-16,0.04008184331
2010-12-17,0.01770982662
2010-12-20,0.01075176866
2010-12-21,0.01754266376
2010-12-22,0.01137321552
2010-12-23,-0.08102389652
2010-12-27,-0.1635751437
2010-12-28,0.03314391137
2010-12-29,0.04877123213
2010-12-30,-0.04536928974
2010-12-31,0.004856023094
2011-01-03,-0.0003380281722
2011-01-04,0.001857742533
2011-01-05,0.005999961925
2011-01-06,0.03838821962
2011-01-07,0.01282959812
2011-01-10,0.00740861726
2011-01-11,-0.05382999523
2011-01-12,0
2011-01-13,-0.02781326154
2011-01-14,-0.01806843394
2011-01-18,-0.004319913315
2011-01-19,-0.06483108133
2011-01-20,-0.06046857906
2011-01-21,0.01839736514
2011-01-24,0.06105345142
2011-01-25,0.00768765226
2011-01-26,0.002852549502
2011-01-27,0.006825140498
2011-01-28,-0.03715939484
2011-01-31,0.003741352497
2011-02-01,-0.007935805699
2011-02-02,0.00125391866
2011-02-03,-0.0130547687
2011-02-04,-0.007199088207
2011-02-07,-0.01676377104
2011-02-08,0.05975221507
2011-02-09,-0.05372360964
2011-02-10,0
2011-02-11,0.001743454418
2011-02-14,-0.00731702685
2011-02-15,-0.01045282922
2011-02-16,0.07950202372
2011-02-17,-0.04681177432
2011-02-18,-0.01795725801
2011-02-22,-0.05815243267
2011-02-23,-0.001853568649
2011-02-24,0.0315854884
2011-02-25,0.04682259665
2011-02-28,0.01181053928
2011-03-01,0.002069809752
2011-03-02,0.003315300319
2011-03-03,0.01407644239
2011-03-04,0.02391133907
2011-03-07,-0.0003607937502
2011-03-08,-0.01131049043
2011-03-09,0.002430134853
2011-03-10,-0.02912139792
2011-03-11,0.002495789653
2011-03-14,-0.03468189229
2011-03-15,-0.01298719553
2011-03-16,-0.005702502917
2011-03-17,-0.0003944773227
2011-03-18,0.006554391951
2011-03-21,-0.01011170796
2011-03-22,-0.02404443624
2011-03-23,0.0009459460165
2011-03-24,0.005388306968
2011-03-25,0.01863366617
2011-03-28,0.02171800886
2011-03-29,0.02843069984
2011-03-30,-0.008817843871
2011-03-31,0.1573178522
2011-04-01,-0.04009028031
2011-04-04,-0.03160895278
2011-04-05,0.0331269583
2011-04-06,-0.007896262122
2011-04-07,0.027919178
2011-04-08,-0.027919178
2011-04-11,-0.04712959577
2011-04-12,-0.0248810912
2011-04-13,0.01131528123
2011-04-14,0.008388305627
2011-04-15,0.01733104628
2011-04-18,-0.02169616817
2011-04-19,0.005140477548
2011-04-20,0.02321848558
2011-04-21,0.03772522568
2011-04-25,-0.01321306631
2011-04-26,0.02025613623
2011-04-27,0.005554644066
2011-04-28,0.02121034217
2011-04-29,-0.002171553514
2011-05-02,-0.005449604768
2011-05-03,-0.02137435361
2011-05-04,-0.006721584708
2011-05-05,-0.009373304087
2011-05-06,0.02537453753
2011-05-09,0.02873149904
2011-05-10,0.01493600071
2011-05-11,-0.04549438873
2011-05-12,0.02192228966
2011-05-13,-0.004346179493
2011-05-16,-0.03512826564
2011-05-17,-0.02431626657
2011-05-18,0.01491109809
2011-05-19,0.0678347278
2011-05-20,-0.008171594594
2011-05-23,-0.0420025055
2011-05-24,-0.003754241935
2011-05-25,0.08121230097
2011-05-26,0.01708916963
2011-05-27,0.002388637326
2011-05-31,0.01975285996
2011-06-01,-0.05524853997
2011-06-02,0.008380083609
2011-06-03,0.04656980032
2011-06-06,-0.04865824675
2011-06-07,-0.0115650766
2011-06-08,-0.04504316134
2011-06-09,0.01825058192
2011-06-10,0.00865197632
2011-06-13,0.02025331714
2011-06-14,0.005996861738
2011-06-15,-0.04582346727
2011-06-16,-0.03043713219
2011-06-17,0
2011-06-20,-0.01868252128
2011-06-21,0.05677707752
2011-06-22,-0.01167360419
2011-06-23,0.01819076189
2011-06-24,-0.005047089649
2011-06-27,-0.003979616559
2011-06-28,0.02337677644
2011-06-29,0.006383000395
2011-06-30,0.02926018566
2011-07-01,-0.003766094167
2011-07-05,0.00412648236
2011-07-06,-0.006196126603
2011-07-07,0.02622380445
2011-07-08,-0.03141673298
2011-07-11,-0.01611287386
2011-07-12,-0.006369448285
2011-07-13,0.01652930195
2011-07-14,-0.03659074868
2011-07-15,-0.001087133879
2011-07-18,-0.01280805686
2011-07-19,0.02394932949
2011-07-20,0.02831578361
2011-07-21,0.0003136434945
2011-07-22,0.02038353036
2011-07-25,-0.02772763303
2011-07-26,-0.01731323118
2011-07-27,-0.0129402787
2011-07-28,0.01897549343
2011-07-29,0
2011-08-01,0.02107559568
2011-08-02,-0.05096405821
2011-08-03,-0.005170528571
2011-08-04,-0.09437310177
2011-08-05,-0.02082132781
2011-08-08,-0.02506396866
2011-08-09,0.05835270885
2011-08-10,-0.05076733746
2011-08-11,0.06029859446
2011-08-12,0.03912493667
2011-08-15,-0.003026239213
2011-08-16,-0.004987541511
2011-08-17,-0.01039870722
2011-08-18,-0.06272831386
2011-08-19,-0.08419919351
2011-08-22,-0.01586473952
2011-08-23,0.045030988
2011-08-24,0.03882614512
2011-08-25,-0.03231443363
2011-08-26,0.02645301074
2011-08-29,0.04044771463
2011-08-30,-0.003222572941
2011-08-31,0.004435944442
2011-09-01,-0.03034732623
2011-09-02,-0.03952075816
2011-09-06,-0.005672756712
2011-09-07,0.03848355335
2011-09-08,-0.009673517725
2011-09-09,-0.02750310216
2011-09-12,-0.003925935815
2011-09-13,0.05111954298
2011-09-14,0.01078077356
2011-09-15,0.01952829495
2011-09-16,0.03870456731
2011-09-19,-0.001163467263
2011-09-20,0.009270054796
2011-09-21,-0.006189821053
2011-09-22,-0.008508209833
2011-09-23,0.02884205229
2011-09-26,-0.03318223505
2011-09-27,0.02593479271
2011-09-28,-0.06305813597
2011-09-29,-0.01927815069
2011-09-30,0.01113184037
2011-10-03,-0.02743314178
2011-10-04,-0.002975344834
2011-10-05,0.06978293949
2011-10-06,0.06078807478
2011-10-07,0.0011121616
2011-10-10,0.03247961826
2011-10-11,-0.009731384576
2011-10-12,0.006821899765
2011-10-13,0.005059214236
2011-10-14,0.00391138281
2011-10-17,-0.02271595783
2011-10-18,0.03298391707
2011-10-19,-0.02752836616
2011-10-20,-0.008359105685
2011-10-21,0.0249240837
2011-10-24,0.01834621977
2011-10-25,-0.01056366449
2011-10-26,-0.00960365915
2011-10-27,0.02749604827
2011-10-28,0.03786974544
2011-10-31,-0.01686414767
2011-11-01,-0.01684174436
2011-11-02,-0.005886506722
2011-11-03,0.122763068
2011-11-04,-0.00463178225
2011-11-07,-0.03270161873
2011-11-08,0.01806390326
2011-11-09,-0.03061414764
2011-11-10,0.01446714725
2011-11-11,0.07113863427
2011-11-14,-0.01256354301
2011-11-15,0.02113242355
2011-11-16,0.02931841556
2011-11-17,-0.0367286507
2011-11-18,-0.03259239283
2011-11-21,-0.02610505765
2011-11-22,0.009729120523
2011-11-23,-0.01950613243
2011-11-25,0.006654965855
2011-11-28,0.02803005016
2011-11-29,-0.02519142404
2011-11-30,0.03070437042
2011-12-01,-0.004315892833
2011-12-02,0.02126044615
2011-12-05,0.03309492013
2011-12-06,0.01298888244
2011-12-07,-0.01972262017
2011-12-08,-0.1015022591
2011-12-09,0.004844266606
2011-12-12,-0.02050552734
2011-12-13,-0.03207812757
2011-12-14,-0.0317207668
2011-12-15,0.003149608903
2011-12-16,-0.02188340697
2011-12-19,-0.008986526966
2011-12-20,0.005390848635
2011-12-21,-0.01189846379
2011-12-22,0.007210071079
2011-12-23,0.004688392712
2011-12-27,0.02374802814
2011-12-28,-0.002102276488
2011-12-29,0.007652028952
2011-12-30,-0.005917331957
2012-01-03,-0.01694955831
2012-01-04,-0.01328226447
2012-01-05,-0.02150385161
2012-01-06,-0.007773498333
2012-01-09,0.01257390483
2012-01-10,0.01345017543
2012-01-11,0.02186319727
2012-01-12,0.0006905160554
2012-01-13,-0.2147758548
2012-01-17,0.154592515
2012-01-18,0.007863883698
2012-01-19,-0.001848067056
2012-01-20,-0.006015816642
2012-01-23,0.006408116364
2012-01-24,0.02397213915
2012-01-25,0.01987770922
2012-01-26,0.03405706058
2012-01-27,0.01338639152
2012-01-30,0.00814958924
2012-01-31,-0.01703671012
2012-02-01,0.01739174271
2012-02-02,0.02241425598
2012-02-03,0.0293175832
2012-02-06,0.02063599332
2012-02-07,-0.006293346534
2012-02-08,0.01038872261
2012-02-09,0.02013693732
2012-02-10,-0.04650686129
2012-02-13,0.01246241504
2012-02-14,0.05197662205
2012-02-15,0.01289528799
2012-02-16,0.01712923905
2012-02-17,0.02282094699
2012-02-21,-0.01351692897
2012-02-22,-0.008163667018
2012-02-23,0.009032854383
2012-02-24,-0.02284809408
2012-02-27,-0.003874161549
2012-02-28,0.00565036095
2012-02-29,-0.01191632604
2012-03-01,0.02950692913
2012-03-02,-0.01082560481
2012-03-05,-0.007963586749
2012-03-06,-0.01973777798
2012-03-07,0.0003170792498
2012-03-08,-0.001495683194
2012-03-09,0.04925011449
2012-03-12,0.03591880178
2012-03-13,0.002205256058
2012-03-14,-0.02240201275
2012-03-15,-0.008280030233
2012-03-16,0.009129756248
2012-03-19,-0.00968706233
2012-03-20,-0.0005576168459
2012-03-21,0.00539154066
2012-03-22,-0.02156836401
2012-03-23,-0.009331327429
2012-03-26,0.09294663339
2012-03-27,0.01433545037
2012-03-28,-0.00237501596
2012-03-29,-0.01380708287
2012-03-30,-0.002413808148
2012-04-02,-0.0178815672
2012-04-03,0.03833397146
2012-04-04,-0.08251550733
2012-04-05,-0.01493982882
2012-04-09,-0.03935123022
2012-04-10,-0.02103415455
2012-04-11,0.01922255985
2012-04-12,0.01050671402
2012-04-13,0.004475682179
2012-04-16,-0.04069547489
2012-04-17,-0.0003256344085
2012-04-18,0.01294336935
2012-04-19,0.01522363038
2012-04-20,0
2012-04-23,-0.03751592025
2012-04-24,-0.003764178914
2012-04-25,0.03369725356
2012-04-26,0.01748525357
2012-04-27,-0.004488942314
2012-04-30,-0.006318565951
2012-05-01,0.01941460312
2012-05-02,0.004740080198
2012-05-03,-0.04460042949
2012-05-04,-0.01959932079
2012-05-07,0.01992274353
2012-05-08,-0.07280467947
2012-05-09,-0.004331921032
2012-05-10,0.0920841507
2012-05-11,-0.02176149178
2012-05-14,-0.07032265892
2012-05-15,-0.02118082208
2012-05-16,-0.008548154322
2012-05-17,-0.02109169096
2012-05-18,-0.03602741322
2012-05-21,0.04298587382
2012-05-22,0.06787302328
2012-05-23,0.007425956905
2012-05-24,-0.02284108788
2012-05-25,-0.01696393522
2012-05-29,0.06118981677
2012-05-30,-0.04126189183
2012-05-31,-0.03034784724
2012-06-01,-0.04684209594
2012-06-04,-0.009637596683
2012-06-05,0.001075442379
2012-06-06,0.04585044421
2012-06-07,-0.009957004387
2012-06-08,0.03894747467
2012-06-11,-0.03243582375
2012-06-12,0.018374426
2012-06-13,0.003735491471
2012-06-14,-0.01288050262
2012-06-15,0.01755540495
2012-06-18,0.06254619173
2012-06-19,0.007789809452
2012-06-20,0.05134003756
2012-06-21,-0.04821306607
2012-06-22,0.04852385258
2012-06-25,-0.02035944763
2012-06-26,-0.04636254194
2012-06-27,0.01104305701
2012-06-28,-0.01737445178
2012-06-29,-0.00382775587
2012-07-02,-0.02883950204
2012-07-03,0.008499817798
2012-07-05,0.01842029785
2012-07-06,-0.007714599495
2012-07-09,0.01598958513
2012-07-10,-0.006978995822
2012-07-11,0.007645662513
2012-07-12,0.03705425428
2012-07-13,0.04629688816
2012-07-16,0.04872133911
2012-07-17,-0.07535052542
2012-07-18,-0.03664588128
2012-07-19,0.003725613214
2012-07-20,-0.01498646509
2012-07-23,-0.03617717314
2012-07-24,-0.02712585428
2012-07-25,-0.03026281514
2012-07-26,-0.02875135629
2012-07-27,0.04789339768
2012-07-30,-0.07601399824
2012-07-31,0.002574426969
2012-08-01,-0.0436066851
2012-08-02,-0.005730674709
2012-08-03,0.04385188253
2012-08-06,0.03603166129
2012-08-07,0.06769385512
2012-08-08,-0.03913542894
2012-08-09,0.01097446912
2012-08-10,0.01784362555
2012-08-13,0.04026071479
2012-08-14,-0.05779837399
2012-08-15,-0.0006630454429
2012-08-16,0.03015303817
2012-08-17,-0.009600392089
2012-08-20,-0.01683507502
2012-08-21,-0.01361331156
2012-08-22,0.02844708507
2012-08-23,0.02570962784
2012-08-24,-0.0408484344
2012-08-27,-0.04083894353
2012-08-28,0.01299778869
2012-08-29,-0.00982486165
2012-08-30,0
2012-08-31,0.00384686797
2012-09-04,-0.01339601215
2012-09-05,-0.007114802527
2012-09-06,0.02156217365
2012-09-07,0.02767015909
2012-09-10,-0.06984379084
2012-09-11,0.01555224386
2012-09-12,0.01711912561
2012-09-13,0.04155794599
2012-09-14,0.0304185004
2012-09-17,0.06834112904
2012-09-18,-0.03757545322
2012-09-19,-0.009280474369
2012-09-20,-0.004842624476
2012-09-21,-0.0289090134
2012-09-24,0.02111170294
2012-09-25,-0.1029715472
2012-09-26,-0.004347832936
2012-09-27,0.03389610504
2012-09-28,0.02736909075
2012-10-01,-0.004106781953
2012-10-02,0.02172726475
2012-10-03,-0.01695472086
2012-10-04,0.003424223314
2012-10-05,-0.01749915987
2012-10-08,0.0123840592
2012-10-09,-0.03056494926
2012-10-10,0.001056914964
2012-10-11,-0.002803270553
2012-10-12,-0.02428618036
2012-10-15,-0.01129708852
2012-10-16,0.02637789353
2012-10-17,0.02668934788
2012-10-18,-0.02743801102
2012-10-19,-0.01075684013
2012-10-22,0.003993529323
2012-10-23,0.01920366263
2012-10-24,-0.03478190803
2012-10-25,0.003658507371
2012-10-26,-0.005136623316
2012-10-31,0.02702428954
2012-11-01,0.03906072595
2012-11-02,-0.01134617639
2012-11-05,0.08545414854
2012-11-06,-0.01115724936
2012-11-07,0.01244213783
2012-11-08,-0.007350868423
2012-11-09,-0.032130496
2012-11-12,0.02443556071
2012-11-13,0.0175632012
2012-11-14,-0.007619084476
2012-11-15,-0.01799069431
2012-11-16,0.03255901138
2012-11-19,0.03335649966
2012-11-20,0.002411997438
2012-11-21,-0.01617557664
2012-11-23,-0.0105418117
2012-11-26,0.004332338549
2012-11-27,-0.003725613214
2012-11-28,0.03304113715
2012-11-29,0.01376302181
2012-11-30,0.003866070094
2012-12-03,0.02336442224
2012-12-04,-0.02101653536
2012-12-05,-0.005635317644
2012-12-06,0.005635317644
2012-12-07,0.007933051741
2012-12-10,0.01165265111
2012-12-11,0.0203155139
2012-12-12,-0.000552873895
2012-12-13,-0.04792483909
2012-12-14,0.005918098569
2012-12-17,0.01728541267
2012-12-18,0.005522593559
2012-12-19,0.0005635879021
2012-12-20,-0.005214455825
2012-12-21,-0.01253852464
2012-12-24,0.008172277469
2012-12-26,-0.02033398973
2012-12-27,0.002987539288
2012-12-28,-0.01403390217
2012-12-31,0.01936251158
2013-01-02,0.04303743057
2013-01-03,-0.01681215138
2013-01-04,-0.01071291663
2013-01-07,-0.001745734306
2013-01-08,-0.01940695143
2013-01-09,-0.001158645406
2013-01-10,-0.003305049904
2013-01-11,-0.01864908539
2013-01-14,0.01056387762
2013-01-15,0.01907457381
2013-01-16,0.005867707039
2013-01-17,0.008192278529
2013-01-18,0.004049381799
2013-01-22,0.01923756958
2013-01-23,0.02275698712
2013-01-24,0.02712866739
2013-01-25,-0.0002839007989
2013-01-28,0.02799846929
2013-01-29,-0.002092670497
2013-01-30,-0.01140870602
2013-01-31,-0.0002399040395
2013-02-01,0.02081594749
2013-02-04,-0.01471630133
2013-02-05,0.01028083393
2013-02-06,0.02689700886
2013-02-07,0.00789583184
2013-02-08,-0.006097579868
2013-02-11,-0.0211314915
2013-02-12,-0.01387791817
2013-02-13,0.01465846694
2013-02-14,-0.003908850695
2013-02-15,-0.0334519305
2013-02-19,0.05874330176
2013-02-20,-0.01904452316
2013-02-21,-0.09177461655
2013-02-22,0.0266469158
2013-02-25,-0.04908098866
2013-02-26,0.001438755071
2013-02-27,0.01928737545
2013-02-28,-0.007722046094
2013-03-01,-0.005181358742
2013-03-04,0.0264859566
2013-03-05,0.02961610344
2013-03-06,0.02800828763
2013-03-07,0.01422555305
2013-03-08,0.006258087464
2013-03-11,0.01624354081
2013-03-12,0.0004985905333
2013-03-13,-0.003572324079
2013-03-14,-0.05619233402
2013-03-15,-0.04325538116
2013-03-18,-0.004003412502
2013-03-19,-0.001964972866
2013-03-20,0.02449757174
2013-03-21,0.00166757032
2013-03-22,0.01677032282
2013-03-25,0.02455972773
2013-03-26,0.008754532634
2013-03-27,0.007892700799
2013-03-28,-0.00710062155
2013-04-01,0.1479216146
2013-04-02,0.009278364522
2013-04-03,-0.07587908269
2013-04-04,0.02191146554
2013-04-05,-0.01536360657
2013-04-08,0.01106975805
2013-04-09,-0.03232376441
2013-04-10,0.03304068741
2013-04-11,0.04048510473
2013-04-12,0.003675275059
2013-04-15,-0.01033885902
2013-04-16,0.05151324456
2013-04-17,-0.003064606224
2013-04-18,0.03288563427
2013-04-19,0.01816505644
2013-04-22,0.04815229234
2013-04-23,0.01621569022
2013-04-24,-0.0114452578
2013-04-25,0.03066709783
2013-04-26,-0.01552356755
2013-04-29,0.07052101509
2013-04-30,-0.01746119825
2013-05-01,-0.01322855698
2013-05-02,0.01544874494
2013-05-03,0.008117106964
2013-05-06,0.08685783774
2013-05-07,-0.06941252383
2013-05-08,0.00501348759
2013-05-09,0.2183083925
2013-05-10,0.1009198667
2013-05-13,0.134241867
2013-05-14,-0.05333381108
2013-05-15,0.01904513492
2013-05-16,0.08373515322
2013-05-17,-0.008163310639
2013-05-20,-0.01719619094
2013-05-21,-0.0264816536
2013-05-22,-0.003998186411
2013-05-23,0.06102910348
2013-05-24,0.04584333605
2013-05-28,0.128031127
2013-05-29,-0.05314096921
2013-05-30,0.003063271791
2013-05-31,-0.07097842958
2013-06-03,-0.05432383625
2013-06-04,0.02400998862
2013-06-05,0.00556753037
2013-06-06,0.02054866823
2013-06-07,0.04705706148
2013-06-10,-0.01969973227
2013-06-11,-0.05738773725
2013-06-12,0.03392113442
2013-06-13,0.004593977729
2013-06-14,0.02137324407
2013-06-17,0.01875610539
2013-06-18,0.01158629625
2013-06-19,0.01239977247
2013-06-20,-0.03926370203
2013-06-21,-0.01098409899
2013-06-24,0.01929521836
2013-06-25,0.008931323945
2013-06-26,0.03190249433
2013-06-27,0.03284016757
2013-06-28,-0.01745124132
2013-07-01,0.08752819813
2013-07-02,0.00545106573
2013-07-03,-0.02214103087
2013-07-05,0.04122021269
2013-07-08,0.01257362981
2013-07-09,0.01502112431
2013-07-10,-0.009608590954
2013-07-11,0.02695424386
2013-07-12,0.03358305498
2013-07-15,-0.02053268587
2013-07-16,-0.1544257452
2013-07-17,0.09777057433
2013-07-18,-0.01020570543
2013-07-19,0.005454330476
2013-07-22,0.02271374606
2013-07-23,0.002532932518
2013-07-24,-0.008517479083
2013-07-25,0.01928700094
2013-07-26,0.04198920686
2013-07-29,0.03962860941
2013-07-30,-0.02162563017
2013-07-31,0.01909309355
2013-08-01,0.009417092502
2013-08-02,0.01790942054
2013-08-05,0.04726726602
2013-08-06,-0.01763459567
2013-08-07,-0.05732788406
2013-08-08,0.1340117939
2013-08-09,-0.003132343986
2013-08-12,-0.03742702865
2013-08-13,-0.01331945964
2013-08-14,-0.04262733218
2013-08-15,0.002214816517
2013-08-16,0.01655166128
2013-08-19,0.0202132706
2013-08-20,0.03178751744
2013-08-21,-0.01156886822
2013-08-22,0.06061686402
2013-08-23,0.02972574081
2013-08-26,0.0146018889
2013-08-27,0.01684669858
2013-08-28,-0.003355722942
2013-08-29,-0.002345788132
2013-08-30,0.01754949371
2013-09-03,-0.000355091573
2013-09-04,0.009895210039
2013-09-05,-0.004052262035
2013-09-06,-0.01757836892
2013-09-09,-0.03827499966
2013-09-10,0.03467505697
2013-09-11,-0.01727896904
2013-09-12,0.008585860586
2013-09-13,0.003694747591
2013-09-16,0.006259815485
2013-09-17,-0.002100301395
2013-09-18,-6.316748862e-05
2013-09-19,0.06802199675
2013-09-20,0.0302838319
2013-09-23,-0.01251045123
2013-09-24,0.00671090829
2013-09-25,0.01583409264
2013-09-26,0.01819085438
2013-09-27,0.01191191311
2013-09-30,0.01285051644
2013-10-01,-0.001910086768
2013-10-02,-0.06447479276
2013-10-03,-0.04313608835
2013-10-04,0.04330186672
2013-10-07,0.01148755937
2013-10-08,-0.04662653765
2013-10-09,-0.03464869517
2013-10-10,0.02429368795
2013-10-11,0.0328158445
2013-10-14,0.005691677917
2013-10-15,0.02321503366
2013-10-16,-0.002073470131
2013-10-17,-0.004143471372
2013-10-18,0.003276891854
2013-10-21,-0.06069261058
2013-10-22,-0.006163199954
2013-10-23,-0.04190286585
2013-10-24,0.05124177346
2013-10-25,-0.02035600173
2013-10-28,-0.04091151553
2013-10-29,0.009843356904
2013-10-30,-0.03244118885
2013-10-31,0.004511837107
2013-11-01,0.01384021347
2013-11-04,0.07728609396
2013-11-05,0.009144703289
2013-11-06,-0.1567373111
2013-11-07,-0.07833735623
2013-11-08,-0.01310328934
2013-11-11,0.0477711639
2013-11-12,-0.04885910204
2013-11-13,0.006509945197
2013-11-14,-0.007969640445
2013-11-15,-0.01574472324
2013-11-18,-0.1080341987
2013-11-19,0.03642756789
2013-11-20,-0.04029671415
2013-11-21,0.008141157584
2013-11-22,-0.005914260709
2013-11-25,-0.004458763889
2013-11-26,-0.002821752974
2013-11-27,0.05207286919
2013-11-29,0.002666982936
2013-12-02,-0.02473386125
2013-12-03,0.1530144946
2013-12-04,-0.04055553129
2013-12-05,0.01095101289
2013-12-06,-0.02245999414
2013-12-09,0.03040460475
2013-12-10,0.004154493721
2013-12-11,-0.01802138259
2013-12-12,0.05448208235
2013-12-13,0.001290958894
2013-12-16,0.001897832272
2013-12-17,0.03009210066
2013-12-18,-0.0298285159
2013-12-19,-0.05030520339
2013-12-20,0.01774950721
2013-12-23,0.002165352088
2013-12-24,0.05330798245
2013-12-26,0.02665755803
2013-12-27,-0.02857141523
2013-12-30,0.008696824163
2013-12-31,-0.01327317247
2014-01-02,-0.002196113763
2014-01-03,-0.003604076503
2014-01-06,-0.01726840646
2014-01-07,0.01592356483
2014-01-08,0.0127729676
2014-01-09,-0.02510096343
2014-01-10,-0.01233775241
2014-01-13,-0.04477700212
2014-01-14,0.1461634773
2014-01-15,0.01758191815
2014-01-16,0.04082930577
2014-01-17,-0.005630843665
2014-01-21,0.03848575785
2014-01-22,0.01058166249
2014-01-23,0.01633097451
2014-01-24,-0.0387580103
2014-01-27,-0.02893700247
2014-01-28,0.0503554653
2014-01-29,-0.01781670952
2014-01-30,0.04250932211
2014-01-31,-0.007849055875
2014-02-03,-0.02399147759
2014-02-04,0.009105304322
2014-02-05,-0.02440730588
2014-02-06,0.02244992244
2014-02-07,0.04467329728
2014-02-10,0.05237832469
2014-02-11,0.0003052037259
2014-02-12,-0.00663625265
2014-02-13,0.02183147853
2014-02-14,-0.007042707439
2014-02-18,0.02722287286
2014-02-19,-0.05065014028
2014-02-20,0.08096648041
2014-02-21,-0.001766096422
2014-02-24,0.03768970105
2014-02-25,0.130538462
2014-02-26,0.01996473498
2014-02-27,-0.001821813
2014-02-28,-0.03108521014
2014-03-03,0.02321397093
2014-03-04,0.01693552243
2014-03-05,-0.008589223829
2014-03-06,0.001109571801
2014-03-07,-0.02696945289
2014-03-10,-0.03038886518
2014-03-11,-0.01872637924
2014-03-12,0.02975640799
2014-03-13,-0.01543595997
2014-03-14,-0.02910220196
2014-03-17,0.01294994659
2014-03-18,0.02556988055
2014-03-19,-0.01765193003
2014-03-20,-0.003951138542
2014-03-21,-0.02596523619
2014-03-24,-0.03883937912
2014-03-25,0.00122557379
2014-03-26,-0.03452354223
2014-03-27,-0.0268409252
2014-03-28,0.02406895487
2014-03-31,-0.01862843347
2014-04-01,0.04005979662
2014-04-02,0.05958015583
2014-04-03,-0.02146273555
2014-04-04,-0.06025534744
2014-04-07,-0.02239334247
2014-04-08,0.03754514749
2014-04-09,0.006799443389
2014-04-10,-0.06052133922
2014-04-11,-0.002014854715
2014-04-14,-0.02831705404
2014-04-15,-0.0213299175
2014-04-16,0.02646588045
2014-04-17,-0.004984528106
2014-04-21,0.03110565204
2014-04-22,0.06744798186
2014-04-23,-0.04993654
2014-04-24,-0.0006276309303
2014-04-25,-0.03929778741
2014-04-28,-0.006725106586
2014-04-29,0.04149518483
2014-04-30,0.004672027013
2014-05-01,-0.0007651220238
2014-05-02,0.01519230636
2014-05-05,0.02666693697
2014-05-06,-0.0440278614
2014-05-07,-0.02903074439
2014-05-08,-0.1199495282
2014-05-09,0.02034430656
2014-05-12,0.01313075852
2014-05-13,0.02929545276
2014-05-14,0.002418723826
2014-05-15,-0.01070391973
2014-05-16,0.01562568784
2014-05-19,0.02337260174
2014-05-20,-0.004039449475
2014-05-21,0.02102924736
2014-05-22,0.0268607971
2014-05-23,0.0117401371
2014-05-27,0.02034162676
2014-05-28,-0.006258910902
2014-05-29,0
2014-05-30,-0.01182044315
2014-06-02,-0.01488135688
2014-06-03,0.001171757844
2014-06-04,-0.004651171176
2014-06-05,0.01416464619
2014-06-06,0.006121885457
2014-06-09,-0.01383645688
2014-06-10,-0.01476438095
2014-06-11,0.01066460436
2014-06-12,-0.004654539954
2014-06-13,0.01414622574
2014-06-16,0.08445505902
2014-06-17,0.03095053861
2014-06-18,-0.01983979284
2014-06-19,0.00294784121
2014-06-20,0.007870957597
2014-06-23,0.03269497886
2014-06-24,-0.02009986332
2014-06-25,0.01870778402
2014-06-26,-0.005460435036
2014-06-27,0.01457490091
2014-06-30,0.004176417175
2014-07-01,-0.001419402276
2014-07-02,-0.04387369706
2014-07-03,-0.0007848626566
2014-07-07,-0.02916498581
2014-07-08,-0.01625234848
2014-07-09,0.01804943929
2014-07-10,-0.01627077323
2014-07-11,-0.006081046549
2014-07-14,0.03853413662
2014-07-15,-0.03190644407
2014-07-16,-0.01108680129
2014-07-17,-0.008135341863
2014-07-18,0.02122168659
2014-07-21,0.002362900179
2014-07-22,-0.004362443612
2014-07-23,0.01316549619
2014-07-24,0.004708201626
2014-07-25,0.0001341948646
2014-07-28,0.005573281478
2014-07-29,0.0008469857486
2014-07-30,0.01722334559
2014-07-31,-0.02485201539
2014-08-01,0.04367603954
2014-08-04,0.02225663047
2014-08-05,-0.0001257837904
2014-08-06,0.04284443964
2014-08-07,0.01380578639
2014-08-08,-0.01702270786
2014-08-11,0.04411001793
2014-08-12,0.00246687609
2014-08-13,0.001343532076
2014-08-14,0.00410014577
2014-08-15,0.002407388402
2014-08-18,-0.007931851015
2014-08-19,-0.01230906253
2014-08-20,-0.004097814577
2014-08-21,-0.005370079928
2014-08-22,0.009549679761
2014-08-25,0.02221800133
2014-08-26,-0.00308990135
2014-08-27,0.005754416681
2014-08-28,0.002316403384
2014-08-29,0.02188967575
2014-09-02,0.05208469416
2014-09-03,-0.01036432688
2014-09-04,0.01709931574
2014-09-05,-0.03070365245
2014-09-08,0.01686903272
2014-09-09,-0.0129508454
2014-09-10,0.009366029872
2014-09-11,-0.002816128058
2014-09-12,-0.003967769799
2014-09-15,-0.0951436461
2014-09-16,0.02674272589
2014-09-17,0.002447714391
2014-09-18,0.009293678177
2014-09-19,-0.01720423211
2014-09-22,-0.03647990989
2014-09-23,0.00151666411
2014-09-24,0.006882931245
2014-09-25,-0.02079864349
2014-09-26,-0.001416271553
2014-09-29,-0.005446679746
2014-09-30,-0.01057514759
2014-10-01,-0.01010733972
2014-10-02,0.04548443511
2014-10-03,0.01496387688
2014-10-06,0.02097859056
2014-10-07,-0.004036984208
2014-10-08,-0.001121711595
2014-10-09,-0.00879163577
2014-10-10,-0.08143467247
2014-10-13,-0.05340157819
2014-10-14,0.01093335368
2014-10-15,0.01155983527
2014-10-16,-0.01468945906
2014-10-17,0.004977650559
2014-10-20,0.01306274716
2014-10-21,0.02090628085
2014-10-22,-0.0181764716
2014-10-23,0.01796611505
2014-10-24,-0.0002104008143
2014-10-27,-0.05941860561
2014-10-28,0.09092676316
2014-10-29,-0.01942789909
2014-10-30,0.002353386437
2014-10-31,0.01265317906
2014-11-03,0.003679617606
2014-11-04,-0.01520212197
2014-11-05,-0.03388488271
2014-11-06,0.0434194754
2014-11-07,-0.004237479311
2014-11-10,0.007180666782
2014-11-11,0.03712311002
2014-11-12,-0.007917175352
2014-11-13,0.01038147265
2014-11-14,0.02735194155
2014-11-17,-0.01833431993
2014-11-18,0.0145405939
2014-11-19,-0.03941630853
2014-11-20,0.003909760334
2014-11-21,-0.02413594547
2014-11-24,0.01610046639
2014-11-25,0.005535477783
2014-11-26,0.00141381209
2014-11-28,-0.01590831991
2014-12-01,-0.05410845946
2014-12-02,-0.0009069884074
2014-12-03,-0.009246242059
2014-12-04,-0.004458234452
2014-12-05,-0.02022456573
2014-12-08,-0.04269139308
2014-12-09,0.01172883011
2014-12-10,-0.03304505447
2014-12-11,-0.004585422119
2014-12-12,-0.009038737404
2014-12-15,-0.01440028971
2014-12-16,-0.0310140572
2014-12-17,0.03969512475
2014-12-18,0.05868973243
2014-12-19,0.004703471133
2014-12-22,0.01498366418
2014-12-23,-0.007351755898
2014-12-24,0.005820935194
2014-12-26,0.02471022533
2014-12-29,-0.009307069262
2014-12-30,-0.01553814254
2014-12-31,0.0008096456219
2015-01-02,-0.0140317434
2015-01-05,-0.04295252356
2015-01-06,0.005645891123
2015-01-07,-0.001563133121
2015-01-08,-0.001565580332
2015-01-09,-0.01898067666
2015-01-12,-0.02176327733
2015-01-13,0.0100379477
2015-01-14,-0.05826450178
2015-01-15,-0.004267226502
2015-01-16,0.006234774275
2015-01-20,-0.005922110612
2015-01-21,0.02389302849
2015-01-22,0.02536111212
2015-01-23,-0.001638087378
2015-01-26,0.02579834351
2015-01-27,-0.002763437145
2015-01-28,-0.03261918975
2015-01-29,0.02882522634
2015-01-30,-0.007830284419
2015-02-02,0.03542127431
2015-02-03,0.03456668393
2015-02-04,0.0008720341951
2015-02-05,0.01110489286
2015-02-06,-0.01656244872
2015-02-09,0.0005519258904
2015-02-10,-0.005491403246
2015-02-11,-0.016262681
2015-02-12,-0.04774290035
2015-02-13,0.004382153822
2015-02-17,0.002837402668
2015-02-18,0.0005430395672
2015-02-19,0.03484261089
2015-02-20,0.02518672387
2015-02-23,-0.04604176816
2015-02-24,-0.01570575485
2015-02-25,-0.001713783872
2015-02-26,0.01669582924
2015-02-27,-0.01875920507
2015-03-02,-0.0300045345
2015-03-03,0.01124002264
2015-03-04,0.01432860335
2015-03-05,-0.008983622807
2015-03-06,-0.03422309148
2015-03-09,-0.01559449316
2015-03-10,-0.002935472905
2015-03-11,0.017810188
2015-03-12,-0.01387720095
2015-03-13,-0.01258474465
2015-03-16,0.03653032093
2015-03-17,-0.004971445616
2015-03-18,0.03024958761
2015-03-19,-0.02553877826
2015-03-20,0.01234367219
2015-03-23,0.007799692555
2015-03-24,0.01041243939
2015-03-25,-0.03747981417
2015-03-26,-0.02022114105
2015-03-27,-0.02882651961
2015-03-30,0.02966908247
2015-03-31,-0.009490213342
2015-04-01,-0.006273261256
2015-04-02,0.01801207999
2015-04-06,0.06142765834
2015-04-07,0.0007382798416
2015-04-08,0.02151594059
2015-04-09,0.01158332132
2015-04-10,0.003848077149
2015-04-13,-0.005327108403
2015-04-14,-0.01111601898
2015-04-15,0.001777071912
2015-04-16,-0.005449565328
2015-04-17,0.0004353188779
2015-04-20,-0.007375164023
2015-04-21,0.0199678189
2015-04-22,0.04678012765
2015-04-23,-0.003835279642
2015-04-24,-0.0007756913824
2015-04-27,0.05833239521
2015-04-28,-0.004636070897
2015-04-29,0.008515377746
2015-04-30,-0.02792108539
2015-05-01,-8.626782182e-05
2015-05-04,0.01962213042
2015-05-05,0.01053176192
2015-05-06,-0.01087670958
2015-05-07,0.02727088582
2015-05-08,-0.0008047984161
2015-05-11,0.01209844625
2015-05-12,0.02168476023
2015-05-13,-0.006394512689
2015-05-14,0.003774019188
2015-05-15,0.01923218127
2015-05-18,-0.0003617443351
2015-05-19,-0.00649138831
2015-05-20,-0.01135335396
2015-05-21,0.005186038129
2015-05-22,0.008549763239
2015-05-26,-0.001090492829
2015-05-27,-0.0001212393084
2015-05-28,0.0161164812
2015-05-29,-0.00258636539
2015-06-01,-0.005397314452
2015-06-02,-0.004417439468
2015-06-03,0.002569672062
2015-06-04,-0.01240241393
2015-06-05,0.01300466758
2015-06-08,0.02829663528
2015-06-09,-0.001130218229
2015-06-10,-0.02092438686
2015-06-11,0.002832050647
2015-06-12,-0.002867950845
2015-06-15,-0.001239346718
2015-06-16,0.01088589609
2015-06-17,0.02839357218
2015-06-18,0.00566342697
2015-06-19,0.00236842216
2015-06-22,-0.01041939352
2015-06-23,0.02988505876
2015-06-24,-0.00938561673
2015-06-25,0.01355741565
2015-06-26,-0.006342865132
2015-06-29,-0.01916484353
2015-06-30,0.02353582275
2015-07-01,0.003310327831
2015-07-02,0.03959404188
2015-07-06,-0.001071926354
2015-07-07,-0.04324811729
2015-07-08,-0.04943627653
2015-07-09,0.01154668889
2015-07-10,0.004757576116
2015-07-13,0.01154412314
2015-07-14,0.01322655574
2015-07-15,-0.009491542832
2015-07-16,0.01336320259
2015-07-17,0.02948447688
2015-07-20,0.02729107103
2015-07-21,-0.05643812235
2015-07-22,0.004113049984
2015-07-23,-0.002506217794
2015-07-24,-0.00671977024
2015-07-27,-0.04784876273
2015-07-28,0.04562520056
2015-07-29,-0.003785185564
2015-07-30,0.01119477966
2015-07-31,-0.002403651103
2015-08-03,-0.02341308909
2015-08-04,0.02390329485
2015-08-05,0.01435678883
2015-08-06,-0.09304329249
2015-08-07,-0.01482099821
2015-08-10,-0.005663207179
2015-08-11,-0.01575546608
2015-08-12,0.003362492798
2015-08-13,0.01805618046
2015-08-14,0.002637651982
2015-08-17,0.04754383099
2015-08-18,0.02222274892
2015-08-19,-0.02119970085
2015-08-20,-0.05256622916
2015-08-21,-0.04825547657
2015-08-24,-0.05294804838
2015-08-25,0.005290511315
2015-08-26,0.02162064122
2015-08-27,0.0776314182
2015-08-28,0.02234211463
2015-08-31,0.002333484129
2015-09-01,-0.0427775008
2015-09-02,0.03726365242
2015-09-03,-0.00859998002
2015-09-04,-0.01492950807
2015-09-08,0.02546551512
2015-09-09,0.002975375399
2015-09-10,-0.00173103818
2015-09-11,0.007062108273
2015-09-14,0.01171576478
2015-09-15,0.00150367066
2015-09-16,0.03365444982
2015-09-17,-0.0006866049373
2015-09-18,-0.005544409543
2015-09-21,0.01363917336
2015-09-22,-0.01241400374
2015-09-23,0.000459770123
2015-09-24,0.007858035645
2015-09-25,-0.0238844188
2015-09-28,-0.03356276709
2015-09-29,-0.0071928152
2015-09-30,0.007072049546
2015-10-01,-0.03490155176
2015-10-02,0.03155659163
2015-10-05,-0.005754283728
2015-10-06,-0.01923934904
2015-10-07,-0.04013681416
2015-10-08,-0.0228469617
2015-10-09,-0.02695671382
2015-10-12,-0.02342919713
2015-10-13,0.0168828414
2015-10-14,-0.01086840114
2015-10-15,0.02021792295
2015-10-16,0.02542963581
2015-10-19,0.004792251934
2015-10-20,-0.06835332045
2015-10-21,-0.01389699053
2015-10-22,0.007730998261
2015-10-23,-0.01250461863
2015-10-26,0.02908653264
2015-10-27,-0.02307848956
2015-10-28,0.01233157374
2015-10-29,-0.006260177302
2015-10-30,-0.02246367394
2015-11-02,0.03261840801
2015-11-03,-0.02577720568
2015-11-04,0.1059219131
2015-11-05,0.0006020723122
2015-11-06,0.002546701654
2015-11-09,-0.03072405059
2015-11-10,-0.03997775639
2015-11-11,0.01184643967
2015-11-12,-0.02842424176
2015-11-13,-0.02737177597
2015-11-16,0.03378257196
2015-11-17,-0.001442880407
2015-11-18,0.03250104198
2015-11-19,0.00329893575
2015-11-20,-0.008107601959
2015-11-23,-0.0103208153
2015-11-24,0.002291282778
2015-11-25,0.05086949326
2015-11-27,0.008546393483
2015-11-30,-0.005845804757
2015-12-01,0.02965233903
2015-12-02,-0.02216934844
2015-12-03,0.003098775882
2015-12-04,-0.01006075335
2015-12-07,0.003250196248
2015-12-08,-0.01926450477
2015-12-09,-0.009753191229
2015-12-10,0.01129354992
2015-12-11,-0.0452688248
2015-12-14,0.007162565056
2015-12-15,0.01141551666
2015-12-16,0.05893063399
2015-12-17,-0.004789499206
2015-12-18,-0.01263142011
2015-12-21,0.009070944665
2015-12-22,-0.01128636226
2015-12-23,-0.001089961046
2015-12-24,0.003780402487
2015-12-28,-0.00705088021
2015-12-29,0.03536216051
2015-12-30,0.003787237764
2015-12-31,0.00803181889
2016-01-04,-0.07167402399
2016-01-05,8.727966087e-05
2016-01-06,-0.01983928383
2016-01-07,-0.01559760256
2016-01-08,-0.02179853852
2016-01-11,-0.01504143186
2016-01-12,0.01014559209
2016-01-13,-0.04709849683
2016-01-14,0.02888098206
2016-01-15,-0.005785951139
2016-01-19,-0.001318005609
2016-01-20,-0.02984452594
2016-01-21,0.006366189008
2016-01-22,0.0128194462
2016-01-25,-0.03093274338
2016-01-26,-0.01446401582
2016-01-27,-0.02877330797
2016-01-28,0.008632278724
2016-01-29,0.007876102999
2016-02-01,0.0295739593
2016-02-02,-0.07461606666
2016-02-03,-0.05222107152
2016-02-04,0.01061332746
2016-02-05,-0.07537956713
2016-02-08,-0.0941484932
2016-02-09,0.001751961277
2016-02-10,-0.03137766217
2016-02-11,0.04624140282
2016-02-12,0.003780986167
2016-02-16,0.02698312035
2016-02-17,0.08347595232
2016-02-18,-0.01138484705
2016-02-19,-0.001142944692
2016-02-22,0.06484632227
2016-02-23,-0.002983525221
2016-02-24,0.01004754255
2016-02-25,0.04601976216
2016-02-26,0.01540654506
2016-02-29,0.008318797335
2016-03-01,-0.0295041743
2016-03-02,0.01062489728
2016-03-03,0.0385358535
2016-03-04,0.02672168671
2016-03-07,0.02091723333
2016-03-08,-0.0131875539
2016-03-09,0.02975997665
2016-03-10,-0.01710595684
2016-03-11,0.01123885049
2016-03-14,0.03620420529
2016-03-15,0.01472034553
2016-03-16,0.01630628302
2016-03-17,0.01985523933
2016-03-18,0.02770694748
2016-03-21,0.02369235773
2016-03-22,-0.01726807763
2016-03-23,-0.05105739685
2016-03-24,0.02295750682
2016-03-28,0.01096493595
2016-03-29,-0.0005669100622
2016-03-30,-0.0141790481
2016-03-31,0.01261349005
2016-04-01,0.033465586
2016-04-04,0.03880345539
2016-04-05,0.03375517876
2016-04-06,0.03821233207
2016-04-07,-0.03145942444
2016-04-08,-0.02811705715
2016-04-11,-0.0006000132183
2016-04-12,-0.008438207416
2016-04-13,0.02672001305
2016-04-14,-0.01054530883
2016-04-15,0.01046280058
2016-04-18,-0.002478418386
2016-04-19,-0.02597657478
2016-04-20,0.01045974068
2016-04-21,-0.006743479287
2016-04-22,0.02175206918
2016-04-25,-0.007636954224
2016-04-26,0.007595574139
2016-04-27,-0.008984434275
2016-04-28,-0.01506697934
2016-04-29,-0.02845604366
2016-05-02,0.004308274746
2016-05-03,-0.03999520654
2016-05-04,-0.04292125005
2016-05-05,-0.05082764919
2016-05-06,0.01594788766
2016-05-09,-0.02836331649
2016-05-10,-0.001099110406
2016-05-11,0.001292945726
2016-05-12,-0.008072290441
2016-05-13,0.0015907796
2016-05-16,0.003267611386
2016-05-17,-0.01758127377
2016-05-18,0.03131343063
2016-05-19,0.01894847601
2016-05-20,0.02328522226
2016-05-23,-0.01859847423
2016-05-24,0.007781118659
2016-05-25,0.007639068897
2016-05-26,0.02491468549
2016-05-27,-0.009284707547
2016-05-31,0.000853744258
2016-06-01,-0.01657936368
2016-06-02,-0.00273648519
2016-06-03,0.0001370022539
2016-06-06,0.007689904943
2016-06-07,0.05148597566
2016-06-08,0.01359404851
2016-06-09,-0.02649871102
2016-06-10,-0.04718263589
2016-06-13,-0.004211516082
2016-06-14,-0.01344655926
2016-06-15,0.01266138118
2016-06-16,0.001060533121
2016-06-17,-0.0113521954
2016-06-20,0.019441246
2016-06-21,-0.0004097325187
2016-06-22,-0.1103766309
2016-06-23,-0.001328041716
2016-06-24,-0.01668117232
2016-06-27,0.02757379806
2016-06-28,0.01618655467
2016-06-29,0.04078423187
2016-06-30,0.009891895591
2016-07-01,0.01968208001
2016-07-05,-0.01170802193
2016-07-06,0.002149762919
2016-07-07,0.00697061236
2016-07-08,0.003882423069
2016-07-11,0.0362369073
2016-07-12,-0.0005740604924
2016-07-13,-0.009486184111
2016-07-14,-0.004499399565
2016-07-15,-0.005118468849
2016-07-18,0.02619656396
2016-07-19,-0.004385301673
2016-07-20,0.01367026014
2016-07-21,-0.03502563621
2016-07-22,0.00799516421
2016-07-25,0.03422992714
2016-07-26,-0.002174006151
2016-07-27,-0.00445414611
2016-07-28,0.009233338052
2016-07-29,0.01796565514
2016-08-01,-0.02057084093
2016-08-02,-0.01228989869
2016-08-03,-0.006225309349
2016-08-04,0.02112039383
2016-08-05,-0.002520410461
2016-08-08,-0.01696705901
2016-08-09,0.01283078497
2016-08-10,-0.01508837708
2016-08-11,-0.003282588267
2016-08-12,0.003109738911
2016-08-15,-9.308510645e-05
2016-08-16,-0.008815749026
2016-08-17,-0.001651561302
2016-08-18,0.001208727156
2016-08-19,0.006642009389
2016-08-22,-0.009242581367
2016-08-23,0.00852899349
2016-08-24,-0.009922778245
2016-08-25,-0.007480083571
2016-08-26,-0.004401861738
2016-08-29,-0.02201193907
2016-08-30,-0.01810430655
2016-08-31,0.003167598217
2016-09-01,-0.0544709787
2016-09-02,-0.0150096909
2016-09-06,0.02521541599
2016-09-07,-0.005539646267
2016-09-08,-0.02180160473
2016-09-09,-0.01474645817
2016-09-12,0.01950055492
2016-09-13,-0.01141130679
2016-09-14,0.001834582383
2016-09-15,0.02020835874
2016-09-16,0.02454419335
2016-09-19,0.004568430455
2016-09-20,-0.00827051253
2016-09-21,0.002825356879
2016-09-22,0.005881233861
2016-09-23,0.004928974896
2016-09-26,0.007398449607
2016-09-27,-0.01533295388
2016-09-28,0.002227723694
2016-09-29,-0.0273723104
2016-09-30,0.01645578605
2016-10-03,0.0463084602
2016-10-04,-0.01077612604
2016-10-05,-0.01405459824
2016-10-06,-0.03643986971
2016-10-07,-0.02208538005
2016-10-10,0.02183908106
2016-10-11,-0.004241367484
2016-10-12,0.007021766357
2016-10-13,-0.00632485783
2016-10-14,-0.01879828512
2016-10-17,-0.01306133491
2016-10-18,0.02615016968
2016-10-19,0.02215855823
2016-10-20,-0.02215855823
2016-10-21,0.004960066684
2016-10-24,0.01325578118
2016-10-25,-0.002073567945
2016-10-26,-0.0004893964209
2016-10-27,0.008713879842
2016-10-28,-0.02000660819
2016-10-31,-0.01126239119
2016-11-01,-0.03573173768
2016-11-02,-0.01461972661
2016-11-03,-0.003196243941
2016-11-04,0.01661235011
2016-11-07,0.01381316252
2016-11-08,0.008911550781
2016-11-09,-0.02534937638
2016-11-10,-0.02509381534
2016-11-11,0.01717028311
2016-11-14,-0.03843602106
2016-11-15,0.01269936568
2016-11-16,0.0008729955314
2016-11-17,0.02538855251
2016-11-18,-0.0194771732
2016-11-21,-0.002711480797
2016-11-22,0.03541055106
2016-11-23,0.01024961453
2016-11-25,0.01801018434
2016-11-28,-0.002696232639
2016-11-29,-0.03397091679
2016-11-30,-0.0008945287895
2016-12-01,-0.04051944078
2016-12-02,-0.002254029101
2016-12-05,0.02894549834
2016-12-06,-0.005095952388
2016-12-07,0.03852978103
2016-12-08,-0.004467628851
2016-12-09,-0.0005696160708
2016-12-12,0.001302616727
2016-12-13,0.02928927006
2016-12-14,0.002721501529
2016-12-15,-0.005602255549
2016-12-16,0.02454446773
2016-12-19,0.001184544792
2016-12-20,0.02945398925
2016-12-21,-0.00522942919
2016-12-22,0.003604464783
2016-12-23,0.02318787789
2016-12-27,0.02859713897
2016-12-28,0.0009561340135
2016-12-29,-0.02329420655
2016-12-30,-0.00462218065
2017-01-03,0.01532490287
2017-01-04,0.04505689686
2017-01-05,-0.001057872321
2017-01-06,0.009913193345
2017-01-09,0.009867772178
2017-01-10,-0.006115152711
2017-01-11,-0.0006135770427
2017-01-12,-0.0006074203437
2017-01-13,0.03492459194
2017-01-17,-0.009171265318
2017-01-18,0.01173579744
2017-01-19,0.02240195233
2017-01-20,0.003967333092
2017-01-23,0.01698004941
2017-01-24,0.02259939427
2017-01-25,-0.0005480469336
2017-01-26,-0.007734063824
2017-01-27,0.001739012169
2017-01-30,-0.009210121104
2017-01-31,0.005169543509
2017-02-01,-0.01073299879
2017-02-02,0.009225489261
2017-02-03,-0.0008769497032
2017-02-06,0.02530482693
2017-02-07,-0.001129548883
2017-02-08,0.01770969538
2017-02-09,0.02680665446
2017-02-10,0.0001114348915
2017-02-13,0.04136405955
2017-02-14,0.001351542861
2017-02-15,-0.004349612424
2017-02-16,-0.03940839128
2017-02-17,0.01212364518
2017-02-21,0.01877712682
2017-02-22,-0.01408807645
2017-02-23,-0.06619980305
2017-02-24,0.003935758151
2017-02-27,-0.04281011151
2017-02-28,0.01515688921
2017-03-01,0.0001199976002
2017-03-02,0.001840158521
2017-03-03,0.004338220129
2017-03-06,-0.001432040962
2017-03-07,-0.010480288
2017-03-08,-0.006945082062
2017-03-09,-0.00800987668
2017-03-10,-0.004955079875
2017-03-13,0.01012339732
2017-03-14,0.04693926187
2017-03-15,-0.008835429331
2017-03-16,0.02441116966
2017-03-17,-0.002102953791
2017-03-20,0.001604833184
2017-03-21,-0.04385997928
2017-03-22,0.01712749542
2017-03-23,-0.000906255579
2017-03-24,0.03236374702
2017-03-27,0.02647608016
2017-03-28,0.02640424652
2017-03-29,-0.0002541316686
2017-03-30,0.001944895265
2017-03-31,0.001364569415
2017-04-03,0.07013738542
2017-04-04,0.01720676108
2017-04-05,-0.02906496716
2017-04-06,0.01246100005
2017-04-07,0.01277379616
2017-04-10,0.03204055975
2017-04-11,-0.01184846267
2017-04-12,-0.03921235584
2017-04-13,0.02383775745
2017-04-17,-0.008458354754
2017-04-18,-0.00395386515
2017-04-19,0.01739811668
2017-04-20,-0.009902560981
2017-04-21,0.01016273923
2017-04-24,0.007920136442
2017-04-25,0.01852682133
2017-04-26,-0.01160184467
2017-04-27,-0.004979005906
2017-04-28,0.01747436264
2017-05-01,0.02750997788
2017-05-02,-0.01228122109
2017-05-03,-0.02498582139
2017-05-04,-0.05132705479
2017-05-05,0.04270535135
2017-05-08,-0.003772301968
2017-05-09,0.04478438675
2017-05-10,0.01225113122
2017-05-11,-0.006538466145
2017-05-12,0.00527852316
2017-05-15,-0.02787641848
2017-05-16,0.003569341613
2017-05-17,-0.03499043804
2017-05-18,0.02245358152
2017-05-19,-0.007150323665
2017-05-22,-0.001545446072
2017-05-23,-0.02113526934
2017-05-24,0.02071468792
2017-05-25,0.02108524099
2017-05-26,0.02589050638
2017-05-30,0.03017313594
2017-05-31,0.01748280762
2017-06-01,-0.001880010152
2017-06-02,-0.001525977186
2017-06-05,0.02174216976
2017-06-06,0.01579363563
2017-06-07,0.01909110614
2017-06-08,0.02837163044
2017-06-09,-0.03487401746
2017-06-12,0.004719903727
2017-06-13,0.04610458261
2017-06-14,0.01245044889
2017-06-15,-0.01407166076
2017-06-16,-0.01055396507
2017-06-19,-0.004318682049
2017-06-20,0.006577840666
2017-06-21,0.0111122718
2017-06-22,0.01636380747
2017-06-23,0.002193043451
2017-06-26,-0.01566385199
2017-06-27,-0.04087828899
2017-06-28,0.0241816176
2017-06-29,-0.02866220923
2017-06-30,0.002379702643
2017-07-03,-0.02517391044
2017-07-05,-0.07515562747
2017-07-06,-0.05744277968
2017-07-07,0.01411164001
2017-07-10,0.008996206203
2017-07-11,0.03473382666
2017-07-12,0.00700279455
2017-07-13,-0.01871463598
2017-07-14,0.01342023749
2017-07-17,-0.02536474488
2017-07-18,0.02676866466
2017-07-19,-0.009121708908
2017-07-20,0.01422685385
2017-07-21,-0.004620861303
2017-07-24,0.04210065488
2017-07-25,-0.008563055489
2017-07-26,0.01243560721
2017-07-27,-0.02768826564
2017-07-28,0.001823669216
2017-07-31,-0.03523154555
2017-08-01,-0.01213001292
2017-08-02,0.01958199436
2017-08-03,0.06302277065
2017-08-04,0.02790097739
2017-08-07,-0.004887101065
2017-08-08,0.02790336364
2017-08-09,-0.00463946262
2017-08-10,-0.02261794026
2017-08-11,0.006927283108
2017-08-14,0.01643309974
2017-08-15,-0.004048872881
2017-08-16,0.00160085082
2017-08-17,-0.03075241338
2017-08-18,-0.0127529058
2017-08-21,-0.02801794197
2017-08-22,0.01027820014
2017-08-23,0.03290647787
2017-08-24,0.000454867193
2017-08-25,-0.01392644266
2017-08-28,-0.006889078066
2017-08-29,0.004904633728
2017-08-30,0.01661615958
2017-08-31,0.007674771129
2017-09-01,-0.00140868855
2017-09-05,-0.0164814696
2017-09-06,-0.01457841861
2017-09-07,0.01749187397
2017-09-08,-0.02078000218
2017-09-11,0.05740736399
2017-09-12,-0.002589343023
2017-09-13,0.009547672665
2017-09-14,0.0306811748
2017-09-15,0.005731083261
2017-09-18,0.01357218886
2017-09-19,-0.02605064292
2017-09-20,-0.003180200541
2017-09-21,-0.02006983994
2017-09-22,-0.04290134872
2017-09-25,-0.01752861907
2017-09-26,0.0007562587287
2017-09-27,-0.01247721005
2017-09-28,-0.004024576031
2017-09-29,0.004407234987
2017-10-02,0.001261297458
2017-10-03,0.01916627464
2017-10-04,0.01954128816
2017-10-05,0.0009037926116
2017-10-06,0.004351248528
2017-10-09,-0.03984262809
2017-10-10,0.03622141903
2017-10-11,-0.002787988119
2017-10-12,0.003041056576
2017-10-13,-0.0003079083976
2017-10-16,-0.01407899546
2017-10-17,0.01458509609
2017-10-18,0.0109030841
2017-10-19,-0.02204146941
2017-10-20,-0.01925557818
2017-10-23,-0.02369340319
2017-10-24,0.0009475658722
2017-10-25,-0.03468184381
2017-10-26,0.001012252947
2017-10-27,-0.01638575237
2017-10-30,-0.002461971756
2017-10-31,0.03514577661
2017-11-01,-0.03202954725
2017-11-02,-0.07037432448
2017-11-03,0.02256474481
2017-11-06,-0.01087435854
2017-11-07,0.01074203576
2017-11-08,-0.005435437011
2017-11-09,-0.004613265121
2017-11-10,0
2017-11-13,0.04014510837
2017-11-14,-0.02147332831
2017-11-15,0.00838553977
2017-11-16,0.003847397897
2017-11-17,0.008126900162
2017-11-20,-0.0202286511
2017-11-21,0.02895102843
2017-11-22,-0.01652772868
2017-11-24,0.009394314577
2017-11-27,0.003985070766
2017-11-28,0.002331482919
2017-11-29,-0.03202850036
2017-11-30,0.004248936251
2017-12-01,-0.007541723436
2017-12-04,-0.004345061027
2017-12-05,-0.004926919267
2017-12-06,0.03099149824
2017-12-07,-0.00647080438
2017-12-08,0.01242412648
2017-12-11,0.04279579819
2017-12-12,0.03618634687
2017-12-13,-0.005880384765
2017-12-14,-0.003368200312
2017-12-15,0.01632259775
2017-12-18,-0.01342791896
2017-12-19,-0.02319614308
2017-12-20,-0.00642197579
2017-12-21,0.008114896709
2017-12-22,-0.01967147768
2017-12-26,-0.02462261965
2017-12-27,-0.01796908256
2017-12-28,0.01186616794
2017-12-29,-0.01279555618
2018-01-02,0.02905814841
2018-01-03,-0.01028732904
2018-01-04,-0.008322955983
2018-01-05,0.006207244265
2018-01-08,0.06075477301
2018-01-09,-0.008116749618
2018-01-10,0.003320920343
2018-01-11,0.009364616931
2018-01-12,-0.005130760821
2018-01-16,0.01135634823
2018-01-17,0.02066222582
2018-01-18,-0.007489957015
2018-01-19,0.01569591244
2018-01-22,0.004387247266
2018-01-23,0.003492590322
2018-01-24,-0.0197522019
2018-01-25,-0.02414060164
2018-01-26,0.01531573385
2018-01-29,0.01929490281
2018-01-30,-0.01066954059
2018-01-31,0.02425379302
2018-02-01,-0.01438708084
2018-02-02,-0.01587046297
2018-02-05,-0.03138179842
2018-02-06,0.00251836062
2018-02-07,0.03249175131
2018-02-08,-0.09024347206
2018-02-09,-0.01537311503
2018-02-12,0.01696117166
2018-02-13,0.02480303565
2018-02-14,-0.004179773226
2018-02-15,0.03580985027
2018-02-16,0.00427003541
2018-02-20,-0.002148420842
2018-02-21,-0.004400743552
2018-02-22,0.03788699856
2018-02-23,0.01684322709
2018-02-26,0.0151383499
2018-02-27,-0.01815525238
2018-02-28,-0.02284949204
2018-03-01,-0.0359999438
2018-03-02,0.01258031199
2018-03-05,-0.005295695497
2018-03-06,-0.01556831048
2018-03-07,0.01241349204
2018-03-08,-0.009675014746
2018-03-09,-0.005883270724
2018-03-12,0.05454320112
2018-03-13,-0.01068025769
2018-03-14,-0.04551482765
2018-03-15,-0.00315533126
2018-03-16,-0.01314185387
2018-03-19,-0.02453858656
2018-03-20,-0.009647420363
2018-03-21,0.01907471486
2018-03-22,-0.02375155709
2018-03-23,-0.02476213123
2018-03-26,0.008716939702
2018-03-27,-0.08576454012
2018-03-28,-0.07975216675
2018-03-29,0.03188034286
2018-04-02,-0.05265287354
2018-04-03,0.05789780297
2018-04-04,0.07004155151
2018-04-05,0.06339662275
2018-04-06,-0.0212232706
2018-04-09,-0.03273519676
2018-04-10,0.0506164975
2018-04-11,-0.01244836547
2018-04-12,-0.02302754062
2018-04-13,0.02106669208
2018-04-16,-0.03087217464
2018-04-17,-0.01216288285
2018-04-18,0.01948636628
2018-04-19,0.02267929973
2018-04-20,-0.03334099534
2018-04-23,-0.02395474448
2018-04-24,0.000317556091
2018-04-25,-0.009816616986
2018-04-26,0.01691933527
2018-04-27,0.02964756041
2018-04-30,-0.0005816623461
2018-05-01,0.02027956737
2018-05-02,0.004092700253
2018-05-03,-0.05705440637
2018-05-04,0.03333010952
2018-05-07,0.02908924983
2018-05-08,-0.002649073878
2018-05-09,0.0160346394
2018-05-10,-0.005981670831
2018-05-11,-0.01306774623
2018-05-14,-0.03065847146
2018-05-15,-0.02704668901
2018-05-16,0.008064390251
2018-05-17,-0.006798387012
2018-05-18,-0.0275028023
2018-05-21,0.02732882187
2018-05-22,-0.03389064292
2018-05-23,0.01465697743
2018-05-24,-0.004384837881
2018-05-25,0.003594402643
2018-05-29,0.01745304558
2018-05-30,0.0276673897
2018-05-31,-0.02425307531
2018-06-01,0.02459752441
2018-06-04,0.01671913228
2018-06-05,-0.01908639924
2018-06-06,0.09298565356
2018-06-07,-0.01072870883
2018-06-08,0.004951489406
2018-06-11,0.04445607399
2018-06-12,0.03162208122
2018-06-13,0.005846872663
2018-06-14,0.03684547521
2018-06-15,0.001257176547
2018-06-18,0.03473600254
2018-06-19,-0.05055269864
2018-06-20,0.02706072411
2018-06-21,-0.04145975928
2018-06-22,-0.04075940826
2018-06-25,-0.001858573484
2018-06-26,0.02663671605
2018-06-27,0.007284804769
2018-06-28,0.01563902151
2018-06-29,-0.02015135733
2018-07-02,-0.02324374078
2018-07-03,-0.07499681517
2018-07-05,-0.005482090532
2018-07-06,-0.0008445782465
2018-07-09,0.03063789042
2018-07-10,0.01235623696
2018-07-11,-0.01094440558
2018-07-12,-0.007079174403
2018-07-13,0.006796967544
2018-07-16,-0.02789028249
2018-07-17,0.0398004458
2018-07-18,0.003586786112
2018-07-19,-0.01123939664
2018-07-20,-0.02098813255
2018-07-23,-0.03366191175
2018-07-24,-0.01921042044
2018-07-25,0.03732053399
2018-07-26,-0.006795716691
2018-07-27,-0.03136738572
2018-07-30,-0.02386933458
2018-07-31,0.02709449359
2018-08-01,0.009015387116
2018-08-02,0.1500408728
2018-08-03,-0.003930004628
2018-08-06,-0.01790939532
2018-08-07,0.1042603155
2018-08-08,-0.02462019784
2018-08-09,-0.04950996564
2018-08-10,0.008585526082
2018-08-13,0.0025874435
2018-08-14,-0.02491569487
2018-08-15,-0.02608370311
2018-08-16,-0.009612334985
2018-08-17,-0.0935200082
2018-08-20,0.009577540753
2018-08-21,0.04271198228
2018-08-22,-0.000806476093
2018-08-23,-0.004801015236
2018-08-24,0.008459896517
2018-08-27,-0.01105463764
2018-08-28,-0.02348273341
2018-08-29,-0.02221140948
2018-08-30,-0.006116830437
2018-08-31,-0.004925519684
2018-09-04,-0.04305028047
2018-09-05,-0.02882295825
2018-09-06,0.000747743452
2018-09-07,-0.06511245338
2018-09-10,0.0811760136
2018-09-11,-0.02145446658
2018-09-12,0.03895372831
2018-09-13,-0.003724148656
2018-09-14,0.01963770187
2018-09-17,-0.001220256405
2018-09-18,-0.03408577141
2018-09-19,0.04816506801
2018-09-20,-0.002310200558
2018-09-21,0.002576033281
2018-09-24,0.001938941505
2018-09-25,0.004360134465
2018-09-26,0.02814111363
2018-09-27,-0.006679655366
2018-09-28,-0.1496788637
2018-10-01,0.159966571
2018-10-02,-0.0316494994
2018-10-03,-0.02088124348
2018-10-04,-0.04498963785
2018-10-05,-0.07315408931
2018-10-08,-0.04445332429
2018-10-09,0.04769487381
2018-10-10,-0.02278618327
2018-10-11,-0.018267716
2018-10-12,0.02563889254
2018-10-15,0.003125183399
2018-10-16,0.06343099427
2018-10-17,-0.01753970234
2018-10-18,-0.02938661928
2018-10-19,-0.014928428
2018-10-22,0.003651026227
2018-10-23,0.1197234104
2018-10-24,-0.01936079176
2018-10-25,0.08743633075
2018-10-26,0.04968653133
2018-10-29,0.01186496222
2018-10-30,-0.01489311453
2018-10-31,0.02224397208
2018-11-01,0.02042324507
2018-11-02,0.006167764851
2018-11-05,-0.01456823427
2018-11-06,-0.0009978614944
2018-11-07,0.02060663148
2018-11-08,0.009263018284
2018-11-09,-0.002538788388
2018-11-12,-0.05642538031
2018-11-13,0.02224089992
2018-11-14,0.01543687402
2018-11-15,0.0128244101
2018-11-16,0.01670903335
2018-11-19,-0.002373616682
2018-11-20,-0.01706414304
2018-11-21,-0.02712801989
2018-11-23,-0.03723209476
2018-11-26,0.06006444718
2018-11-27,-0.006031147955
2018-11-28,0.01141833726
2018-11-29,-0.01944505712
2018-11-30,0.02691986456
2018-12-03,0.02259715402
2018-12-04,0.003370979794
2018-12-06,0.009297759161
2018-12-07,-0.01411752909
2018-12-10,0.01985627799
2018-12-11,0.004402187705
2018-12-12,-0.0004377110645
2018-12-13,0.02741534067
2018-12-14,-0.02984463927
2018-12-17,-0.04843338819
2018-12-18,-0.0332352179
2018-12-19,-0.01212103488
2018-12-20,-0.05427572024
2018-12-21,0.01382531178
2018-12-24,-0.07930377757
2018-12-26,0.09887367377
2018-12-27,-0.0310199438
2018-12-28,0.05459975589
2018-12-31,-0.003208484304
2019-01-02,-0.07058227972
2019-01-03,-0.0319791764
2019-01-04,0.05609273545
2019-01-07,0.05293812374
2019-01-08,0.001163639099
2019-01-09,0.009437938166
2019-01-10,0.01884326504
2019-01-11,0.00661776203
2019-01-14,-0.03773883276
2019-01-15,0.02955449078
2019-01-16,0.004692396514
2019-01-17,0.003634479598
2019-01-18,-0.1389285245
2019-01-22,-0.01111324928
2019-01-23,-0.03863838575
2019-01-24,0.01353671721
2019-01-25,0.01879418262
2019-01-28,-0.002224391358
2019-01-29,0.003637341277
2019-01-30,0.03731683944
2019-01-31,-0.005685390454
2019-02-01,0.01676314627
2019-02-04,0.002174054747
2019-02-05,0.02667922282
2019-02-06,-0.0129337764
2019-02-07,-0.03108630647
2019-02-08,-0.005576304456
2019-02-11,0.02275894918
2019-02-12,-0.003299453325
2019-02-13,-0.01173922317
2019-02-14,-0.01438401111
2019-02-15,0.01343928253
2019-02-19,-0.007300533876
2019-02-20,-0.01012668131
2019-02-21,-0.03816964134
2019-02-22,0.01187850926
2019-02-25,0.01368392122
2019-02-26,-0.003052147796
2019-02-27,0.05512659097
2019-02-28,0.01619587259
2019-03-01,-0.08167942782
2019-03-04,-0.03251339351
2019-03-05,-0.03139606509
2019-03-06,-0.001085422879
2019-03-07,0.001264404474
2019-03-08,0.02693437658
2019-03-11,0.02358119983
2019-03-12,-0.0263300954
2019-03-13,0.01956833166
2019-03-14,0.003456436578
2019-03-15,-0.05141119398
2019-03-18,-0.02180222891
2019-03-19,-0.007525742765
2019-03-20,0.0226616446
2019-03-21,0.001533910677
2019-03-22,-0.03524832015
2019-03-25,-0.01565898395
2019-03-26,0.02783274348
2019-03-27,0.02602618889
2019-03-28,0.01369791614
2019-03-29,0.004437050683
2019-04-01,0.03276336911
2019-04-02,-0.01147716929
2019-04-03,0.02052901421
2019-04-04,-0.08593715768
2019-04-05,0.02646170312
2019-04-08,-0.006425153452
2019-04-09,-0.003261174327
2019-04-10,0.01367711019
2019-04-11,-0.02806345268
2019-04-12,-0.002685962433
2019-04-15,-0.004943080498
2019-04-16,0.02586387002
2019-04-17,-0.00782243839
2019-04-18,0.007454723732
2019-04-22,-0.03921698044
2019-04-23,0.004363436146
2019-04-24,-0.02005389086
2019-04-25,-0.04357674221
2019-04-26,-0.05175663434
2019-04-29,0.02656416033
2019-04-30,-0.01157750813
2019-05-01,-0.0198017475
2019-05-02,0.04220994291
2019-05-03,0.04380525624
2019-05-06,0.001216763266
2019-05-07,-0.03296470266
2019-05-08,-0.009026267776
2019-05-09,-0.01175190002
2019-05-10,-0.01021815744
2019-05-13,-0.0536428513
2019-05-14,0.02307646496
2019-05-15,-0.001550858776
2019-05-16,-0.01572772461
2019-05-17,-0.07878927815
2019-05-20,-0.02723570148
2019-05-21,-0.001366824393
2019-05-22,-0.0621073069
2019-05-23,0.01421894488
2019-05-24,-0.02517478549
2019-05-28,-0.01017854703
2019-05-29,0.006125872556
2019-05-30,-0.0086728335
2019-05-31,-0.01639117527
2019-06-03,-0.0340049159
2019-06-04,0.07858135722
2019-06-05,0.01532358424
2019-06-06,0.04651307916
2019-06-07,-0.00706789039
2019-06-10,0.04016309618
2019-06-11,0.01962714713
2019-06-12,-0.03677588647
2019-06-13,0.02197781592
2019-06-14,0.004708162618
2019-06-17,0.04596786079
2019-06-18,-0.001287323379
2019-06-19,0.007487234924
2019-06-20,-0.03053713469
2019-06-21,0.01015230247
2019-06-24,0.007986574438
2019-06-25,-0.01749706343
2019-06-26,-0.002234469833
2019-06-27,0.01615017799
2019-06-28,0.002776164427
2019-07-01,0.01647064729
2019-07-02,-0.01160243733
2019-07-03,0.04506149213
2019-07-05,-0.007692345623
2019-07-08,-0.0119110678
2019-07-09,-0.001218507121
2019-07-10,0.03779079674
2019-07-11,-0.001338162645
2019-07-12,0.02679612279
2019-07-15,0.03377709503
2019-07-16,-0.004429915948
2019-07-17,0.00978242956
2019-07-18,-0.00519276306
2019-07-19,0.01813344249
2019-07-22,-0.009732309072
2019-07-23,0.01741247832
2019-07-24,0.01794159556
2019-07-25,-0.1463409275
2019-07-26,-0.003414608635
2019-07-29,0.03333350879
2019-07-30,0.02715683994
2019-07-31,-0.002690807005
2019-08-01,-0.03264290231
2019-08-02,0.002095301718
2019-08-05,-0.02602922207
2019-08-06,0.01058674272
2019-08-07,0.01150455739
2019-08-08,0.02069521838
2019-08-09,-0.01390654344
2019-08-12,-0.02586245145
2019-08-13,0.02582415439
2019-08-14,-0.06769113829
2019-08-15,-0.01828615292
2019-08-16,0.01974670464
2019-08-19,0.03084378301
2019-08-20,-0.004287713706
2019-08-21,-0.02251994979
2019-08-22,0.005959654643
2019-08-23,-0.04960312113
2019-08-26,0.01688599429
2019-08-27,-0.004285925604
2019-08-28,0.007030998044
2019-08-29,0.02799170182
2019-08-30,0.01743758429
2019-09-03,-0.002662993312
2019-09-04,-0.01943337938
2019-09-05,0.03953568634
2019-09-06,-0.009321139017
2019-09-09,0.01890571073
2019-09-10,0.01604892673
2019-09-11,0.04790821633
2019-09-12,-0.004990182151
2019-09-13,-0.002724664157
2019-09-16,-0.009799057938
2019-09-17,0.008121472288
2019-09-18,-0.005320730174
2019-09-19,0.01268966334
2019-09-20,-0.02455074309
2019-09-23,0.00253398759
2019-09-24,-0.07763556282
2019-09-25,0.02429801489
2019-09-26,0.0588378765
2019-09-27,-0.001776391793
2019-09-30,-0.00521740314
2019-10-01,0.01573677778
2019-10-02,-0.006395810422
2019-10-03,-0.04243328123
2019-10-04,-0.006885442524
2019-10-07,0.02681389803
2019-10-08,0.009751641577
2019-10-09,0.0184928487
2019-10-10,0.000858421783
2019-10-11,0.01278867682
2019-10-14,0.0359372772
2019-10-15,0.003612699641
2019-10-16,0.007186478679
2019-10-17,0.008510347097
2019-10-18,-0.01935038856
2019-10-21,-0.01351769041
2019-10-22,0.008173605482
2019-10-23,-0.003527610118
2019-10-24,0.1627070887
2019-10-25,0.0906914404
2019-10-28,-0.001280802323
2019-10-29,-0.03569095251
2019-10-30,-0.0038306211
2019-10-31,-0.0002857455836
2019-11-01,-0.005128706147
2019-11-04,0.01319338076
2019-11-05,-0.0007893611548
2019-11-06,0.0290794022
2019-11-07,0.02706474253
2019-11-08,0.004758590146
2019-11-11,0.02330697822
2019-11-12,0.01392931076
2019-11-13,-0.01097791973
2019-11-14,0.009317641391
2019-11-15,0.00803972856
2019-11-18,-0.006208002301
2019-11-19,0.02686379718
2019-11-20,-0.02051524764
2019-11-21,0.007382831614
2019-11-22,-0.06337328821
2019-11-25,0.009859935478
2019-11-26,-0.02230947958
2019-11-27,0.007179564624
2019-11-29,-0.004083304979
2019-12-02,0.01483307018
2019-12-03,0.003960843839
2019-12-04,-0.009472157751
2019-12-05,-0.008017824066
2019-12-06,0.01657046205
2019-12-09,0.01077562172
2019-12-10,0.02705252865
2019-12-11,0.01100305525
2019-12-12,0.01959971778
2019-12-13,-0.003592963336
2019-12-16,0.06248636605
2019-12-17,-0.006599720598
2019-12-18,0.03668139893
2019-12-19,0.02732266452
2019-12-20,0.003827681407
2019-12-23,0.03305427742
2019-12-24,0.01428138948
2019-12-26,0.01329047775
2019-12-27,-0.001299169655
2019-12-30,-0.03711196642
2019-12-31,0.008715217024
2020-01-02,0.02811788716
2020-01-03,0.02920266603
2020-01-06,0.01907272668
2020-01-07,0.03806668816
2020-01-08,0.04803045489
2020-01-09,-0.02218937055
2020-01-10,-0.006647305845
2020-01-13,0.09320697651
2020-01-14,0.02457640772
2020-01-15,-0.03676792872
2020-01-16,-0.009709463279
2020-01-17,-0.005841870538
2020-01-21,0.06942470814
2020-01-22,0.04005064447
2020-01-23,0.004624443653
2020-01-24,-0.01298147288
2020-01-27,-0.01211407355
2020-01-28,0.01578813133
2020-01-29,0.02455236626
2020-01-30,0.09799937579
2020-01-31,0.01511435175
2020-02-03,0.1814457865
2020-02-04,0.1286181404
2020-02-05,-0.1884498075
2020-02-06,0.01922399252
2020-02-07,-0.001190357047
2020-02-10,0.03055623253
2020-02-11,0.004009942876
2020-02-12,-0.009196585474
2020-02-13,0.04673379115
2020-02-14,-0.004950667191
2020-02-18,0.07042217181
2020-02-19,0.06649406386
2020-02-20,-0.01982528894
2020-02-21,0.001766263829
2020-02-24,-0.07752424046
2020-02-25,-0.04148297582
2020-02-26,-0.02674432277
2020-02-27,-0.1371324096
2020-02-28,-0.01634791206
2020-03-02,0.1072568722
2020-03-03,0.00253839456
2020-03-04,0.005337766041
2020-03-05,-0.03386932383
2020-03-06,-0.0294975032
2020-03-09,-0.145866098
2020-03-10,0.05958775427
2020-03-11,-0.01735014919
2020-03-12,-0.1234932201
2020-03-13,-0.02516549666
2020-03-16,-0.2055224982
2020-03-17,-0.03398023291
2020-03-18,-0.17476441
2020-03-19,0.1687947441
2020-03-20,-0.0002560895836
2020-03-23,0.01568920367
2020-03-24,0.1508457544
2020-03-25,0.0656198659
2020-03-26,-0.02077907048
2020-03-27,-0.0264758333
2020-03-30,-0.02406632693
2020-03-31,0.04263267557
2020-04-01,-0.08445989606
2020-04-02,-0.05789892923
2020-04-03,0.05467607382
2020-04-06,0.07276379496
2020-04-07,0.05503845174
2020-04-08,0.006195823671
2020-04-09,0.04307966767
2020-04-13,0.1275478857
2020-04-14,0.086676426
2020-04-15,0.02770091676
2020-04-16,0.02085578359
2020-04-17,0.01157907674
2020-04-20,-0.01003841793
2020-04-21,-0.08328147571
2020-04-22,0.06400418103
2020-04-23,-0.03683907214
2020-04-24,0.0272868197
2020-04-27,0.0966701652
2020-04-28,-0.03780035145
2020-04-29,0.04000074571
2020-04-30,-0.02354776335
2020-05-01,-0.1087356501
2020-05-04,0.08191801164
2020-05-05,0.009180135087
2020-05-06,0.01853302034
2020-05-07,-0.003250312198
2020-05-08,0.04925093151
2020-05-11,-0.00997119949
2020-05-12,-0.002319368498
2020-05-13,-0.0230581752
2020-05-14,0.01551693629
2020-05-15,-0.005191276929
2020-05-18,0.01793202812
2020-05-19,-0.006931901333
2020-05-20,0.009301791047
2020-05-21,0.01465373479
2020-05-22,-0.01303652438
2020-05-26,0.002431913166
2020-05-27,0.001660058236
2020-05-28,-0.01773618553
2020-05-29,0.03558372045
2020-06-01,0.07284854029
2020-06-02,-0.01858723145
2020-06-03,0.00158626697
2020-06-04,-0.02126799099
2020-06-05,0.0243212213
2020-06-08,0.07004464075
2020-06-09,-0.009785914734
2020-06-10,0.08590530286
2020-06-11,-0.05227752986
2020-06-12,-0.03937367909
2020-06-15,0.05776767137
2020-06-16,-0.008890447678
2020-06-17,0.0097877138
2020-06-18,0.01219706966
2020-06-19,-0.003052583073
2020-06-22,-0.006596287338
2020-06-23,0.007474111111
2020-06-24,-0.0417143678
2020-06-25,0.02581724067
2020-06-26,-0.026973135
2020-06-29,0.05039890288
2020-06-30,0.06747807737
2020-07-01,0.0362136369
2020-07-02,0.07651362066
2020-07-06,0.1264518303
2020-07-07,0.01323893836
2020-07-08,-0.01740338727
2020-07-09,0.02057887738
2020-07-10,0.1024195182
2020-07-13,-0.03129448637
2020-07-14,0.01309966772
2020-07-15,0.01907424252
2020-07-16,-0.02978507807
2020-07-17,0.0001329343971
2020-07-20,0.09049858337
2020-07-21,-0.04649336613
2020-07-22,0.01516786976
2020-07-23,-0.05105766939
2020-07-24,-0.06559805541
2020-07-27,0.08298032886
2020-07-28,-0.04185465438
2020-07-29,0.01520394417
2020-07-30,-0.007781796488
2020-07-31,-0.0388843641
2020-08-03,0.03720900063
2020-08-04,0.001345558976
2020-08-05,-0.001332427749
2020-08-06,0.003065961881
2020-08-07,-0.02506343194
2020-08-10,-0.02378146394
2020-08-11,-0.03163897317
2020-08-12,0.1233115182
2020-08-13,0.04172203673
2020-08-14,0.01816164428
2020-08-17,0.1061879991
2020-08-18,0.02764276546
2020-08-19,-0.004546670075
2020-08-20,0.0635722225
2020-08-21,0.02376828067
2020-08-24,-0.01760769887
2020-08-25,0.004527269943
2020-08-26,0.0621920429
2020-08-27,0.03897626732
2020-08-28,-0.01138787954
2020-08-31,0.1183954802
2020-09-01,-0.04782257997
2020-09-02,-0.06003429246
2020-09-03,-0.09457233805
2020-09-04,0.02743325874
2020-09-08,-0.2365178742
2020-09-09,0.1036689795
2020-09-10,0.01372028976
2020-09-11,0.003709382529
2020-09-14,0.118521834
2020-09-15,0.06936480564
2020-09-16,-0.01794758534
2020-09-17,-0.04237854681
2020-09-18,0.04326098985
2020-09-21,0.01624236528
2020-09-22,-0.05761556915
2020-09-23,-0.1091573254
2020-09-24,0.01934526254
2020-09-25,0.04918451942
2020-09-28,0.03345956272
2020-09-29,-0.005069809852
2020-09-30,0.02344202518
2020-10-01,0.04367053906
2020-10-02,-0.07665541137
2020-10-05,0.02519253209
2020-10-06,-0.02787023345
2020-10-07,0.02697761547
2020-10-08,0.001456263033
2020-10-09,0.01879346409
2020-10-12,0.01894339427
2020-10-13,0.009786907476
2020-10-14,0.03227374108
2020-10-15,-0.02729299312
2020-10-16,-0.02073114125
2020-10-19,-0.02031109222
2020-10-20,-0.02085021991
2020-10-21,0.001657392023
2020-10-22,0.007425514123
2020-10-23,-0.01219267958
2020-10-26,-0.0008326695172
2020-10-27,0.01041502626
2020-10-28,-0.04493352467
2020-10-29,0.01177684074
2020-10-30,-0.05707057542
2020-11-02,0.03162980051
2020-11-03,0.05675909305
2020-11-04,-0.006912014202
2020-11-05,0.03983880456
2020-11-06,-0.01875521328
2020-11-09,-0.02041893518
2020-11-10,-0.02621515335
2020-11-11,0.01636261717
2020-11-12,-0.0129572716
2020-11-13,-0.007948253386
2020-11-16,-0.001004420785
2020-11-17,0.07893917488
2020-11-18,0.09709751133
2020-11-19,0.02562240677
2020-11-20,-0.01953787971
2020-11-23,0.06377123868
2020-11-24,0.06227255393
2020-11-25,0.03297647791
2020-11-27,0.02028075655
2020-11-30,-0.03149303337
2020-12-01,0.02978456136
2020-12-02,-0.02763729123
2020-12-03,0.04227061927
2020-12-04,0.009493539165
2020-12-07,0.06888602817
2020-12-08,0.01257348231
2020-12-09,-0.07241946545
2020-12-10,0.03668959879
2020-12-11,-0.02761545408
2020-12-14,0.04776010877
2020-12-15,-0.01033754139
2020-12-16,-0.01668786172
2020-12-17,0.05183091659
2020-12-18,0.05790380361
2020-12-21,-0.06715503437
2020-12-22,-0.01475751362
2020-12-23,0.008769256897
2020-12-24,0.02414936519
2020-12-28,0.002897109446
2020-12-29,0.003459632575
2020-12-30,0.0423202992
2020-12-31,0.01555245965
2021-01-04,0.03358198862
2021-01-05,0.007290730879
2021-01-06,0.02799450461
2021-01-07,0.0764484623
2021-01-08,0.07548138366
2021-01-11,-0.08144220587
2021-01-12,0.04607499794
2021-01-13,0.005833628657
2021-01-14,-0.01107430952
2021-01-15,-0.0225481653
2021-01-19,0.02201547913
2021-01-20,0.006961444043
2021-01-21,-0.006440828952
2021-01-22,0.001950782048
2021-01-25,0.03955512874
2021-01-26,0.002596422018
2021-01-27,-0.0216691863
2021-01-28,-0.03381113907
2021-01-29,-0.05145533562
2021-02-01,0.05668444842
2021-02-02,0.03851918222
2021-02-03,-0.02095602998
2021-02-04,-0.005514362384
2021-02-05,0.00263197608
2021-02-08,0.01304480212
2021-02-09,-0.01630062715
2021-02-10,-0.05398221008
2021-02-11,0.008462884378
2021-02-12,0.005479992917
2021-02-16,-0.02468574781
2021-02-17,0.00242089455
2021-02-18,-0.01358557157
2021-02-19,-0.007751907125
2021-02-22,-0.08937593368
2021-02-23,-0.02216117663
2021-02-24,0.05995423628
2021-02-25,-0.08402386393
2021-02-26,-0.009899027612
2021-03-01,0.06161510934
2021-03-02,-0.04554973892
2021-03-03,-0.04963546785
2021-03-04,-0.04984368142
2021-03-05,-0.03853222093
2021-03-08,-0.06022749989
2021-03-09,0.179327114
2021-03-10,-0.008228780187
2021-03-11,0.04613060359
2021-03-12,-0.008426051477
2021-03-15,0.02027665267
2021-03-16,-0.04486519199
2021-03-17,0.03616870226
2021-03-18,-0.07184073238
2021-03-19,0.00261462042
2021-03-22,0.02284082048
2021-03-23,-0.01177034455
2021-03-24,-0.04935891957
2021-03-25,0.0159289106
2021-03-26,-0.03444038265
2021-03-29,-0.01206551222
2021-03-30,0.03902942844
2021-03-31,0.04958248474
2021-04-01,-0.009295537918
2021-04-05,0.04332449006
2021-04-06,0.0008244917909
2021-04-07,-0.03031209622
2021-04-08,0.01894075534
2021-04-09,-0.009964664096
2021-04-12,0.03620410427
2021-04-13,0.08246177508
2021-04-14,-0.04027173739
2021-04-15,0.008999979176
2021-04-16,0.00125792152
2021-04-19,-0.03458778329
2021-04-20,0.006082384098
2021-04-21,0.03435500182
2021-04-22,-0.03338160946
2021-04-23,0.01340143859
2021-04-26,0.01199278478
2021-04-27,-0.04638612749
2021-04-28,-0.01478049121
2021-04-29,-0.02537688673
2021-04-30,0.04680450581
2021-05-03,-0.03520308422
2021-05-04,-0.01663652773
2021-05-05,-0.003956451232
2021-05-06,-0.01109072492
2021-05-07,0.0132194972
2021-05-10,-0.06661378783
2021-05-11,-0.01900188922
2021-05-12,-0.04525687963
2021-05-13,-0.03133936733
2021-05-14,0.0310850503
2021-05-17,-0.02213399273
2021-05-18,0.001800987756
2021-05-19,-0.02525241079
2021-05-20,0.04055344606
2021-05-21,-0.01010542488
2021-05-24,0.04306159289
2021-05-25,-0.002890195468
2021-05-26,0.02359966366
2021-05-27,0.01875252955
2021-05-28,-0.008964210115
2021-06-01,-0.002113488344
2021-06-02,-0.03056330867
2021-06-03,-0.05482033055
2021-06-04,0.04473827998
2021-06-07,0.01009841083
2021-06-08,-0.002547985813
2021-06-09,-0.008001240321
2021-06-10,0.01876141038
2021-06-11,-0.0003767182281
2021-06-14,0.01270809837
2021-06-15,-0.03012428928
2021-06-16,0.009150807483
2021-06-17,0.01920695969
2021-06-18,0.01082363405
2021-06-21,-0.003986855956
2021-06-22,0.004628225053
2021-06-23,0.05134410999
2021-06-24,0.03479873793
2021-06-25,-0.01176318608
2021-06-28,0.02476963889
2021-06-29,-0.01162483603
2021-06-30,-0.00155814965
2021-07-01,-0.002622532108
2021-07-02,0.001444701939
2021-07-06,-0.02887057249
2021-07-07,-0.02289589008
2021-07-08,0.01257859024
2021-07-09,0.006321790893
2021-07-12,0.04283260026
2021-07-13,-0.02534398034
2021-07-14,-0.02293764326
2021-07-15,-0.004263568783
2021-07-16,-0.009854885069
2021-07-19,0.003099875154
2021-07-20,0.02185711754
2021-07-21,-0.00791938962
2021-07-22,-0.009244632931
2021-07-23,-0.009097723352
2021-07-26,0.02189187951
2021-07-27,-0.01971808053
2021-07-28,0.003406053689
2021-07-29,0.04587259627
2021-07-30,0.0144375378
2021-08-02,0.03217469798
2021-08-03,9.849161994e-05
2021-08-04,0.001661059443
2021-08-05,0.005205161007
2021-08-06,-0.02197127576
2021-08-09,0.0207531209
2021-08-10,-0.005296026798
2021-08-11,-0.0030609205
2021-08-12,0.02018151526
2021-08-13,-0.00705828839
2021-08-16,-0.04418778626
2021-08-17,-0.03027127464
2021-08-18,0.03437262192
2021-08-19,-0.02278316055
2021-08-20,0.0100314796
2021-08-23,0.0375650038
2021-08-24,0.003095868728
2021-08-25,0.003818021247
2021-08-26,-0.01421771845
2021-08-27,0.01522957966
2021-08-30,0.02632478396
2021-08-31,0.006559141592
2021-09-01,-0.002217838438
2021-09-02,-0.002318614159
2021-09-03,0.0016097306
2021-09-07,0.02603595807
2021-09-08,0.00126109171
2021-09-09,0.001312362241
2021-09-10,-0.02493553813
2021-09-13,0.009099415844
2021-09-14,0.002003106573
2021-09-15,0.01511706498
2021-09-16,0.001533692447
2021-09-17,0.003296980414
2021-09-20,-0.03936963998
2021-09-21,0.01253461343
2021-09-22,0.01684466934
2021-09-23,0.002258001198
2021-09-24,0.02716095494
2021-09-27,0.02167748804
2021-09-28,-0.0175921706
2021-09-29,0.00481118599
2021-09-30,-0.007490062573
2021-10-01,-0.0003350744856
2021-10-04,0.008106547808
2021-10-05,-0.001203364726
2021-10-06,0.002763315847
2021-10-07,0.01377879474
2021-10-08,-0.01028455583
2021-10-11,0.008177904499
2021-10-12,0.01725053213
2021-10-13,0.006630529403
2021-10-14,0.008886643047
2021-10-15,0.02974920861
2021-10-18,0.03161721081
2021-10-19,-0.00673453538
2021-10-20,0.001768715022
2021-10-21,0.03205184017
2021-10-22,0.01738722407
2021-10-25,0.1192182976
2021-10-26,-0.006293693905
2021-10-27,0.01889848055
2021-10-28,0.03705564031
2021-10-29,0.0337406069
2021-11-01,0.0814972564
2021-11-02,-0.03074253165
2021-11-03,0.03509358826
2021-11-04,0.01313563124
2021-11-05,-0.006378570011
2021-11-08,-0.04961105848
2021-11-09,-0.1277231437
2021-11-10,0.0425126055
2021-11-11,-0.004166164825
2021-11-12,-0.02870107099
2021-11-15,-0.01957234859
2021-11-16,0.0399836599
2021-11-17,0.03198403
2021-11-18,0.006744908944
2021-11-19,0.03643214006
2021-11-22,0.01727201208
2021-11-23,-0.04223214634
2021-11-24,0.00626501439
2021-11-26,-0.03101362342
2021-11-29,0.04964726707
2021-11-30,0.006810587797
2021-12-01,-0.04444073213
2021-12-02,-0.009543200044
2021-12-03,-0.06635220634
2021-12-06,-0.005889205649
2021-12-07,0.04148559718
2021-12-08,0.01623086479
2021-12-09,-0.06289341496
2021-12-10,0.01309381692
2021-12-13,-0.05105361585
2021-12-14,-0.008208387214
2021-12-15,0.01807244939
2021-12-16,-0.05158518639
2021-12-17,0.00607716889
2021-12-20,-0.03561622852
2021-12-21,0.04198662043
2021-12-22,0.07227145675
2021-12-23,0.05602017341
2021-12-27,0.02493488326
2021-12-28,-0.005013000725
2021-12-29,-0.002096880473
2021-12-30,-0.01469971309
2021-12-31,-0.01274980602
2022-01-03,0.126911741
2022-01-04,-0.04273284595
2022-01-05,-0.05495391568
2022-01-06,-0.02175845903
2022-01-07,-0.03609008754
2022-01-10,0.02989086127
2022-01-11,0.00591741706
2022-01-12,0.03853753821
2022-01-13,-0.06987667571
2022-01-14,0.01734654399
2022-01-18,-0.01836493831
2022-01-19,-0.0344133175
2022-01-20,0.0006226154174
2022-01-21,-0.0539981828
2022-01-24,-0.01483553624
2022-01-25,-0.01255166947
2022-01-26,0.02048783656
2022-01-27,-0.1227798575
2022-01-28,0.02059220805
2022-01-31,0.1014513078
2022-02-01,-0.005856534464
2022-02-02,-0.02786380699
2022-02-03,-0.01616241592
2022-02-04,0.0354741075
2022-02-07,-0.0174584094
2022-02-08,0.01602776283
2022-02-09,0.01078780689
2022-02-10,-0.02989522896
2022-02-11,-0.05050518749
2022-02-14,0.01815957527
2022-02-15,0.05191951989
2022-02-16,0.001040188082
2022-02-17,-0.05228612014
2022-02-18,-0.02235108753
2022-02-22,-0.04224624745
2022-02-23,-0.07254818983
2022-02-24,0.04695349607
2022-02-25,0.01130022455
2022-02-28,0.0721133631
2022-03-01,-0.006986425349
2022-03-02,0.01779621112
2022-03-03,-0.04724083613
2022-03-04,-0.00119207451
2022-03-07,-0.04104382482
2022-03-08,0.02433557117
2022-03-09,0.04107803161
2022-03-10,-0.02435796827
2022-03-11,-0.05259351728
2022-03-14,-0.03711718275
2022-03-15,0.04530635373
2022-03-16,0.04670421684
2022-03-17,0.03665470544
2022-03-18,0.03803541221
2022-03-21,0.01726773627
2022-03-22,0.07608354951
2022-03-23,0.005147796451
2022-03-24,0.01471420416
2022-03-25,-0.003240114426
2022-03-28,0.07728064449
2022-03-29,0.007054665314
2022-03-30,-0.005087631562
2022-03-31,-0.01509512567
2022-04-01,0.006465689279
2022-04-04,0.05459562481
2022-04-05,-0.0484647599
2022-04-06,-0.04258891086
2022-04-07,0.01093666639
2022-04-08,-0.03051010868
2022-04-11,-0.04953496359
2022-04-12,0.01122841574
2022-04-13,0.0352594622
2022-04-14,-0.03723720082
2022-04-18,0.01939446394
2022-04-19,0.02348044344
2022-04-20,-0.05082520998
2022-04-21,0.03180572187
2022-04-22,-0.003704288922
2022-04-25,-0.007019454005
2022-04-26,-0.1299277879
2022-04-27,0.005791031424
2022-04-28,-0.004548222187
2022-04-29,-0.007721958637
2022-05-02,0.03628982734
2022-05-03,0.00696386786
2022-05-04,0.04659610943
2022-05-05,-0.08695996031
2022-05-06,-0.008775453184
2022-05-09,-0.09511265989
2022-05-10,0.01629371648
2022-05-11,-0.08615256156
2022-05-12,-0.008207979295
2022-05-13,0.05555671994
2022-05-16,-0.06055545589
2022-05-17,0.05013216402
2022-05-18,-0.07043742594
2022-05-19,-0.0005495938851
2022-05-20,-0.0663160581
2022-05-23,0.01643314419
2022-05-24,-0.07176960964
2022-05-25,0.04762492802
2022-05-26,0.07164266672
2022-05-27,0.0707688076
2022-05-31,-0.001805269766
2022-06-01,-0.02387614162
2022-06-02,0.04571283908
2022-06-03,-0.09672381095
2022-06-06,0.01591965206
2022-06-07,0.002542928192
2022-06-08,0.012397367
2022-06-09,-0.008970655294
2022-06-10,-0.03168783277
2022-06-13,-0.07366957724
2022-06-14,0.02360615741
2022-06-15,0.05337361352
2022-06-16,-0.08927691446
2022-06-17,0.01702921159
2022-06-21,0.08942423077
2022-06-22,-0.004015871025
2022-06-23,-0.004315768313
2022-06-24,0.04425520605
2022-06-27,-0.003206921573
2022-06-28,-0.05133928253
2022-06-29,-0.01809989838
2022-06-30,-0.01773567655
2022-07-01,0.01235248805
2022-07-05,0.0252154215
2022-07-06,-0.005737537254
2022-07-07,0.05380524791
2022-07-08,0.02511707696
2022-07-11,-0.06772233207
2022-07-12,-0.005448296613
2022-07-13,0.01689006563
2022-07-14,0.005357291284
2022-07-15,0.007330606848
2022-07-18,0.001997448093
2022-07-19,0.02050488987
2022-07-20,0.007991442647
2022-07-21,0.09331259367
2022-07-22,0.001972976097
2022-07-25,-0.01409368582
2022-07-26,-0.03631509094
2022-07-27,0.05982896289
2022-07-28,0.02188239621
2022-07-29,0.0562383277
2022-08-01,0.0004262931053
2022-08-02,0.01107287658
2022-08-03,0.02240286435
2022-08-04,0.004014744934
2022-08-05,-0.06860325701
2022-08-08,0.007788930124
2022-08-09,-0.02471557072
2022-08-10,0.03816835406
2022-08-11,-0.02660011181
2022-08-12,0.04569028423
2022-08-15,0.03049387008
2022-08-16,-0.008952080402
2022-08-17,-0.008407413254
2022-08-18,-0.003713175544
2022-08-19,-0.02069438412
2022-08-22,-0.02302737365
2022-08-23,0.02230778905
2022-08-24,0.002167973219
2022-08-25,-0.003461762184
2022-08-26,-0.02732298153
2022-08-29,-0.01141552953
2022-08-30,-0.02531600748
2022-08-31,-0.007554571361
2022-09-01,0.005608133808
2022-09-02,-0.0253955223
2022-09-06,0.01546034503
2022-09-07,0.03325756232
2022-09-08,0.01940859583
2022-09-09,0.03538930105
2022-09-12,0.01569308816
2022-09-13,-0.04120941818
2022-09-14,0.03524593906
2022-09-15,0.00376014692
2022-09-16,-0.001317740266
2022-09-19,0.01868053407
2022-09-20,-0.001100679943
2022-09-21,-0.02602151644
2022-09-22,-0.04143859637
2022-09-23,-0.04703661746
2022-09-26,0.002466718703
2022-09-27,0.02479776409
2022-09-28,0.01706567917
2022-09-29,-0.07053028444
2022-09-30,-0.01109747827
2022-10-03,-0.0900835233
2022-10-04,0.02862915111
2022-10-05,-0.0352101645
2022-10-06,-0.01119149778
2022-10-07,-0.06533111949
2022-10-10,-0.000493240375
2022-10-11,-0.02940183573
2022-10-12,0.003412185724
2022-10-13,0.02041259138
2022-10-14,-0.07845412709
2022-10-17,0.06770743015
2022-10-18,0.003822182384
2022-10-19,0.008366735825
2022-10-20,-0.06878700957
2022-10-21,0.03395944271
2022-10-24,-0.01498771272
2022-10-25,0.05148025916
2022-10-26,0.009976595443
2022-10-27,0.002001201388
2022-10-28,0.01512341163
2022-10-31,-0.004297686745
2022-11-01,0.00122979636
2022-11-02,-0.05801084293
2022-11-03,0.001533849565
2022-11-04,-0.03709209921
2022-11-07,-0.05137701323
2022-11-08,-0.02976686123
2022-11-09,-0.07436535378
2022-11-10,0.07132886121
2022-11-11,0.02715520241
2022-11-14,-0.02594997262
2022-11-15,0.01800915372
2022-11-16,-0.03934004956
2022-11-17,-0.02026603446
2022-11-18,-0.01640283363
2022-11-21,-0.0708219794
2022-11-22,0.01207901476
2022-11-23,0.07530956714
2022-11-25,-0.001857619504
2022-11-28,0.0003280660536
2022-11-29,-0.01149153539
2022-11-30,0.07390254898
2022-12-01,0
2022-12-02,0.000821439619
2022-12-05,-0.06580518911
2022-12-06,-0.01451981233
2022-12-07,-0.0326711927
2022-12-08,-0.003453439601
2022-12-09,0.03183337819
2022-12-12,-0.06477312
2022-12-13,-0.0417982187
2022-12-14,-0.02612264983
2022-12-15,0.005533133333
2022-12-16,-0.04833678818
2022-12-19,-0.002399201417
2022-12-20,-0.08396489308
2022-12-21,-0.001670480107
2022-12-22,-0.09302305387
2022-12-23,-0.01770670004
2022-12-27,-0.1211382317
2022-12-28,0.03255325541
2022-12-29,0.07772639715
2022-12-30,0.01110215485
2023-01-03,-0.1305899756
2023-01-04,0.04997883234
2023-01-05,-0.02946904914
2023-01-06,0.0243521434
2023-01-09,0.05765458571
2023-01-10,-0.007711043153
2023-01-11,0.03610918178
2023-01-12,0.002755492464
2023-01-13,-0.009432497972
2023-01-17,0.07163643302
2023-01-18,-0.02082528099
2023-01-19,-0.01258074808
2023-01-20,0.04797727325
2023-01-23,0.0745736324
2023-01-24,0.0009734390979
2023-01-25,0.003745842338
2023-01-26,0.1040649319
2023-01-27,0.1043617017
2023-01-30,-0.06526578572
2023-01-31,0.03860665395
2023-02-01,0.04619720005
2023-02-02,0.03711743978
2023-02-03,0.009041700725
2023-02-06,0.02484922785
2023-02-07,0.01047076502
2023-02-08,0.02250785798
2023-02-09,0.02951683901
2023-02-10,-0.05161829617
2023-02-13,-0.01149349868
2023-02-14,0.07237801089
2023-02-15,0.02356717257
2023-02-16,-0.05863118434
2023-02-17,0.0305616572
2023-02-21,-0.05394721503
2023-02-22,0.0175280082
2023-02-23,0.00600602406
2023-02-24,-0.02601976594
2023-02-27,0.05316324344
2023-02-28,-0.009290239557
2023-03-01,-0.01439507818
2023-03-02,-0.06032260105
2023-03-03,0.03545613106
2023-03-06,-0.02032756408
2023-03-07,-0.03198007903
2023-03-08,-0.0308915316
2023-03-09,-0.05117762728
2023-03-10,0.003002658452
2023-03-13,0.005978403642
2023-03-14,0.04909578764
2023-03-15,-0.01545217845
2023-03-16,0.02018829879
2023-03-17,-0.02196321744
2023-03-20,0.01717252833
2023-03-21,0.07529222485
2023-03-22,-0.03308510547
2023-03-23,0.005582089253
2023-03-24,-0.009460907409
2023-03-27,0.007325656747
2023-03-28,-0.01375349764
2023-03-29,0.02448760988
2023-03-30,0.007195015108
2023-03-31,0.06050412392
2023-04-03,-0.06311917476
2023-04-04,-0.01130772343
2023-04-05,-0.03734895886
2023-04-06,-0.002482596126
2023-04-10,-0.002976434267
2023-04-11,0.01228132862
2023-04-12,-0.0340326313
2023-04-13,0.02925653486
2023-04-14,-0.004853069649
2023-04-17,0.01096667265
2023-04-18,-0.01470337516
2023-04-19,-0.0203898541
2023-04-20,-0.1025404192
2023-04-21,0.01274135565
2023-04-24,-0.01544455813
2023-04-25,-0.01163307469
2023-04-26,-0.04402466537
2023-04-27,0.04103270403
2023-04-28,0.02539427675
2023-05-01,-0.01520848593
2023-05-02,-0.009436960827
2023-05-03,0.001869625373
2023-05-04,0.003666763998
2023-05-05,0.05350548589
2023-05-08,0.01012148468
2023-05-09,-0.01548690541
2023-05-10,-0.003612784883
2023-05-11,0.02078637462
2023-05-12,-0.02411456026
2023-05-15,-0.009750922233
2023-05-16,0.001021419862
2023-05-17,0.04313495532
2023-05-18,0.0172776928
2023-05-19,0.0182062559
2023-05-22,0.04732462135
2023-05-23,-0.0165495983
2023-05-24,-0.01556979401
2023-05-25,0.008547293237
2023-05-26,0.04608378158
2023-05-30,0.04052998109
2023-05-31,0.0136761864
2023-06-01,0.01745092286
2023-06-02,0.03060809771
2023-06-05,0.01686865153
2023-06-06,0.01685996376
2023-06-07,0.01462302903
2023-06-08,0.04480212935
2023-06-09,0.03981663536
2023-06-12,0.02197445926
2023-06-13,0.0349270567
2023-06-14,-0.00744911301
2023-06-15,-0.003471887082
2023-06-16,0.0179696571
2023-06-20,0.05201269473
2023-06-21,-0.05616654685
2023-06-22,0.01965449572
2023-06-23,-0.03073859168
2023-06-26,-0.06251407133
2023-06-27,0.03729618441
2023-06-28,0.02381394004
2023-06-29,0.004905214803
2023-06-30,0.01644653551
2023-07-03,0.06668028369
2023-07-05,0.009461212315
2023-07-06,-0.02125227566
2023-07-07,-0.007659256639
2023-07-10,-0.01771974898
2023-07-11,0.0006674082561
2023-07-12,0.00812142232
2023-07-13,0.02149603583
2023-07-14,0.0124447322
2023-07-17,0.03148434111
2023-07-18,0.01014193576
2023-07-19,-0.007116006764
2023-07-20,-0.1024426073
2023-07-21,-0.0110151806
2023-07-24,0.03417585192
2023-07-25,-0.01414853111
2023-07-26,-0.003511889265
2023-07-27,-0.03322999282
2023-07-28,0.04110508768
2023-07-31,0.003708772303
2023-08-01,-0.02406927925
2023-08-02,-0.02702132646
2023-08-03,0.02029557617
2023-08-04,-0.02127988635
2023-08-07,-0.009538771342
2023-08-08,-0.006983965332
2023-08-09,-0.03053765521
2023-08-10,0.01292246153
2023-08-11,-0.01102492775
2023-08-14,-0.01198165284
2023-08-15,-0.028771658
2023-08-16,-0.03210324538
2023-08-17,-0.02868772784
2023-08-18,-0.01716128703
2023-08-21,0.07071459295
2023-08-22,0.008224474202
2023-08-23,0.01561567738
2023-08-24,-0.02921604245
2023-08-25,0.03649339079
2023-08-28,0.0009635324681
2023-08-29,0.07406609874
2023-08-30,-0.001089324726
2023-08-31,0.004582710261
2023-09-01,-0.05197058834
2023-09-05,0.04579065146
2023-09-06,-0.0179781007
2023-09-07,-0.001708349475
2023-09-08,-0.01196038178
2023-09-11,0.09615123812
2023-09-12,-0.02254928648
2023-09-13,0.01418042248
2023-09-14,0.01732056309
2023-09-15,-0.005995330713
2023-09-18,-0.03376458009
2023-09-19,0.004588371659
2023-09-20,-0.01478036319
2023-09-21,-0.02658899812
2023-09-22,-0.04323658766
2023-09-25,0.008579555341
2023-09-26,-0.0116879423
2023-09-27,-0.01493981813
2023-09-28,0.02415496999
2023-09-29,0.01546547136
2023-10-02,0.005499993937
2023-10-03,-0.02035683489
2023-10-04,0.05764955639
2023-10-05,-0.004259326099
2023-10-06,0.001844097491
2023-10-09,-0.00330642362
2023-10-10,0.01509707819
2023-10-11,-0.002392663643
2023-10-12,-0.01579000345
2023-10-13,-0.03039509265
2023-10-16,0.01108834424
2023-10-17,0.003655880008
2023-10-18,-0.04893143371
2023-10-19,-0.09761628168
2023-10-20,-0.03758831765
2023-10-23,0.0004244582326
2023-10-24,0.02071935995
2023-10-25,-0.01911747504
2023-10-26,-0.03185500584
2023-10-27,0.007456578392
2023-10-30,-0.04913754722
2023-10-31,0.01747909895
2023-11-01,0.02371574863
2023-11-02,0.06060746028
2023-11-03,0.006613931561
2023-11-06,-0.003141864479
2023-11-07,0.01318401699
2023-11-08,-0.0003151095032
2023-11-09,-0.05616046656
2023-11-10,0.02199650658
2023-11-13,0.04134177555
2023-11-14,0.05943803406
2023-11-15,0.02261418597
2023-11-16,-0.03883534844
2023-11-17,0.003034903695
2023-11-20,0.005533106264
2023-11-21,0.02349101308
2023-11-22,-0.02940831605
2023-11-24,0.005280427889
2023-11-27,0.002672153945
2023-11-28,0.04408335974
2023-11-29,-0.01051225913
2023-11-30,-0.01676963011
2023-12-01,-0.005220199364
2023-12-04,-0.01370144324
2023-12-05,0.01324075848
2023-12-06,0.002719154973
2023-12-07,0.01356839139
2023-12-08,0.004933409118
2023-12-11,-0.01695726972
2023-12-12,-0.01145266844
2023-12-13,0.009573871153
2023-12-14,0.04797591699
2023-12-15,0.009711700551
2023-12-18,-0.005617325582
2023-12-19,0.02018525239
2023-12-20,-0.03997677216
2023-12-21,0.02934585831
2023-12-22,-0.00773118398
2023-12-26,0.01598777057
2023-12-27,0.01864738909
2023-12-28,-0.03210411346
2023-12-29,-0.01873833881
2024-01-02,-0.0002414972843
2024-01-03,-0.04096121737
2024-01-04,-0.002183131981
2024-01-05,-0.001850995438
2024-01-08,0.0123866504
2024-01-09,-0.02309688083
2024-01-10,-0.004350614668
2024-01-11,-0.02914596108
2024-01-12,-0.03734939062
2024-01-16,0.004649051218
2024-01-17,-0.02002547055
2024-01-18,-0.01717282452
2024-01-19,0.00146202304
2024-01-22,-0.01610524371
2024-01-23,0.001627028162
2024-01-24,-0.006283446339
2024-01-25,-0.1292581896
2024-01-26,0.003389092563
2024-01-29,0.04105552796
2024-01-30,0.003450803383
2024-01-31,-0.02269945437
2024-02-01,0.008347782093
2024-02-02,-0.005042875034
2024-02-05,-0.03713465675
2024-02-06,0.02206775153
2024-02-07,0.0133092015
2024-02-08,0.01050017602
2024-02-09,0.02093360706
2024-02-12,-0.02850599093
2024-02-13,-0.02208876587
2024-02-14,0.02516699779
2024-02-15,0.06035339395
2024-02-16,-0.002497503796
2024-02-20,-0.03144705549
2024-02-21,0.005199095437
2024-02-22,0.01346340904
2024-02-23,-0.02794367446
2024-02-26,0.03797374771
2024-02-27,0.001653596949
2024-02-28,0.01149924312
2024-02-29,-0.0007922361278
2024-03-01,0.003757544221
2024-03-04,-0.07424463915
2024-03-05,-0.04012683207
2024-03-06,-0.02351205488
2024-03-07,0.01188110488
2024-03-08,-0.01870163831
2024-03-11,0.01376363377
2024-03-12,-0.001294644294
2024-03-13,-0.04646100988
2024-03-14,-0.04205692399
2024-03-15,0.006563031501
2024-03-18,0.06066417956
2024-03-19,-0.01437206008
2024-03-20,0.02501715574
2024-03-21,-0.01629971808
2024-03-22,-0.01158168045
2024-03-25,0.01048166587
2024-03-26,0.02877732122
2024-03-27,0.01208406313
2024-03-28,-0.02272185937
2024-04-01,-0.003247773574
2024-04-02,-0.05026654169
2024-04-03,0.01044754436
2024-04-04,0.01608329463
2024-04-05,-0.03696739498
2024-04-08,0.04783675131
2024-04-09,0.02229555567
2024-04-10,-0.02937338298
2024-04-11,0.01639948983
2024-04-12,-0.02054173198
2024-04-15,-0.05757461544
2024-04-16,-0.02743509903
2024-04-17,-0.01062206045
2024-04-18,-0.036155618
2024-04-19,-0.01939585351
2024-04-22,-0.0345935567
2024-04-23,0.01834529878
2024-04-24,0.1138740755
2024-04-25,0.04845821786
2024-04-26,-0.0111680187
2024-04-29,0.1424271761
2024-04-30,-0.05710081967
2024-05-01,-0.01811374435
2024-05-02,0.0001111111112
2024-05-03,0.006533799545
2024-05-06,0.01951148111
2024-05-07,-0.03834212109
2024-05-08,-0.01753087191
2024-05-09,-0.01586464956
2024-05-10,-0.0205623506
2024-05-13,0.02009704494
2024-05-14,0.03239752205
2024-05-15,-0.02025443309
2024-05-16,0.004873443696
2024-05-17,0.01487396141
2024-05-20,-0.01424501259
2024-05-21,0.0644670696
2024-05-22,-0.03539951306
2024-05-23,-0.03600784652
2024-05-24,0.03116576109
2024-05-28,-0.01398938514
2024-05-29,-0.003173346574
2024-05-30,0.01464897456
2024-05-31,-0.003979045236
2024-06-03,-0.01010252123
2024-06-04,-0.008659542519
2024-06-05,0.001315150145
2024-06-06,0.01666044089
2024-06-07,-0.002588488306
2024-06-10,-0.02101025273
2024-06-11,-0.01817440067
2024-06-12,0.0381135368
2024-06-13,0.02879896604
2024-06-14,-0.02474604746
2024-06-17,0.05161906571
2024-06-18,-0.01386001236
2024-06-20,-0.01795752755
2024-06-21,0.007899541875
2024-06-24,-0.00235236302
2024-06-25,0.0257900921
2024-06-26,0.04702210952
2024-06-27,0.005332804228
2024-06-28,0.00232734737
2024-07-01,0.05877985537
2024-07-02,0.09710197697
2024-07-03,0.06337302772
2024-07-05,0.02060686282
2024-07-08,0.005629797211
2024-07-09,0.03645094674
2024-07-10,0.003538883809
2024-07-11,-0.08822072993
2024-07-12,0.02943432866
2024-07-15,0.01760981478
2024-07-16,0.01539700488
2024-07-17,-0.03191970985
2024-07-18,0.002933319364
2024-07-19,-0.04107614282
2024-07-22,0.0501827281
2024-07-23,-0.02060769065
2024-07-24,-0.1316429492
2024-07-25,0.0195311545
2024-07-26,-0.002045222847
2024-07-29,0.05445027131
2024-07-30,-0.04170203122
2024-07-31,0.04157276823
2024-08-01,-0.06778706625
2024-08-02,-0.04330170269
2024-08-05,-0.04324865359
2024-08-06,0.008810629682
2024-08-07,-0.04526766732
2024-08-08,0.0362558911
2024-08-09,0.005816885322
2024-08-12,-0.0126294164
2024-08-13,0.05103248768
2024-08-14,-0.03152676734
2024-08-15,0.06143633624
2024-08-16,0.009203802246
2024-08-19,0.03008156817
2024-08-20,-0.007300289283
2024-08-21,0.009766713547
2024-08-22,-0.058136342
2024-08-23,0.04483557557
2024-08-26,-0.03280343947
2024-08-27,-0.01893906331
2024-08-28,-0.01667669264
2024-08-29,0.002572629626
2024-08-30,0.03725543247
2024-09-03,-0.01652930195
2024-09-04,0.04098152595
2024-09-05,0.04787604068
2024-09-06,-0.08824047313
2024-09-09,0.02594993388
2024-09-10,0.04475930181
2024-09-11,0.008628713013
2024-09-12,0.007337238664
2024-09-13,0.002086503691
2024-09-16,-0.01535899972
2024-09-17,0.00479490636
2024-09-18,-0.002944604057
2024-09-19,0.07100961583
2024-09-20,-0.02351976015
2024-09-23,0.04814037533
2024-09-24,0.01693577671
2024-09-25,0.01075720831
2024-09-26,-0.01095386901
2024-09-27,0.02424926467
2024-09-30,0.004481993367
2024-10-01,-0.01389419061
2024-10-02,-0.03550388677
2024-10-03,-0.03414806551
2024-10-04,0.03839571766
2024-10-07,-0.03768957628
2024-10-08,0.01512401852
2024-10-09,-0.01421092806
2024-10-10,-0.009503635366
2024-10-11,-0.09192353499
2024-10-14,0.006224846171
2024-10-15,0.001869031611
2024-10-16,0.007983712173
2024-10-17,-0.001989960405
2024-10-18,-0.000860526786
2024-10-21,-0.008417749626
2024-10-22,-0.004029124996
2024-10-23,-0.02001827655
2024-10-24,0.1981869207
2024-10-25,0.03289136716
2024-10-28,-0.02512827343
2024-10-29,-0.01145540562
2024-10-30,-0.007619894915
2024-10-31,-0.03035313822
2024-11-01,-0.003488165837
2024-11-04,-0.02496978169
2024-11-05,0.03480160223
2024-11-06,0.1375946742
2024-11-07,0.0286299959
2024-11-08,0.07869718406
2024-11-11,0.08580690785
2024-11-12,-0.06342675842
2024-11-13,0.005313266792
2024-11-14,-0.05944813997
2024-11-15,0.03019694545
2024-11-18,0.05466438313
2024-11-19,0.02120592359
2024-11-20,-0.01154032254
2024-11-21,-0.007012219383
2024-11-22,0.0373345874
2024-11-25,-0.04043088464
2024-11-26,-0.001063798451
2024-11-27,-0.01591403236
2024-11-29,0.03619597256
2024-12-02,0.03397977321
2024-12-03,-0.01600576152
2024-12-04,0.01835534723
2024-12-05,0.03178623987
2024-12-06,0.05202106003
2024-12-09,0.00146339611
2024-12-10,0.02832835678
2024-12-11,0.05761135663
2024-12-12,-0.0158272076
2024-12-13,0.04244898883
2024-12-16,0.0596006225
2024-12-17,0.03572414499
2024-12-18,-0.08642425687
2024-12-19,-0.009038062208
2024-12-20,-0.03525673427
2024-12-23,0.02240424359
2024-12-24,0.07099118318
2024-12-26,-0.01778726744
2024-12-27,-0.05074525933
2024-12-30,-0.03356928914
2024-12-31,-0.03305019228
2025-01-02,-0.06274404132
2025-01-03,0.0789550364
2025-01-06,0.001485106604
2025-01-07,-0.04145066389
2025-01-08,0.001469656922
2025-01-10,-0.0005065343032
2025-01-13,0.02147817668
2025-01-14,-0.01738260782
2025-01-15,0.07731419302
2025-01-16,-0.03420598554
2025-01-17,0.03018127026
2025-01-21,-0.005713830987
2025-01-22,-0.0213549906
2025-01-23,-0.006598290988
2025-01-24,-0.01416454277
2025-01-27,-0.02346666851
2025-01-28,0.002364067295
2025-01-29,-0.02284173038
2025-01-30,0.02832792223
2025-01-31,0.01073462251
2025-02-03,-0.05309005289
2025-02-04,0.02198853879
2025-02-05,-0.03645358066
2025-02-06,-0.01023278341
2025-02-07,-0.03451710983
2025-02-10,-0.03057724004
2025-02-11,-0.06547985876
2025-02-12,0.0240910284
2025-02-13,0.056134311
2025-02-14,-0.0002809856997
2025-02-18,-0.004873592293
2025-02-19,0.01805077905
2025-02-20,-0.01723215965
2025-02-21,-0.04797221436
2025-02-24,-0.02175657764
2025-02-25,-0.08762490517
2025-02-26,-0.0404367759
2025-02-27,-0.03090599541
2025-02-28,0.03837459705
2025-03-03,-0.0288439919
2025-03-04,-0.04531124109
2025-03-05,0.02562102623
2025-03-06,-0.05770654389
2025-03-07,-0.002965105191
2025-03-10,-0.1675456621
2025-03-11,0.03724504442
2025-03-12,0.07319370975
2025-03-13,-0.03032333321
2025-03-14,0.03791266431
2025-03-17,-0.04906822507
2025-03-18,-0.05483545788
2025-03-19,0.04576117694
2025-03-20,0.001694484859
2025-03-21,0.05135466557
2025-03-24,0.1127354492
2025-03-25,0.03442346486
2025-03-26,-0.05742384293
2025-03-27,0.003925242113
2025-03-28,-0.03570476902
2025-03-31,-0.01679747172
2025-04-01,0.03525629548
2025-04-02,0.05189655424
2025-04-03,-0.05630168325
2025-04-04,-0.1100356995
2025-04-07,-0.02597878371
2025-04-08,-0.05023576253
2025-04-09,0.2044905379
2025-04-10,-0.07552195955
2025-04-11,-0.0003566404508
2025-04-14,0.00015852257
2025-04-15,0.00695023135
2025-04-16,-0.05069075314
2025-04-17,-0.0007454651219
2025-04-21,-0.05918078749
2025-04-22,0.04499437692
2025-04-23,0.05227193038
2025-04-24,0.03437869182
2025-04-25,0.09351848877
2025-04-28,0.003258416071
2025-04-29,0.02128439437
2025-04-30,-0.03438225079
2025-05-01,-0.005829262259
2025-05-02,0.02356863184
2025-05-05,-0.02449591177
2025-05-06,-0.01767472803
2025-05-07,0.003154633941
2025-05-08,0.03065975214
2025-05-09,0.04610818754
2025-05-12,0.06528004859
2025-05-13,0.04810491393
2025-05-14,0.03993196465
2025-05-15,-0.01407698843
2025-05-16,0.02067048191
2025-05-19,-0.02280214966
2025-05-20,0.005044404276
2025-05-21,-0.02712270498
2025-05-22,0.01900421283
2025-05-23,-0.004997217842
2025-05-27,0.06709720342
2025-05-28,-0.01664412754
2025-05-29,0.004277752459
2025-05-30,-0.0339660111
2025-06-02,-0.01094112344
2025-06-03,0.00459998482
2025-06-04,-0.03614067325
2025-06-05,-0.1538495657
2025-06-06,0.03601382575
2025-06-09,0.04453130898
2025-06-10,0.05519228787
2025-06-11,0.001042113746
2025-06-12,-0.0226796597
2025-06-13,0.01924270293
2025-06-16,0.01167423564
2025-06-17,-0.0396036139
2025-06-18,0.0178576174
2025-06-20,0.0003415035503
2025-06-23,0.0791062796
2025-06-24,-0.02382758016
2025-06-25,-0.0386863008
2025-06-26,-0.005418408248
2025-06-27,-0.006621418996
2025-06-30,-0.01861925953
2025-07-01,-0.05483528323
2025-07-02,0.04848765964
2025-07-03,-0.000950871704
2025-07-07,-0.07030746823
2025-07-08,0.01308003439
2025-07-09,-0.00650173255
2025-07-10,0.04619888797
2025-07-11,0.0116784028
2025-07-14,0.01075500921
2025-07-15,-0.01950100034
2025-07-16,0.03444090895
2025-07-17,-0.007050631317
2025-07-18,0.03155594156
2025-07-21,-0.003525089498
2025-07-22,0.01095984328
2025-07-23,0.001354055603
2025-07-24,-0.0855253952
2025-07-25,0.03463716924
2025-07-28,0.02970685215
2025-07-29,-0.01357493905
2025-07-30,-0.006747495299
2025-07-31,-0.03434046443
2025-08-01,-0.01846508512
2025-08-04,0.02167140983
2025-08-05,-0.001747629818
2025-08-06,0.03560498901
2025-08-07,0.007349997273
2025-08-08,0.02264178205
2025-08-11,0.02805711348
2025-08-12,0.00532455992
2025-08-13,-0.004292735415
2025-08-14,-0.01126004548
2025-08-15,-0.01507219213
2025-08-18,0.01381984381
2025-08-19,-0.01760847338
2025-08-20,-0.01656473019
2025-08-21,-0.01177013945
2025-08-22,0.06031034222
2025-08-25,0.01919634834
2025-08-26,0.01452185859
2025-08-27,-0.005903592089
2025-08-28,-0.01040867386
2025-08-29,-0.03562927427
2025-09-02,-0.01360031819
2025-09-03,0.01425904029
2025-09-04,0.01320229696
2025-09-05,0.03571756437
2025-09-08,-0.01273610239
2025-09-09,0.00164414419
2025-09-10,0.002360528472
2025-09-11,0.05868275693
2025-09-12,0.07098107834
2025-09-15,0.03499203129
2025-09-16,0.02784971852
2025-09-17,0.01000621933
2025-09-18,-0.0213842089
2025-09-19,0.02187720716
2025-09-22,0.01892463602
2025-09-23,-0.01944111645
2025-09-24,0.03900844543
2025-09-25,-0.04480187693
2025-09-26,0.03938966475
2025-09-29,0.006360293507
2025-09-30,0.00340117229
2025-10-01,0.03260701622
2025-10-02,-0.05240964351
2025-10-03,-0.01425246167
2025-10-06,0.05305406796
2025-10-07,-0.04549829104
2025-10-08,0.01284745469
2025-10-09,-0.007206372767
2025-10-10,-0.05195331015
2025-10-13,0.05277952887
2025-10-14,-0.01539665619
2025-10-15,0.01367459618
2025-10-16,-0.01481680076
2025-10-17,0.02433131573
2025-10-20,0.01831478669
2025-10-21,-0.01085367328
2025-10-22,-0.008235354007
2025-10-23,0.02254726971
2025-10-24,-0.03457917872
2025-10-27,0.04221178733
2025-10-28,0.0178104755
2025-10-29,0.002082294746
2025-10-30,-0.04750174836
2025-10-31,0.03671815241
2025-11-03,0.02553845562
2025-11-04,-0.05284860522
2025-11-05,0.03930641813
2025-11-06,-0.03559925682
2025-11-07,-0.03744883182
2025-11-10,0.03592269646
2025-11-11,-0.01268028518
2025-11-12,-0.02073113247
2025-11-13,-0.06875237224
2025-11-14,0.005853626854
2025-11-17,0.01123869835
2025-11-18,-0.01893486344
2025-11-19,0.006805450735
2025-11-20,-0.02192225126
2025-11-21,-0.0105301614
2025-11-24,0.06601726566
2025-11-25,0.003870140285
2025-11-26,0.01697480415
2025-11-28,0.008380556782
2025-12-01,-6.974230222e-05
2025-12-02,-0.002094534034
2025-12-03,0.03996056685
2025-12-04,0.01728714813
2025-12-05,0.001033500911
2025-12-08,-0.03447769336
2025-12-09,0.0126365061
2025-12-10,0.01400839307
2025-12-11,-0.01015214543
2025-12-12,0.02665058098
2025-12-15,0.03500416245
2025-12-16,0.03019324041
2025-12-17,-0.04727461523
2025-12-18,0.03389655801
2025-12-19,-0.004499421838
2025-12-22,0.01552720565
2025-12-23,-0.006507325717
2025-12-24,-0.0003295707371
2025-12-26,-0.02125856924
2025-12-29,-0.03327114967
2025-12-30,-0.01139968804
2025-12-31,-0.01041871947
2026-01-02,-0.02624645192
2026-01-05,0.03057310973
2026-01-06,-0.04230647971
2026-01-07,-0.003586430953
2026-01-08,0.01012450848
2026-01-09,0.02091333131
2026-01-12,0.00883704309
2026-01-13,-0.003927875073
2026-01-14,-0.01805103165
2026-01-15,-0.001435456004
2026-01-16,-0.002442728394
2026-01-20,-0.04260930509
2026-01-21,0.02866105033
2026-01-22,0.0406958972
2026-01-23,-0.0006678391201
2026-01-26,-0.03135081356
2026-01-27,-0.00992965092
2026-01-28,0.001298761721
2026-01-29,-0.03514429749
2026-01-30,0.03270773392
2026-02-02,-0.0201832671
2026-02-03,0.0003555471315
2026-02-04,-0.03853273297
2026-02-05,-0.02191268175
2026-02-06,0.0343957105
2026-02-09,0.01499249501
2026-02-10,0.01872985094
2026-02-11,0.007170673271
2026-02-12,-0.02649976439
2026-02-13,0.0008867479701
2026-02-17,-0.01644825566
2026-02-18,0.001678934636
2026-02-19,0.0009477176511
2026-02-20,0.0002671426679
2026-02-23,-0.02954690391
2026-02-24,0.02360436329
2026-02-25,0.01940117459
2026-02-26,-0.02135726108
2026-02-27,-0.01496779229
2026-03-02,0.002010350255
2026-03-03,-0.02737211416
2026-03-04,0.03384718806
2026-03-05,-0.0009611949131
2026-03-06,-0.02198822196
2026-03-09,0.004903141541
2026-03-10,0.001403649719
2026-03-11,0.02126316077
2026-03-12,-0.03191481955
2026-03-13,-0.009692142876
2026-03-16,0.01108354424
2026-03-17,0.009335397365
2026-03-18,-0.01638822108
2026-03-19,-0.03228924375
2026-03-20,-0.03298617833
2026-03-23,0.03443136021
2026-03-24,0.005707718276
2026-03-25,0.007594512301
2026-03-26,-0.03651831791
2026-03-27,-0.02801502122
2026-03-30,-0.01826827728
2026-03-31,0.04531537436
2026-04-01,0.02525997175
2026-04-02,-0.05573997826
2026-04-06,-0.02178356696
2026-04-07,-0.01764238648
2026-04-08,-0.00985658074
2026-04-09,0.006880860978
2026-04-10,0.009588739837
2026-04-13,0.009895000677
2026-04-14,0.03287952115
2026-04-15,0.07343111334
2026-04-16,-0.007812039473
2026-04-17,0.02969110594
2026-04-20,-0.02047680988
2026-04-21,-0.01561167639
2026-04-22,0.002816794079
2026-04-23,-0.03623480099
2026-04-24,0.006879843675
2026-04-27,0.006278415792
2026-04-28,-0.007022779927
2026-04-29,-0.008600250653
2026-04-30,0.02340947002
2026-05-01,0.0237955431
2026-05-04,0.004314918673
2026-05-05,-0.008031966237
2026-05-06,0.02375444773
2026-05-07,0.03222901456
2026-05-08,0.03942710774
2026-05-11,0.03813366376
2026-05-12,-0.02629783285
2026-05-13,0.02690439043
2026-05-14,-0.004434097995
2026-05-15,-0.048672869
2026-05-18,-0.0294411036
2026-05-19,-0.01444565103
2026-05-20,0.03202241057
2026-05-21,0.001412987746
2026-05-22,0.01934030372
2026-05-26,0.01763656696
2026-05-27,0.01549318707
2026-05-28,0.00394352663
2026-05-29,-0.01437562489
2026-06-01,-0.04676371883
2026-06-02,0.01872330249
2026-06-03,-9.440196363e-05
2026-06-04,-0.01246824915
2026-06-05,-0.06784984849
2026-06-08,0.0448853392
2026-06-09,-0.03046298886
2026-06-10,-0.03878317654
2026-06-11,0.04499055231
2026-06-12,0.01807442635
2026-06-15,0.01154639898
2026-06-16,-0.01591090307
2026-06-17,-0.02067386125
2026-06-18,0.01031545031
2026-06-22,0.01132171887
2026-06-23,-0.05961137159
2026-06-24,-0.01606078319
2026-06-25,-0.001092386707
2026-06-26,0.01216182869
2026-06-29,0.08122712094
2026-06-30,0.02104733886
2026-07-01,0.01111253899
2026-07-02,-0.07784080728
2026-07-06,0.06475294725
2026-07-07,-0.04101855003
2026-07-08,-0.02218521023
2026-07-09,0.03120374069
2026-07-10,0.002971843378
2026-07-13,-0.03240078073
2026-07-14,0.003590668131
2026-07-15,-0.004350912459
2026-07-16,-0.008656740077
2026-07-17,-0.02648166148
2026-07-20,-0.03003917178
2026-07-21,0.02501132381
2026-07-22,-0.01306895643
2026-07-23,-0.1569307588
2026-07-24,-0.02105274366
2026-07-27,-0.01224603492
2026-07-28,-0.005773051418
2026-07-29,-0.03011321039
2026-07-30,0.03468898627
2026-07-31,0.007612203322
2026-08-03,0.03433203643
2026-08-04,0.016229973
2026-08-05,-0.01787688231
2026-08-06,-0.006301886458
2026-08-07,0.02792917336
2026-08-10,0.006975432402
2026-08-11,0.005815984693
2026-08-12,-0.01605316761
2026-08-13,0.03730937467
2026-08-14,0.006771935646
2026-08-17,-0.008715227486
2026-08-18,-0.007187572538
2026-08-19,0.04143094613
2026-08-20,-0.01720688773
2026-08-21,0.05009592729
2026-08-24,-0.03908843948
2026-08-25,0.003718539754
2026-08-26,-0.01272877674
2026-08-27,0.02566402645
2026-08-28,-0.0172271018
2026-08-31,0.05359172624
