date,pct_return
2006-10-03,-3.91908976
2006-10-04,1.578947368
2006-10-05,1.054774241
2006-10-06,-0.4761032778
2006-10-09,0.4415823367
2006-10-10,-1.666971973
2006-10-11,-1.825633383
2006-10-12,1.290322581
2006-10-13,0.6182090671
2006-10-16,1.899087693
2006-10-17,-1.352092088
2006-10-18,-2.092980182
2006-10-19,2.099886493
2006-10-20,-2.260515101
2006-10-23,-0.7582938389
2006-10-24,1.012416428
2006-10-25,3.328290469
2006-10-26,-1.756954612
2006-10-27,0.5961251863
2006-10-30,-3.703703704
2006-10-31,0.1923076923
2006-11-01,-0.07677543186
2006-11-02,-1.037264695
2006-11-03,2.057453416
2006-11-06,1.521491061
2006-11-07,-1.536155864
2006-11-08,1.50304414
2006-11-09,2.043111528
2006-11-10,-2.11241734
2006-11-13,-1.838994183
2006-11-14,-0.2867520551
2006-11-15,0.6326687117
2006-11-16,-3.581634597
2006-11-17,0.7310808141
2006-11-20,-0.03923107101
2006-11-21,1.923076923
2006-11-22,-1.193685021
2006-11-24,0.9353078722
2006-11-27,0.7722007722
2006-11-28,1.22605364
2006-11-29,2.441332324
2006-11-30,0.8498060225
2006-12-01,0.8976002931
2006-12-04,-1.579520697
2006-12-05,0
2006-12-06,-0.6087437742
2006-12-07,-0.2783964365
2006-12-08,-0.372231528
2006-12-11,-1.270315711
2006-12-12,-0.7190160833
2006-12-13,0.5145797599
2006-12-14,1.820250284
2006-12-15,0.8752327747
2006-12-18,-1.790659036
2006-12-19,1.071428571
2006-12-20,0.3347591594
2006-12-21,-1.353104727
2006-12-22,-0.5636978579
2006-12-26,-2.362055933
2006-12-27,-0.6193148829
2006-12-28,-0.09737098345
2006-12-29,0.6237816764
2007-01-03,-4.184424642
2007-01-04,-3.922361504
2007-01-05,0.462962963
2007-01-08,-0.1885211563
2007-01-09,-0.7764952781
2007-01-10,-3.976311337
2007-01-11,-2.422907489
2007-01-12,0.7900677201
2007-01-16,-2.866741321
2007-01-17,1.798478211
2007-01-18,-2.310305776
2007-01-19,3.014143288
2007-01-22,-1.192887688
2007-01-23,3.849658314
2007-01-24,0.8993200263
2007-01-25,-1.652173913
2007-01-26,2.25464191
2007-01-29,-2.810203199
2007-01-30,5.204626335
2007-01-31,2.029598309
2007-02-01,-0.8702859511
2007-02-02,2.884615385
2007-02-05,-0.1625355547
2007-02-06,0.2442002442
2007-02-07,-2.030044661
2007-02-08,3.232490676
2007-02-09,0.3412284223
2007-02-12,-3.280656131
2007-02-13,2.08893485
2007-02-14,-1.884116694
2007-02-15,-0.2684286599
2007-02-16,2.298136646
2007-02-20,-1.517911354
2007-02-21,2.240032881
2007-02-22,1.165829146
2007-02-23,0.1788197894
2007-02-26,0.9321697739
2007-02-27,-1.552367852
2007-02-28,2.075848303
2007-03-01,0.1564333203
2007-03-02,-0.4295197189
2007-03-05,-2.705882353
2007-03-06,1.410721483
2007-03-07,1.907790143
2007-03-08,-0.05850234009
2007-03-09,-2.302439024
2007-03-12,-1.437986818
2007-03-13,-0.8308004053
2007-03-14,0.4086636698
2007-03-15,-1.037851038
2007-03-16,-0.5757762698
2007-03-19,0.7445708376
2007-03-20,-0.4721823034
2007-03-21,0.6806930693
2007-03-22,2.724851465
2007-03-23,0.7977662545
2007-03-26,1.30589632
2007-03-27,-0.078125
2007-03-28,1.602814699
2007-03-29,3.289726818
2007-03-30,-0.577388713
2007-04-02,0.05620082428
2007-04-03,-1.872308556
2007-04-04,-0.1144819691
2007-04-05,-0.6494746896
2007-04-09,-3.441645837
2007-04-10,0.7367582636
2007-04-11,-0.1976675232
2007-04-12,2.19845514
2007-04-13,-0.1356589147
2007-04-16,-0.6404036484
2007-04-17,-1.77734375
2007-04-18,-0.2187313581
2007-04-19,-1.972897569
2007-04-20,1.585688148
2007-04-23,2.501500901
2007-04-24,-1.600937134
2007-04-25,1.884920635
2007-04-26,-0.8373904576
2007-04-27,1.590730558
2007-04-30,-1.043881693
2007-05-01,-1.621410432
2007-05-02,-1.509134234
2007-05-03,-0.5443548387
2007-05-04,-2.027163998
2007-05-07,-0.4758948893
2007-05-08,0.8731808732
2007-05-09,-1.009892828
2007-05-10,0.4372267333
2007-05-11,0.9535655058
2007-05-14,-0.3901437372
2007-05-15,1.051329623
2007-05-16,-0.9179926561
2007-05-17,3.273625695
2007-05-18,-0.1594896332
2007-05-21,1.477635783
2007-05-22,-1.751279024
2007-05-23,0.1802523533
2007-05-24,-2.079168333
2007-05-25,1.265822785
2007-05-29,-2.600806452
2007-05-30,0
2007-05-31,1.345477127
2007-06-01,1.041666667
2007-06-04,1.758641601
2007-06-05,-0.7350019865
2007-06-06,0.6804082449
2007-06-07,0.6758099781
2007-06-08,-3.139190523
2007-06-11,1.589889931
2007-06-12,-0.5617977528
2007-06-13,1.089588378
2007-06-14,2.055888224
2007-06-15,0.7040876198
2007-06-18,1.262381045
2007-06-19,-0.03835826621
2007-06-20,-1.055257099
2007-06-21,0.0581733566
2007-06-22,0.6589147287
2007-06-25,0.03850596843
2007-06-26,-1.712856043
2007-06-27,1.527315449
2007-06-28,0.9643201543
2007-06-29,1.146131805
2007-07-02,
2007-07-03,1.000944287
2007-07-05,0.9536275243
2007-07-06,1.222448602
2007-07-09,-0.6038426349
2007-07-10,0.736377025
2007-07-11,-0.1096491228
2007-07-12,0.07317965606
2007-07-13,1.55393053
2007-07-16,0.3240324032
2007-07-17,-0.08971828459
2007-07-18,1.54454023
2007-07-19,1.008135833
2007-07-20,-0.3677114341
2007-07-23,-1.072056239
2007-07-24,-2.11405223
2007-07-25,3.847549909
2007-07-26,-1.747640685
2007-07-27,2.863749555
2007-07-30,-0.3285491959
2007-07-31,1.613462873
2007-08-01,-1.50247567
2007-08-02,0.2600104004
2007-08-03,-2.334024896
2007-08-06,-3.965303594
2007-08-07,0.4976958525
2007-08-08,-0.476889215
2007-08-09,-0.9030593439
2007-08-10,-0.05579319323
2007-08-13,0.1488649051
2007-08-14,0.7617985879
2007-08-15,1.604278075
2007-08-16,-2.75862069
2007-08-17,0.7838745801
2007-08-20,-1.037037037
2007-08-21,-1.796407186
2007-08-22,-0.4192073171
2007-08-23,0.6888633754
2007-08-24,1.938426454
2007-08-27,1.24906786
2007-08-28,-0.6076229055
2007-08-29,2.667654687
2007-08-30,0.07217610971
2007-08-31,0.5950234403
2007-09-04,1.541494892
2007-09-05,1.041482789
2007-09-06,0.6813417191
2007-09-07,0.2255769564
2007-09-10,1.921745152
2007-09-11,0.2038389672
2007-09-12,1.712154602
2007-09-13,0.2333333333
2007-09-14,-0.5986032591
2007-09-17,1.672800268
2007-09-18,1.859164199
2007-09-19,-0.3230495881
2007-09-20,1.474639443
2007-09-21,-0.3832641329
2007-09-24,-0.9137544085
2007-09-25,-1.326646174
2007-09-26,1.246105919
2007-09-27,2.979757085
2007-09-28,-1.336688159
2007-10-01,-1.769206248
2007-10-02,-0.01622586403
2007-10-03,-0.7140538786
2007-10-04,2.271984309
2007-10-05,-0.4315167013
2007-10-08,-2.616372392
2007-10-09,1.401021922
2007-10-10,1.365409623
2007-10-11,1.876202694
2007-10-12,0.8499921297
2007-10-15,2.93429062
2007-10-16,1.3343442
2007-10-17,-0.2992667963
2007-10-18,2.311271199
2007-10-19,-1.466920933
2007-10-22,-0.9379187137
2007-10-23,-0.6462278329
2007-10-24,2.828618968
2007-10-25,3.03030303
2007-10-26,1.613363792
2007-10-29,1.868764929
2007-10-30,-3.806896552
2007-10-31,5.147691425
2007-11-01,-1.854629756
2007-11-02,3.334722801
2007-11-05,-1.062256286
2007-11-06,2.21527589
2007-11-07,-0.9174311927
2007-11-08,-0.1476113795
2007-11-09,0.4300497245
2007-11-12,-2.555867791
2007-11-13,-2.567975831
2007-11-14,2.367864693
2007-11-15,-0.3579787966
2007-11-16,1.975956888
2007-11-19,0.9078590786
2007-11-20,3.706190412
2007-11-21,-1.0747119
2007-11-23,0.4712041885
2007-11-26,-0.4689942678
2007-11-27,-2.748691099
2007-11-28,-3.135935397
2007-11-29,-0.4863137418
2007-11-30,-2.597039933
2007-12-03,1.189793578
2007-12-04,-1.529961751
2007-12-05,-1.150913538
2007-12-06,3.391063892
2007-12-07,-1.970720721
2007-12-10,-0.459506031
2007-12-11,1.442585113
2007-12-12,5.247440273
2007-12-13,-1.134981759
2007-12-14,-1.257345907
2007-12-17,-0.4982698962
2007-12-18,-0.8624287105
2007-12-19,1.094429634
2007-12-20,-0.0693962526
2007-12-21,2.194444444
2007-12-24,0.5843979342
2007-12-26,2.48615052
2007-12-27,0.6591957811
2007-12-28,-0.497707924
2007-12-31,-0.2369356325
2008-01-02,3.522892202
2008-01-03,-0.1274534795
2008-01-04,-1.339969372
2008-01-07,-2.341223645
2008-01-08,0.7417218543
2008-01-09,-1.064948725
2008-01-10,-1.634551495
2008-01-11,-1.256417185
2008-01-14,1.587084416
2008-01-15,-1.97979798
2008-01-16,-1.277823578
2008-01-17,-1.141266527
2008-01-18,0.7180064761
2008-01-22,-1.383841208
2008-01-23,-1.488306166
2008-01-24,2.057553957
2008-01-25,0.9022980403
2008-01-28,1.089842113
2008-01-29,0.8707671044
2008-01-30,0.1370238421
2008-01-31,-0.9989053093
2008-02-01,-2.598479613
2008-02-04,1.277139208
2008-02-05,-1.709401709
2008-02-06,-1.610833927
2008-02-07,1.130107215
2008-02-08,4.441260745
2008-02-11,2.263374486
2008-02-12,-1.287726358
2008-02-13,0.706617747
2008-02-14,2.226420186
2008-02-15,0.2243928194
2008-02-19,3.792967207
2008-02-20,0.6471259992
2008-02-21,-2.546646495
2008-02-22,1.733505821
2008-02-25,0.2288911495
2008-02-26,1.623953311
2008-02-27,-1.235955056
2008-02-28,2.995828593
2008-02-29,-1.300932744
2008-03-03,1.119124596
2008-03-04,-2.361042794
2008-03-05,4.911838791
2008-03-06,0.7082833133
2008-03-07,-0.2026463226
2008-03-10,2.281414238
2008-03-11,0.8291486629
2008-03-12,0.6717627982
2008-03-13,0.3336401289
2008-03-14,-0.8026602454
2008-03-17,-3.710553693
2008-03-18,3.00120048
2008-03-19,-4.090909091
2008-03-20,-1.203062341
2008-03-24,-1.279212792
2008-03-25,1.507600299
2008-03-26,4.09966859
2008-03-27,1.084777738
2008-03-28,-1.586375831
2008-03-31,-3.567618822
2008-04-01,-0.3687315634
2008-04-02,3.355539107
2008-04-03,-0.1551682979
2008-04-04,1.470412433
2008-04-07,2.415174364
2008-04-08,0.3105947314
2008-04-09,1.949541284
2008-04-10,-0.7311586052
2008-04-11,0.2039660057
2008-04-14,1.368313921
2008-04-15,2.008032129
2008-04-16,0.8858267717
2008-04-17,0.1300813008
2008-04-18,1.537295659
2008-04-21,0.6290649323
2008-04-22,0.7416825599
2008-04-23,0.1051745898
2008-04-24,-2.080268964
2008-04-25,2.639484979
2008-04-28,0.03136107046
2008-04-29,-2.821611454
2008-04-30,-0.5269383805
2008-05-01,-2.291891892
2008-05-02,3.341447223
2008-05-05,3.565310493
2008-05-06,1.705778972
2008-05-07,1.443382801
2008-05-08,0.8617234469
2008-05-09,1.450427181
2008-05-12,-1.96827262
2008-05-13,1.598241934
2008-05-14,-1.464949366
2008-05-15,-0.009978048294
2008-05-16,2.055683066
2008-05-19,0.5182360418
2008-05-20,1.459143969
2008-05-21,3.844678811
2008-05-22,-2.474379097
2008-05-23,1.249644987
2008-05-27,-2.515194016
2008-05-28,1.582582007
2008-05-29,-3.446322349
2008-05-30,0.7823195775
2008-06-02,-0.009703085581
2008-06-03,-2.328966521
2008-06-04,-1.708892201
2008-06-05,5.074294956
2008-06-06,7.907647908
2008-06-09,-2.781492378
2008-06-10,-1.824850986
2008-06-11,3.652157669
2008-06-12,0.270343336
2008-06-13,-1.860339714
2008-06-16,-0.1923076923
2008-06-17,-0.2844297642
2008-06-18,2.033492823
2008-06-19,-3.589142393
2008-06-20,2.085866617
2008-06-23,1.630932747
2008-06-24,0.02704652001
2008-06-25,-2.208201893
2008-06-26,4.258064516
2008-06-27,0.5569306931
2008-06-30,-0.07912087912
2008-07-01,0.8182298082
2008-07-02,1.963522122
2008-07-03,-0.01711742554
2008-07-07,-1.600753296
2008-07-08,-4.375815572
2008-07-09,-0.2456331878
2008-07-10,4.277245782
2008-07-11,2.667482946
2008-07-14,-0.1107419712
2008-07-15,-4.153163909
2008-07-16,-2.793842869
2008-07-17,-3.405034325
2008-07-18,-1.032881645
2008-07-21,2.135197242
2008-07-22,-3.140526859
2008-07-23,-3.193960511
2008-07-24,1.439712058
2008-07-25,-2.158486103
2008-07-28,1.279339176
2008-07-29,-2.486572508
2008-07-30,4.171766626
2008-07-31,-2.095368648
2008-08-01,1.050105011
2008-08-04,-3.483768804
2008-08-05,-1.979081214
2008-08-06,-0.1778428706
2008-08-07,1.016558374
2008-08-08,-3.848946986
2008-08-11,-0.1834268451
2008-08-12,-1.102583504
2008-08-13,2.470215324
2008-08-14,-1.077333333
2008-08-15,-1.01358637
2008-08-18,-0.5882352941
2008-08-19,1.621740083
2008-08-20,1.337071382
2008-08-21,4.500957651
2008-08-22,-5.773342837
2008-08-25,0.6051437216
2008-08-26,0.9344790548
2008-08-27,1.798446313
2008-08-28,-2.425256115
2008-08-29,-0.5035354618
2008-09-02,-3.962528265
2008-09-03,-0.8409014464
2008-09-04,-1.605608322
2008-09-05,-1.103194668
2008-09-08,-0.04647920056
2008-09-09,-4.266449663
2008-09-10,0.7528840316
2008-09-11,-1.783777269
2008-09-12,0
2008-09-15,-6.368879617
2008-09-16,-1.716906946
2008-09-17,3.347112948
2008-09-18,2.15483871
2008-09-19,4.370342301
2008-09-22,6.038968897
2008-09-23,-1.700524994
2008-09-24,-1.474515268
2008-09-25,2.156493047
2008-09-26,-0.5536970816
2008-09-29,-10.57881916
2008-09-30,6.382150733
2008-10-01,-2.950859651
2008-10-02,-4.736775977
2008-10-03,-0.7517805328
2008-10-06,-4.837209302
2008-10-07,1.228878648
2008-10-08,-0.3172851428
2008-10-09,-3.681151398
2008-10-10,-4.454022989
2008-10-13,1.92481203
2008-10-14,-4.057244025
2008-10-15,-6.612332769
2008-10-16,-2.288819364
2008-10-17,0.05055611729
2008-10-20,4.092976251
2008-10-21,-5.01618123
2008-10-22,-6.422487223
2008-10-23,3.040233024
2008-10-24,-6.360424028
2008-10-27,-4.056603774
2008-10-28,4.660766962
2008-10-29,4.622322435
2008-10-30,-3.017241379
2008-10-31,2.944444444
2008-11-03,-5.576542544
2008-11-04,9.316060202
2008-11-05,-6.169397002
2008-11-06,-6.853640416
2008-11-07,-0.2193419741
2008-11-10,2.378097522
2008-11-11,-6.090181534
2008-11-12,-4.905425068
2008-11-13,7.103825137
2008-11-14,-5.755102041
2008-11-17,-2.208748376
2008-11-18,-0.8635961027
2008-11-19,-3.372794282
2008-11-20,-8.57605178
2008-11-21,3.666245259
2008-11-24,7.87804878
2008-11-25,-6.488808501
2008-11-26,7.688588008
2008-11-28,-5.523125281
2008-12-01,-5.204372624
2008-12-02,-3.484582602
2008-12-03,-1.168831169
2008-12-04,-6.859395532
2008-12-05,-3.35778781
2008-12-08,5.693430657
2008-12-09,-4.585635359
2008-12-10,3.676896352
2008-12-11,7.902820441
2008-12-12,-1.397515528
2008-12-15,-3.307086614
2008-12-16,-1.08577633
2008-12-17,-4.747530187
2008-12-18,-6.021319504
2008-12-19,1.19558553
2008-12-22,-7.543168737
2008-12-23,-1.703800786
2008-12-24,-3.266666667
2008-12-26,0.2756719504
2008-12-29,6.357388316
2008-12-30,-2.520193861
2008-12-31,9.744779582
2009-01-02,8.124433706
2009-01-05,4.301675978
2009-01-06,-0.5623995715
2009-01-07,-10.55750067
2009-01-08,0.06022282445
2009-01-09,-2.588022871
2009-01-12,-5.31356194
2009-01-13,3.882544861
2009-01-14,-1.915829146
2009-01-15,-3.362151777
2009-01-16,-0.7289595759
2009-01-20,-4.339118825
2009-01-21,8.269364969
2009-01-22,-3.448275862
2009-01-23,7.877169559
2009-01-26,-0.5569306931
2009-01-27,-8.214063472
2009-01-28,1.016949153
2009-01-29,-1.946308725
2009-01-30,0
2009-02-02,-2.806297057
2009-02-03,1.654929577
2009-02-04,-2.078281954
2009-02-05,1.910152105
2009-02-06,-2.117320375
2009-02-09,0.1773049645
2009-02-10,-4.778761062
2009-02-11,-3.048327138
2009-02-12,-0.1150306748
2009-02-13,-1.266794626
2009-02-17,-8.592534992
2009-02-18,-2.679710761
2009-02-19,6.25
2009-02-20,0.329082682
2009-02-23,-4.100041
2009-02-24,4.745617785
2009-02-25,6.163265306
2009-02-26,4.998077662
2009-02-27,-1.025265471
2009-03-02,-9.544950055
2009-03-03,3.844580777
2009-03-04,9.019298937
2009-03-05,-4.046242775
2009-03-06,5.384036145
2009-03-09,2.357984995
2009-03-10,-3.106457243
2009-03-11,-5.259365994
2009-03-12,7.414448669
2009-03-13,-2.300884956
2009-03-16,2.355072464
2009-03-17,4
2009-03-18,0.7828454731
2009-03-19,2.465383316
2009-03-20,1.38431114
2009-03-23,3.315994798
2009-03-24,-0.6607929515
2009-03-25,-1.140323092
2009-03-26,2.595322012
2009-03-27,-3.966271081
2009-03-30,-6.796747967
2009-03-31,1.360781577
2009-04-01,-1.790017212
2009-04-02,8.7276551
2009-04-03,-0.2901353965
2009-04-06,-2.457161332
2009-04-07,-4.07689758
2009-04-08,1.90048376
2009-04-09,4.069175992
2009-04-13,-3.290974259
2009-04-14,-1.583557951
2009-04-15,0.2738788086
2009-04-16,0
2009-04-17,0.5462615227
2009-04-20,-7.572156197
2009-04-21,0.4041146216
2009-04-22,0.03658982803
2009-04-23,1.975128018
2009-04-24,3.658536585
2009-04-27,-2.837370242
2009-04-28,-0.8190883191
2009-04-29,2.621184919
2009-04-30,0.1749475157
2009-05-01,3.492839679
2009-05-04,3.172460344
2009-05-05,-1.373895976
2009-05-06,4.610281924
2009-05-07,-0.1585288523
2009-05-08,3.175611305
2009-05-11,-0.6155740228
2009-05-12,1.052957572
2009-05-13,-1.348452344
2009-05-14,0.6523765144
2009-05-15,-3.672839506
2009-05-18,4.902274912
2009-05-19,0.1527183873
2009-05-20,3.324184203
2009-05-21,-1.47579693
2009-05-22,0.958657879
2009-05-26,1.216617211
2009-05-27,1.495162709
2009-05-28,2.079722704
2009-05-29,3.027730617
2009-06-01,2.801428179
2009-06-02,0.4808976757
2009-06-03,-3.695825578
2009-06-04,4.058531198
2009-06-05,-0.7694348634
2009-06-08,0.3743315508
2009-06-09,1.731486414
2009-06-10,2.068604347
2009-06-11,1.795792714
2009-06-12,-0.6300403226
2009-06-15,-2.307887395
2009-06-16,-0.02596053998
2009-06-17,0.4933783433
2009-06-18,0.3617571059
2009-06-19,-2.239958805
2009-06-22,-4.52989202
2009-06-23,3.2
2009-06-24,-0.8553862604
2009-06-25,2.642221623
2009-06-26,-1.470974521
2009-06-29,3.172487337
2009-06-30,-1.989664083
2009-07-01,-1.239124703
2009-07-02,-3.844100374
2009-07-06,-3.636868406
2009-07-07,-2.592912705
2009-07-08,-3.667553978
2009-07-09,0.6140620203
2009-07-10,-1.342691486
2009-07-13,0.1237240953
2009-07-14,-0.8032128514
2009-07-15,4.235440673
2009-07-16,0.2688975202
2009-07-17,2.026221692
2009-07-20,1.723130841
2009-07-21,0.3158196957
2009-07-22,-0.3720663995
2009-07-23,2.815282965
2009-07-24,1.285275217
2009-07-27,0.1931034483
2009-07-28,-1.54185022
2009-07-29,-6.291946309
2009-07-30,5.908683975
2009-07-31,3.719357566
2009-08-03,3.015484923
2009-08-04,0.1318565401
2009-08-05,0.6057413748
2009-08-06,0.1832460733
2009-08-07,-1.620067938
2009-08-10,0.1593625498
2009-08-11,-2.25404402
2009-08-12,1.329354314
2009-08-13,1.204819277
2009-08-14,-4.682539683
2009-08-17,-1.415487094
2009-08-18,3.772522523
2009-08-19,3.418339664
2009-08-20,-1.206715635
2009-08-21,1.460435475
2009-08-24,0.2355404344
2009-08-25,-3.002610966
2009-08-26,-0.5383580081
2009-08-27,2.083897158
2009-08-28,-0.1590668081
2009-08-31,-4.275092937
2009-09-01,-2.163661581
2009-09-02,-0.2551743692
2009-09-03,0.3979533826
2009-09-04,-0.5379388448
2009-09-08,5.180757188
2009-09-09,-0.02706359946
2009-09-10,1.164049811
2009-09-11,-4.147712069
2009-09-14,-0.3070910106
2009-09-15,2.77233268
2009-09-16,1.989100817
2009-09-17,0.1602992252
2009-09-18,-0.986929848
2009-09-21,-3.421336207
2009-09-22,3.152022315
2009-09-23,-5.002704164
2009-09-24,-3.302021065
2009-09-25,0.08831321754
2009-09-28,1.5
2009-09-29,-0.5795421617
2009-09-30,5.479452055
2009-10-01,0.1105277701
2009-10-02,-0.9936516699
2009-10-05,0.8642319487
2009-10-06,0.9950248756
2009-10-07,-1.587301587
2009-10-08,2.002224694
2009-10-09,1.308615049
2009-10-12,1.426264801
2009-10-13,1.220482887
2009-10-14,1.20576671
2009-10-15,3.367003367
2009-10-16,1.35304435
2009-10-19,0.7663782447
2009-10-20,-0.9077526987
2009-10-21,2.401584551
2009-10-22,0.2659574468
2009-10-23,-1.350373764
2009-10-26,-1.906624297
2009-10-27,1.146274608
2009-10-28,-2.78393693
2009-10-29,3.649265079
2009-10-30,-3.887530562
2009-11-02,1.678962096
2009-11-03,1.626219665
2009-11-04,0.9108813392
2009-11-05,-0.4879238839
2009-11-06,-2.745771022
2009-11-09,2.092261155
2009-11-10,-0.2222222222
2009-11-11,0.3464488988
2009-11-12,-3.205918619
2009-11-13,-0.3566878981
2009-11-16,3.093837893
2009-11-17,0.3968253968
2009-11-18,0.4693675889
2009-11-19,-2.483403
2009-11-20,-0.6051437216
2009-11-23,-0.1014713343
2009-11-24,-2.031488065
2009-11-25,2.384655262
2009-11-27,-2.430379747
2009-11-30,1.608718215
2009-12-01,1.174668029
2009-12-02,-1.968702675
2009-12-03,-0.8238928939
2009-12-04,-0.4932502596
2009-12-07,-2.191494913
2009-12-08,-1.707121899
2009-12-09,-2.659430122
2009-12-10,-0.3902982994
2009-12-11,-0.6996921355
2009-12-14,0.281848929
2009-12-15,0.9836987071
2009-12-16,2.33787921
2009-12-17,-1.115039434
2009-12-18,0.8800880088
2009-12-21,-1.417666303
2009-12-22,1.10619469
2009-12-23,3.336980306
2009-12-24,1.138168343
2009-12-28,1.70112536
2009-12-29,-0.05146680391
2009-12-30,0.7723995881
2009-12-31,0.3576903424
2010-01-04,2.520366599
2010-01-05,0.3724857214
2010-01-06,1.385452746
2010-01-07,-0.6344558321
2010-01-08,0.5157170923
2010-01-11,-0.952846323
2010-01-12,-2.244696596
2010-01-13,-1.059803179
2010-01-14,-0.4080591686
2010-01-15,-1.741357234
2010-01-19,1.459473547
2010-01-20,-2.645774467
2010-01-21,-1.794195251
2010-01-22,-2.391187534
2010-01-25,1.32122213
2010-01-26,-0.8421624559
2010-01-27,-1.150684932
2010-01-28,0.22172949
2010-01-29,-1.438053097
2010-02-01,3.03030303
2010-02-02,3.295206972
2010-02-03,-0.738201951
2010-02-04,-4.966799469
2010-02-05,-1.593068753
2010-02-08,-0.3692132917
2010-02-09,3.221208666
2010-02-10,0.8285004143
2010-02-11,0.8490824432
2010-02-12,-1.385116784
2010-02-16,4.076012118
2010-02-17,0.4763164858
2010-02-18,2.001580195
2010-02-19,0.9295120062
2010-02-22,-0.1534919417
2010-02-23,-1.793492185
2010-02-24,1.72188886
2010-02-25,-2.256988972
2010-02-26,1.863028077
2010-03-01,-1.236476043
2010-03-02,1.199791341
2010-03-03,1.546391753
2010-03-04,-0.6345177665
2010-03-05,1.787994891
2010-03-08,-0.1505646173
2010-03-09,-0.6031666248
2010-03-10,0.8849557522
2010-03-11,0.3759398496
2010-03-12,-1.348314607
2010-03-15,-1.72108327
2010-03-16,2.498068504
2010-03-17,1.08040201
2010-03-18,-0.7954262988
2010-03-19,-1.728890003
2010-03-22,0.8159102499
2010-03-23,0.4046535154
2010-03-24,-1.914357683
2010-03-25,-0.1027221366
2010-03-26,-0.1799485861
2010-03-29,2.91012104
2010-03-30,-0.02502502503
2010-03-31,0.8760951189
2010-04-01,2.357320099
2010-04-05,1.987878788
2010-04-06,-0.1188495365
2010-04-07,-1.189909567
2010-04-08,-0.1926782274
2010-04-09,-0.6515444015
2010-04-12,-0.5829487491
2010-04-13,-0.097727828
2010-04-14,2.103203717
2010-04-15,-0.09580838323
2010-04-16,-2.685207384
2010-04-19,-1.18255728
2010-04-20,0.4736973323
2010-04-21,-0.07444168734
2010-04-22,0.07449714428
2010-04-23,1.612903226
2010-04-26,-1.465201465
2010-04-27,-2.428748451
2010-04-28,1.524003048
2010-04-29,2.70202652
2010-04-30,0.6820950061
2010-05-03,0.3145414953
2010-05-04,-4.220935842
2010-05-05,-3.525560312
2010-05-06,-3.576089794
2010-05-07,-1.705468327
2010-05-10,2.50619664
2010-05-11,-1.23589468
2010-05-12,0.02720348205
2010-05-13,-1.740549361
2010-05-14,-3.625795738
2010-05-17,-2.699597932
2010-05-18,-1.180637544
2010-05-19,0.08960573477
2010-05-20,-4.028648165
2010-05-21,0.342039801
2010-05-24,-0.3098853424
2010-05-25,-0.9947155735
2010-05-26,2.323390895
2010-05-27,5.277692544
2010-05-28,-0.7577965608
2010-06-01,-2.555066079
2010-06-02,1.838456902
2010-06-03,1.390944066
2010-06-04,-4.582603619
2010-06-07,-0.3059039462
2010-06-08,1.841055539
2010-06-09,2.289846339
2010-06-10,2.415316642
2010-06-11,-1.553062985
2010-06-14,0.2921413964
2010-06-15,2.621613749
2010-06-16,0.7380073801
2010-06-17,-0.9861932939
2010-06-18,0.7683551508
2010-06-21,-0.22592488
2010-06-22,-0.9340503821
2010-06-23,-2.171428571
2010-06-24,0.4380841121
2010-06-25,3.663855772
2010-06-28,-1.234221599
2010-06-29,-2.953706333
2010-06-30,-0.6145741879
2010-07-01,-3.209658422
2010-07-02,-0.8214177061
2010-07-06,0.03067484663
2010-07-07,3.127874885
2010-07-08,1.78412132
2010-07-09,0.3213555361
2010-07-12,-1.63075131
2010-07-13,2.841918295
2010-07-14,-0.2302820956
2010-07-15,-0.230813618
2010-07-16,-1.185656449
2010-07-19,0.848697688
2010-07-20,1.044689495
2010-07-21,-1.78058587
2010-07-22,3.567251462
2010-07-23,-0.08469791078
2010-07-26,-0.1130262786
2010-07-27,-1.923620934
2010-07-28,-0.8941447938
2010-07-29,2.037252619
2010-07-30,0.7986309184
2010-08-02,3.225806452
2010-08-03,1.17872807
2010-08-04,-0.02709292875
2010-08-05,-0.5149051491
2010-08-06,-1.38926723
2010-08-09,0.9116022099
2010-08-10,-1.861483712
2010-08-11,-3.09623431
2010-08-12,-2.36039148
2010-08-13,-0.383254717
2010-08-16,-0.5327019828
2010-08-17,0.7735792919
2010-08-18,-0.5609684086
2010-08-19,-1.27672209
2010-08-20,-0.9022556391
2010-08-23,-1.57814871
2010-08-24,-2.00431699
2010-08-25,1.856513531
2010-08-26,0.8341056534
2010-08-27,2.849264706
2010-08-30,-1.63836759
2010-08-31,-3.361599031
2010-09-01,3.227828267
2010-09-02,1.366120219
2010-09-03,-0.8984725966
2010-09-07,-0.9670595346
2010-09-08,1.129081477
2010-09-09,-0.7543753772
2010-09-10,2.675585284
2010-09-13,0.769914125
2010-09-14,-0.4114017044
2010-09-15,-1.2097964
2010-09-16,-1.493428913
2010-09-17,-1.061249242
2010-09-20,1.838798652
2010-09-21,-1.805597352
2010-09-22,-0.153233221
2010-09-23,0.2455494168
2010-09-24,2.265768524
2010-09-27,-0.5389221557
2010-09-28,-0.09030704395
2010-09-29,2.259716782
2010-09-30,2.651738362
2010-10-01,2.267508611
2010-10-04,-0.1122649453
2010-10-05,1.432986794
2010-10-06,0.4986149584
2010-10-07,-2.260198456
2010-10-08,1.945854484
2010-10-11,-1.521438451
2010-10-12,0.1404494382
2010-10-13,1.430575035
2010-10-14,-0.4701327434
2010-10-15,-1.44484579
2010-10-18,2.283619961
2010-10-19,-4.575523705
2010-10-20,2.801848642
2010-10-21,-2.07923574
2010-10-22,1.836441894
2010-10-25,0.22541561
2010-10-26,0.3092493674
2010-10-27,-0.7286995516
2010-10-28,-0.08469791078
2010-10-29,-0.7064142413
2010-11-01,1.906659078
2010-11-02,1.284557386
2010-11-03,1.323407775
2010-11-04,2.013605442
2010-11-05,0.4267804748
2010-11-08,-0.3187250996
2010-11-09,-1.278976819
2010-11-10,2.726045884
2010-11-11,-0.5780346821
2010-11-12,-3.6205074
2010-11-15,0.08225939128
2010-11-16,-2.876712329
2010-11-17,-2.031029619
2010-11-18,2.274690469
2010-11-19,-0.8445945946
2010-11-22,-0.4826802953
2010-11-23,-0.2853067047
2010-11-24,3.204577969
2010-11-26,-0.3604103133
2010-11-29,2.337228715
2010-11-30,-2.011963023
2010-12-01,3.218645949
2010-12-02,1.532258065
2010-12-03,1.456182155
2010-12-06,-0.260960334
2010-12-07,-1.098901099
2010-12-08,0.4232804233
2010-12-09,-0.05268703899
2010-12-10,-0.7380073801
2010-12-13,0.6107275624
2010-12-14,0
2010-12-15,0.2639218791
2010-12-16,-0.6580679126
2010-12-17,0.1854795972
2010-12-20,0.6347527109
2010-12-21,0.6307490145
2010-12-22,0.9140767824
2010-12-23,0.8799171843
2010-12-27,-0.6926629041
2010-12-28,0.5424954792
2010-12-29,-0.2569373073
2010-12-30,-1.80319423
2010-12-31,2.308499475
2011-01-03,0.1282051282
2011-01-04,-2.535211268
2011-01-05,1.208617972
2011-01-06,-2.284527518
2011-01-07,0.05313496281
2011-01-10,1.354221986
2011-01-11,1.88629814
2011-01-12,0.2571355104
2011-01-13,-0.8720184663
2011-01-14,0.7761966365
2011-01-18,-0.5648267009
2011-01-19,-0.490575781
2011-01-20,-2.594706798
2011-01-21,-0.1065530101
2011-01-24,-1.52
2011-01-25,-1.787164907
2011-01-26,1.543975738
2011-01-27,-2.416508281
2011-01-28,4.563160824
2011-01-31,2.740819585
2011-02-01,-1.398601399
2011-02-02,0.341476228
2011-02-03,-0.2879581152
2011-02-04,-1.99527435
2011-02-07,-1.741226895
2011-02-08,-0.1090512541
2011-02-09,-0.3820960699
2011-02-10,0.1095890411
2011-02-11,-1.340996169
2011-02-14,-0.4715672677
2011-02-15,-1.365663322
2011-02-16,0.3955919751
2011-02-17,1.491697157
2011-02-18,0.7764836384
2011-02-22,5.861309851
2011-02-23,3.405250845
2011-02-24,-2.061337355
2011-02-25,1.848049281
2011-02-28,-1.234879032
2011-03-01,3.291656035
2011-03-02,2.173913043
2011-03-03,-0.4352030948
2011-03-04,2.719766877
2011-03-07,0.1654846336
2011-03-08,-0.1416096295
2011-03-09,-0.6145119357
2011-03-10,-1.569560048
2011-03-11,-1.642908915
2011-03-14,0.4912797838
2011-03-15,-3.715472989
2011-03-16,0.6600660066
2011-03-17,3.127364439
2011-03-18,0.1956468574
2011-03-21,0.3661215524
2011-03-22,1.945525292
2011-03-23,0.4532442748
2011-03-24,-0.1187366421
2011-03-25,0.2853067047
2011-03-28,-1.801801802
2011-03-29,0.989859971
2011-03-30,-0.4303131724
2011-03-31,2.232893157
2011-04-01,1.385627055
2011-04-04,0.1853138754
2011-04-05,-0.3468208092
2011-04-06,0.626450116
2011-04-07,1.429559603
2011-04-08,2.636962946
2011-04-11,-3.433001107
2011-04-12,-2.981651376
2011-04-13,1.063829787
2011-04-14,1.239766082
2011-04-15,0.9704251386
2011-04-18,-1.899313501
2011-04-19,0.163284348
2011-04-20,2.980903586
2011-04-21,0.7914970602
2011-04-25,-0.08974646623
2011-04-26,-0.1122838536
2011-04-27,1.214028777
2011-04-28,-0.4220346513
2011-04-29,0.713807718
2011-05-02,-0.4651162791
2011-05-03,-1.913662661
2011-05-04,-1.837568058
2011-05-05,-9.0825052
2011-05-06,-1.194712761
2011-05-09,5.145356316
2011-05-10,0.513824321
2011-05-11,-4.211295034
2011-05-12,-0.1778907243
2011-05-13,0.4073319756
2011-05-16,-2.35801217
2011-05-17,0.1298364061
2011-05-18,2.437759336
2011-05-19,-1.088607595
2011-05-20,1.02380343
2011-05-23,-2.5335698
2011-05-24,2.131531063
2011-05-25,1.628913209
2011-05-26,-0.826446281
2011-05-27,0.2777777778
2011-05-31,1.989423319
2011-06-01,-2.419753086
2011-06-02,0.4048582996
2011-06-03,-0.05040322581
2011-06-06,-1.664145234
2011-06-07,0.1025641026
2011-06-08,2.074795082
2011-06-09,0.7277289837
2011-06-10,-2.665670154
2011-06-13,-2.073201945
2011-06-14,2.195504443
2011-06-15,-3.861892583
2011-06-16,-0.4788507582
2011-06-17,-2.08500401
2011-06-20,0.2457002457
2011-06-21,0.1906318083
2011-06-22,0.815438978
2011-06-23,-2.911836074
2011-06-24,-0.5831713413
2011-06-27,-0.4469273743
2011-06-28,2.188552189
2011-06-29,2.224052718
2011-06-30,0.08058017728
2011-07-01,-0.3488996243
2011-07-05,2.235389173
2011-07-06,-0.1844046365
2011-07-07,1.90023753
2011-07-08,-2.097902098
2011-07-11,-1.349206349
2011-07-12,1.689460981
2011-07-13,1.133966245
2011-07-14,-2.086049544
2011-07-15,1.571238349
2011-07-18,-1.442055585
2011-07-19,1.755786113
2011-07-20,0.3921568627
2011-07-21,0.8333333333
2011-07-22,0.5681818182
2011-07-25,-0.6420133539
2011-07-26,0.3101576635
2011-07-27,-2.138624066
2011-07-28,-0.1843075303
2011-07-29,-1.266156687
2011-08-01,-0.6144803633
2011-08-02,-2.150537634
2011-08-03,-1.428571429
2011-08-04,-6.02006689
2011-08-05,0.6820877817
2011-08-08,-7.187039764
2011-08-09,0.2538876547
2011-08-10,0.601456157
2011-08-11,4.782882316
2011-08-12,-0.2102102102
2011-08-15,2.97923563
2011-08-16,-1.139684395
2011-08-17,0.5320721253
2011-08-18,-6.733313731
2011-08-19,1.261034048
2011-08-22,1.867995019
2011-08-23,2.139364303
2011-08-24,-1.017354877
2011-08-25,-0.3325272068
2011-08-26,0.5459508644
2011-08-29,2.443438914
2011-08-30,1.413427562
2011-08-31,0.2032520325
2011-09-01,-0.1159084323
2011-09-02,-2.40789092
2011-09-06,-0.1486325803
2011-09-07,3.274784162
2011-09-08,-0.6918420294
2011-09-09,-1.741654572
2011-09-12,1.683899557
2011-09-13,1.249273678
2011-09-14,-1.463414634
2011-09-15,0.757134537
2011-09-16,-1.329479769
2011-09-19,-2.460456942
2011-09-20,0.3903903904
2011-09-21,-1.52557583
2011-09-22,-5.437424058
2011-09-23,-0.1284934147
2011-09-26,1.222257961
2011-09-27,2.85986654
2011-09-28,-3.490886623
2011-09-29,2.336747759
2011-09-30,-4.598060682
2011-10-03,-2.491803279
2011-10-04,0.5716207128
2011-10-05,3.109327984
2011-10-06,3.696498054
2011-10-07,0.3126954346
2011-10-10,3.6159601
2011-10-11,-0.6919374248
2011-10-12,-0.2726446531
2011-10-13,-0.8201701094
2011-10-14,3.736600306
2011-10-17,-1.299084736
2011-10-18,2.153754113
2011-10-19,-2.459736457
2011-10-20,0.06004202942
2011-10-21,1.620162016
2011-10-24,4.458222616
2011-10-25,1.187111362
2011-10-26,-2.122905028
2011-10-27,3.396118721
2011-10-28,-0.5520287055
2011-10-31,-0.8048848182
2011-11-01,-1.510912143
2011-11-02,1.335227273
2011-11-03,1.850294365
2011-11-04,0.3578309937
2011-11-07,1.727921009
2011-11-08,0.9166891345
2011-11-09,-1.148811114
2011-11-10,1.945945946
2011-11-11,1.299045599
2011-11-14,-0.9159905784
2011-11-15,1.531959852
2011-11-16,2.341311134
2011-11-17,-2.821555669
2011-11-18,-1.02014125
2011-11-21,-0.6606765328
2011-11-22,0.5852620378
2011-11-23,-1.666225866
2011-11-25,-0.05379236148
2011-11-28,1.856835307
2011-11-29,1.849405548
2011-11-30,0.5966277562
2011-12-01,-0.438370294
2011-12-02,1.087801088
2011-12-05,-0.05124263387
2011-12-06,-0.0256344527
2011-12-07,-0.4871794872
2011-12-08,-2.653955166
2011-12-09,1.905770249
2011-12-12,-1.61038961
2011-12-13,1.927138332
2011-12-14,-5.050505051
2011-12-15,-1.445717403
2011-12-16,0.4151674509
2011-12-19,-0.2205071665
2011-12-20,3.674033149
2011-12-21,1.545430322
2011-12-22,0.4460771451
2011-12-23,0.5485893417
2011-12-27,1.480904131
2011-12-28,-1.792114695
2011-12-29,0.1303441084
2011-12-30,-0.7810466024
2012-01-03,4.145893466
2012-01-04,0.2015621063
2012-01-05,-1.508674881
2012-01-06,0.1276487107
2012-01-09,-0.3569607343
2012-01-10,0.6653019447
2012-01-11,-1.118454499
2012-01-12,-2.159383033
2012-01-13,0.3152916448
2012-01-17,1.597695128
2012-01-18,0.1031193607
2012-01-19,-0.3605459696
2012-01-20,-2.352028948
2012-01-23,1.614610905
2012-01-24,-0.7554050534
2012-01-25,0.656167979
2012-01-26,0.05215123859
2012-01-27,-0.1824341934
2012-01-30,-0.7571801567
2012-01-31,-0.4998684557
2012-02-01,-1.163405605
2012-02-02,-0.6688068486
2012-02-03,1.238890385
2012-02-06,-0.6916733174
2012-02-07,1.660862577
2012-02-08,0.2371541502
2012-02-09,0.7623554154
2012-02-10,-0.8087659797
2012-02-13,1.762230405
2012-02-14,0.3876970793
2012-02-15,0.8753861998
2012-02-16,0.2807554875
2012-02-17,1.170781369
2012-02-21,2.113207547
2012-02-22,0
2012-02-23,1.92165558
2012-02-24,1.547014745
2012-02-27,-1.975720067
2012-02-28,-0.9470616804
2012-02-29,0.3187055651
2012-03-01,2.028347996
2012-03-02,-2.347305389
2012-03-05,0.4905567819
2012-03-06,-2.050280693
2012-03-07,1.196112634
2012-03-08,0.4678650579
2012-03-09,0.7107843137
2012-03-12,-0.9491360428
2012-03-13,0.3194103194
2012-03-14,-1.0286554
2012-03-15,-0.3464488988
2012-03-16,1.887260988
2012-03-19,0.6336826712
2012-03-20,-2.082828772
2012-03-21,0.5688844917
2012-03-22,-1.27889818
2012-03-23,1.320378675
2012-03-26,0.2458814851
2012-03-27,-0.1471670346
2012-03-28,-1.277327438
2012-03-29,-2.239363026
2012-03-30,-0.1527106134
2012-04-02,2.064746368
2012-04-03,-0.9490509491
2012-04-04,-2.067574382
2012-04-05,1.081359423
2012-04-09,-0.7386653082
2012-04-10,-1.180395176
2012-04-11,1.350298624
2012-04-12,1.101716628
2012-04-13,-0.8109477952
2012-04-16,0.1021972407
2012-04-17,1.174068402
2012-04-18,-1.48839556
2012-04-19,-0.2304737516
2012-04-20,1.103696099
2012-04-23,-0.9139375476
2012-04-24,0.3586984371
2012-04-25,0.6127138116
2012-04-26,0.3044912459
2012-04-27,0.2276751834
2012-04-30,0.1514386673
2012-05-01,1.184475806
2012-05-02,-0.6475716065
2012-05-03,-2.657307596
2012-05-04,-3.966005666
2012-05-07,-0.6436041834
2012-05-08,-0.4858299595
2012-05-09,-0.9492812585
2012-05-10,0.2464403067
2012-05-11,-0.9560229446
2012-05-14,-1.792608935
2012-05-15,-0.9267059815
2012-05-16,-0.6519274376
2012-05-17,-0.02853067047
2012-05-18,-1.74086758
2012-05-21,2.091199535
2012-05-22,-1.906116643
2012-05-23,-1.131090487
2012-05-24,0.4986799648
2012-05-25,-0.1167542323
2012-05-29,0.0292226768
2012-05-30,-3.534910897
2012-05-31,-1.241671714
2012-06-01,-3.618521926
2012-06-04,1.049952275
2012-06-05,0
2012-06-06,1.196473552
2012-06-07,-1.306782825
2012-06-08,0.2522068096
2012-06-11,-3.396226415
2012-06-12,2.24609375
2012-06-13,-0.9869468322
2012-06-14,2.025723473
2012-06-15,-0.3151591554
2012-06-18,-0.9800822004
2012-06-19,1.149425287
2012-06-20,-3.756313131
2012-06-21,-3.378156773
2012-06-22,2.172437203
2012-06-25,-0.9966777409
2012-06-26,0.03355704698
2012-06-27,1.30828581
2012-06-28,-2.317880795
2012-06-29,7.86440678
2012-07-02,-1.225644249
2012-07-03,4.804327076
2012-07-05,-0.9714632665
2012-07-06,-3.157572042
2012-07-09,1.836024058
2012-07-10,-2.020516009
2012-07-11,2.569796954
2012-07-12,-0.4330343334
2012-07-13,1.522211867
2012-07-16,1.346389229
2012-07-17,0.7850241546
2012-07-18,0.9286998203
2012-07-19,2.819827842
2012-07-20,-1.270207852
2012-07-23,-3.50877193
2012-07-24,0.4545454545
2012-07-25,0.1809954751
2012-07-26,0.6022282445
2012-07-27,0.7782101167
2012-07-30,-0.6534006534
2012-07-31,-2.301943199
2012-08-01,1.499388005
2012-08-02,-1.718420259
2012-08-03,4.509202454
2012-08-06,1.027296742
2012-08-07,1.423590936
2012-08-08,-0.1145803495
2012-08-09,0.17206768
2012-08-10,-0.2290294875
2012-08-13,-0.5451936872
2012-08-14,0.7501442585
2012-08-15,0.7731958763
2012-08-16,1.051435067
2012-08-17,1.096737908
2012-08-20,-0.3337969402
2012-08-21,0.4186435948
2012-08-22,0.6670372429
2012-08-23,-1.270016565
2012-08-24,-0.2237136465
2012-08-27,-0.1961883408
2012-08-28,0.5054759899
2012-08-29,-1.145571389
2012-08-30,-0.339174675
2012-08-31,1.78672717
2012-09-04,-1.05879075
2012-09-05,0.1689664883
2012-09-06,-0.9558616812
2012-09-07,1.84501845
2012-09-10,-0.08361204013
2012-09-11,0.7252440725
2012-09-12,-0.1938521185
2012-09-13,1.304106548
2012-09-14,0.9038619556
2012-09-17,-2.958740499
2012-09-18,-0.5034965035
2012-09-19,-4.104582513
2012-09-20,1.172676634
2012-09-21,0
2012-09-24,-1.21703854
2012-09-25,-0.9973599296
2012-09-26,-1.214814815
2012-09-27,2.459508098
2012-09-28,-0.08782201405
2012-10-01,0.3515968356
2012-10-02,-0.6715328467
2012-10-03,-4.144620811
2012-10-04,4.109168967
2012-10-05,-1.76730486
2012-10-08,-0.3898050975
2012-10-09,2.889825406
2012-10-10,-0.9947337624
2012-10-11,1.329787234
2012-10-12,-0.8457276174
2012-10-15,0
2012-10-16,0.4117647059
2012-10-17,-0.1171646163
2012-10-18,-0.08797653959
2012-10-19,-2.14264749
2012-10-22,-1.319736053
2012-10-23,-2.82674772
2012-10-24,-1.063497028
2012-10-25,0.4742333228
2012-10-26,0.03146633103
2012-10-31,-0.03145643284
2012-11-01,0.8810572687
2012-11-02,-2.214597629
2012-11-05,0.8293460925
2012-11-06,3.005378045
2012-11-07,-4.146191646
2012-11-08,0.2883691125
2012-11-09,1.373801917
2012-11-12,-0.4412228175
2012-11-13,-0.5698005698
2012-11-14,1.146131805
2012-11-15,-0.8813345924
2012-11-16,1.365512861
2012-11-19,2.34962406
2012-11-20,-2.203856749
2012-11-21,0.5320813772
2012-11-23,0.6226650062
2012-11-26,-0.4022277228
2012-11-27,-0.6523765144
2012-11-28,-0.5941213258
2012-11-29,1.195344448
2012-11-30,1.212309605
2012-12-03,0.1228501229
2012-12-04,-0.6134969325
2012-12-05,-0.5555555556
2012-12-06,-1.707014277
2012-12-07,-0.4420587307
2012-12-10,-0.475737393
2012-12-11,0.2868068834
2012-12-12,0.9850651414
2012-12-13,-0.6293266205
2012-12-14,0.7283090564
2012-12-17,0.6287331028
2012-12-18,0.5310840362
2012-12-19,1.522684897
2012-12-20,0.1836547291
2012-12-21,-1.13046135
2012-12-24,-0.3708281829
2012-12-26,2.791563275
2012-12-27,0.1508750754
2012-12-28,-0.4519433564
2012-12-31,0.9685230024
2013-01-02,1.348920863
2013-01-03,-0.2070393375
2013-01-04,0.4149377593
2013-01-07,0.1180637544
2013-01-08,0.1179245283
2013-01-09,-0.2355712603
2013-01-10,0.8559622196
2013-01-11,-0.3219198127
2013-01-14,0.6459189665
2013-01-15,-0.8459743291
2013-01-16,0.8531921153
2013-01-17,1.137689615
2013-01-18,0.2884338044
2013-01-22,0.6902502157
2013-01-23,-1.142530706
2013-01-24,0.4334007512
2013-01-25,0.05753739931
2013-01-28,0.4600345026
2013-01-29,1.00171723
2013-01-30,0.5667327855
2013-01-31,-0.5917159763
2013-02-01,0.1700680272
2013-02-04,-1.584606678
2013-02-05,0.7188039103
2013-02-06,0.02854695975
2013-02-07,-1.02739726
2013-02-08,0.05767012687
2013-02-11,1.21037464
2013-02-12,0.4555808656
2013-02-13,-0.2551020408
2013-02-14,0.2273373117
2013-02-15,-1.559398923
2013-02-19,0.6912442396
2013-02-20,-2.2597254
2013-02-21,-2.165642376
2013-02-22,0.5085252767
2013-02-25,-1.160714286
2013-02-26,0.3613369467
2013-02-27,0.2100210021
2013-02-28,-1.017964072
2013-03-01,-0.9679370841
2013-03-04,-1.038485034
2013-03-05,0.8950617284
2013-03-06,-0.4588559192
2013-03-07,1.2292563
2013-03-08,0.3339404979
2013-03-11,-0.03025718608
2013-03-12,0.6658595642
2013-03-13,-0.2104630186
2013-03-14,0.6929798132
2013-03-15,0.5385996409
2013-03-18,0.1488095238
2013-03-19,-1.723625557
2013-03-20,1.08859994
2013-03-21,-1.13670356
2013-03-22,1.694402421
2013-03-25,0.7140731925
2013-03-26,1.772525849
2013-03-27,0.290275762
2013-03-28,0.6078147612
2013-04-01,-0.2301495972
2013-04-02,-0.08650519031
2013-04-03,-2.568542569
2013-04-04,-1.095971564
2013-04-05,-0.3294399521
2013-04-08,0.6310096154
2013-04-09,0.447894894
2013-04-10,0.564803805
2013-04-11,-1.093703813
2013-04-12,-2.779438135
2013-04-15,-3.197048878
2013-04-16,0.8574150524
2013-04-17,-2.361460957
2013-04-18,2.031602709
2013-04-19,-0.7901390645
2013-04-22,1.369863014
2013-04-23,0.1257071025
2013-04-24,2.510985562
2013-04-25,1.806491121
2013-04-26,-0.4210526316
2013-04-29,1.510117789
2013-04-30,-1.338887236
2013-05-01,-2.322074789
2013-05-02,3.39610991
2013-05-03,1.552702299
2013-05-06,0.3822405175
2013-05-07,-0.3807850029
2013-05-08,1.146721552
2013-05-09,-0.6686046512
2013-05-10,-0.08779631255
2013-05-13,-0.820152314
2013-05-14,-0.8860011813
2013-05-15,0.1489868892
2013-05-16,0.7735792919
2013-05-17,1.003838205
2013-05-20,0.6430868167
2013-05-21,-0.9294220157
2013-05-22,-1.905599531
2013-05-23,0.2390914525
2013-05-24,-0.5068574836
2013-05-28,1.258615523
2013-05-29,-2.042024268
2013-05-30,0.4531722054
2013-05-31,-1.92481203
2013-06-03,1.686599203
2013-06-04,0.1206272618
2013-06-05,0.1807228916
2013-06-06,1.082381239
2013-06-07,1.606186794
2013-06-10,-0.4683840749
2013-06-11,-0.6176470588
2013-06-12,0.7102693104
2013-06-13,0.8815750808
2013-06-14,1.194290708
2013-06-17,0.05757052389
2013-06-18,0.5753739931
2013-06-19,-0.5148741419
2013-06-20,-3.392754457
2013-06-21,-1.041666667
2013-06-24,1.172932331
2013-06-25,0.2972651605
2013-06-26,0.1778304683
2013-06-27,1.568047337
2013-06-28,-0.5243227498
2013-07-01,1.522693997
2013-07-02,1.557542544
2013-07-03,1.817665436
2013-07-05,1.980474198
2013-07-08,-0.4102844639
2013-07-09,0.9887393573
2013-07-10,1.794941528
2013-07-11,-1.122094577
2013-07-12,1.486084842
2013-07-15,0.2928647497
2013-07-16,-0.5043801434
2013-07-17,0.8537886873
2013-07-18,1.428571429
2013-07-19,0.2869066249
2013-07-22,-1.378413524
2013-07-23,0.4483122363
2013-07-24,-1.811499081
2013-07-25,0.4812834225
2013-07-26,-0.9845662586
2013-07-29,-0.2149959688
2013-07-30,-1.238890385
2013-07-31,1.881647123
2013-08-01,2.435760171
2013-08-02,-0.8622942252
2013-08-05,-0.2899314707
2013-08-06,-0.9780597409
2013-08-07,-1.201281367
2013-08-08,-0.4593353148
2013-08-09,2.035830619
2013-08-12,0.4522479383
2013-08-13,0.3707627119
2013-08-14,0.5013192612
2013-08-15,0.3938041481
2013-08-16,0.4184100418
2013-08-19,-0.5989583333
2013-08-20,-1.702908043
2013-08-21,-0.9328358209
2013-08-22,0.9954264192
2013-08-23,1.092168354
2013-08-26,0.02635046113
2013-08-27,2.476290832
2013-08-28,0.4627249357
2013-08-29,-1.279426817
2013-08-30,-0.2592016589
2013-09-03,0.7276507277
2013-09-04,-1.083591331
2013-09-05,0.9128847157
2013-09-06,1.731713621
2013-09-09,-1.067073171
2013-09-10,-1.540832049
2013-09-11,0.3651538863
2013-09-12,0.9615384615
2013-09-13,0
2013-09-16,-1.904761905
2013-09-17,-0.9708737864
2013-09-18,2.437731849
2013-09-19,-1.500258665
2013-09-20,-0.7878151261
2013-09-23,-1.349920593
2013-09-24,-0.1341561578
2013-09-25,-0.8866200967
2013-09-26,0.5150447276
2013-09-27,-0.3236245955
2013-09-30,-0.2976190476
2013-10-01,-0.4613297151
2013-10-02,2.017448201
2013-10-03,-0.748262961
2013-10-04,0.4577275175
2013-10-07,-0.4556419191
2013-10-08,0.4577275175
2013-10-09,-2.036987403
2013-10-10,1.504787962
2013-10-11,-0.9433962264
2013-10-14,0.3265306122
2013-10-15,-1.084892867
2013-10-16,1.233890869
2013-10-17,-1.462621885
2013-10-18,0.192413414
2013-10-21,-1.399176955
2013-10-22,-1.474680022
2013-10-23,-1.29906806
2013-10-24,0.1144492132
2013-10-25,0.9431266076
2013-10-28,0.651189128
2013-10-29,-0.3938115331
2013-10-30,-1.58147416
2013-10-31,-0.4591104735
2013-11-01,-1.614298069
2013-11-04,-0.2636976267
2013-11-05,-1.086956522
2013-11-06,1.544401544
2013-11-07,-0.6434630009
2013-11-08,0.1177509567
2013-11-11,0.7350779183
2013-11-12,-1.809690601
2013-11-13,0.7728894174
2013-11-14,0.08849557522
2013-11-15,-0.1473622163
2013-11-18,-0.7674144038
2013-11-19,0.2974419988
2013-11-20,-0.2669039146
2013-11-21,1.605709188
2013-11-22,-0.3804506877
2013-11-25,-0.6462984724
2013-11-26,-0.3843879361
2013-11-27,-1.484119917
2013-11-29,0.8134980416
2013-12-02,0.6575014943
2013-12-03,2.464370546
2013-12-04,1.072152999
2013-12-05,0.1433486239
2013-12-06,0.3435442313
2013-12-09,-0.3994293866
2013-12-10,1.145803495
2013-12-11,-0.9345794393
2013-12-12,-0.02858776444
2013-12-13,-0.9436659994
2013-12-16,0.8660508083
2013-12-17,-0.2003434459
2013-12-18,0.4588471465
2013-12-19,0.8278618327
2013-12-20,0.4530011325
2013-12-23,-0.3382187148
2013-12-24,0.3676470588
2013-12-26,0.4508312201
2013-12-27,0.5329593268
2013-12-30,-0.8649553571
2013-12-31,-0.5910498171
2014-01-02,-3.086070215
2014-01-03,-1.402278703
2014-01-06,-0.5333333333
2014-01-07,0.02978850164
2014-01-08,-1.250744491
2014-01-09,-0.2412545235
2014-01-10,0.3325272068
2014-01-13,-1.14492317
2014-01-14,0.7010057909
2014-01-15,2.209443099
2014-01-16,-0.3553449808
2014-01-17,0.1188707281
2014-01-21,0.8904719501
2014-01-22,1.676963813
2014-01-23,0.462962963
2014-01-24,-0.4032258065
2014-01-27,-1.012145749
2014-01-28,1.343850424
2014-01-29,0.1153070049
2014-01-30,0.6334581054
2014-01-31,-0.4291845494
2014-02-03,-0.8045977011
2014-02-04,0.6373117034
2014-02-05,-0.08635578584
2014-02-06,0.5473926822
2014-02-07,2.12034384
2014-02-10,-0.02805836139
2014-02-11,0.02806623632
2014-02-12,0.4489337823
2014-02-13,0.1955307263
2014-02-14,0.1115137998
2014-02-18,2.08855472
2014-02-19,0.6546644845
2014-02-20,-0.05420054201
2014-02-21,-0.5151843818
2014-02-24,0.2725538294
2014-02-25,-0.5436259853
2014-02-26,0.4372779448
2014-02-27,-0.1632653061
2014-02-28,0.1362769147
2014-03-03,2.123026674
2014-03-04,-1.226012793
2014-03-05,-2.212628171
2014-03-06,0.9105960265
2014-03-07,0.5742411813
2014-03-10,-1.305057096
2014-03-11,-1.349862259
2014-03-12,-1.284557386
2014-03-13,-0.02828854314
2014-03-14,0.5376344086
2014-03-17,-1.069518717
2014-03-18,1.223328592
2014-03-19,0.3653738055
2014-03-20,-0.3640436852
2014-03-21,0.730747611
2014-03-24,-0.05580357143
2014-03-25,-0.139586823
2014-03-26,0.8946044171
2014-03-27,1.136048767
2014-03-28,0.3287671233
2014-03-31,-0.08192244675
2014-04-01,-2.077070238
2014-04-02,-0.08372871895
2014-04-03,0.9497206704
2014-04-04,0.8024349751
2014-04-07,-0.4117485589
2014-04-08,1.70893054
2014-04-09,0.8672086721
2014-04-10,-0.05373455132
2014-04-11,-0.05376344086
2014-04-14,0.5379236148
2014-04-15,0.02675227394
2014-04-16,0.2407060711
2014-04-17,0.4802561366
2014-04-21,-0.05310674456
2014-04-22,-1.70031881
2014-04-23,-0.2432432432
2014-04-24,0.3793010024
2014-04-25,-1.214574899
2014-04-28,0.3005464481
2014-04-29,0.02724053391
2014-04-30,-1.089324619
2014-05-01,-0.4405286344
2014-05-02,0.3595132743
2014-05-05,-0.4133370074
2014-05-06,0.1383508578
2014-05-07,1.132909644
2014-05-08,-0.3005464481
2014-05-09,-0.2466429159
2014-05-12,0.521978022
2014-05-13,1.22984422
2014-05-14,0.3779697624
2014-05-15,-0.3765465304
2014-05-16,0.5129589633
2014-05-19,0.4029008864
2014-05-20,0.3745318352
2014-05-21,1.226012793
2014-05-22,0.07898894155
2014-05-23,0.4472507235
2014-05-27,-0.1047668937
2014-05-28,-1.206082853
2014-05-29,0.610403397
2014-05-30,-0.6067000791
2014-06-02,-0.398089172
2014-06-03,0.2930988542
2014-06-04,-0.3453772582
2014-06-05,0.1066382298
2014-06-06,0.1597869507
2014-06-09,1.515554374
2014-06-10,0.2619172342
2014-06-11,-0.07836990596
2014-06-12,2.169934641
2014-06-13,0.1023541453
2014-06-16,0.1278118609
2014-06-17,-0.4595353587
2014-06-18,0.0512952039
2014-06-19,0.3076134325
2014-06-20,0.4855609507
2014-06-23,-0.4069175992
2014-06-24,-0.1787538304
2014-06-25,0.5116398056
2014-06-26,-0.8144566047
2014-06-27,0.02566076469
2014-06-30,-0.2565418163
2014-07-01,-0.05144032922
2014-07-02,-1.18373649
2014-07-03,-0.390625
2014-07-07,-0.2091503268
2014-07-08,0.02619858528
2014-07-09,-1.283394447
2014-07-10,0.55717697
2014-07-11,-1.952506596
2014-07-14,0.4305705059
2014-07-15,-1.178992497
2014-07-16,1.165943601
2014-07-17,1.393728223
2014-07-18,-0.2907745176
2014-07-21,1.007423118
2014-07-22,-0.3937007874
2014-07-23,0.5533596838
2014-07-24,-0.8909853249
2014-07-25,-0.1322051824
2014-07-28,-0.3441885094
2014-07-29,-0.6641870351
2014-07-30,-1.257020594
2014-07-31,-1.652221018
2014-08-01,-0.330487469
2014-08-04,0.8013263332
2014-08-05,-0.8771929825
2014-08-06,-0.5807522124
2014-08-07,0.5841446453
2014-08-08,-0.110619469
2014-08-11,0.276854928
2014-08-12,-0.6350082827
2014-08-13,0.08335648791
2014-08-14,-2.526374237
2014-08-15,0.9399031615
2014-08-18,-1.072234763
2014-08-19,-0.998288648
2014-08-20,0.4321521175
2014-08-21,0.6597819851
2014-08-22,-0.3704759191
2014-08-25,-0.2574370709
2014-08-26,0.4875250932
2014-08-27,-0.02853881279
2014-08-28,0.8278618327
2014-08-29,1.245753114
2014-09-02,-2.712527964
2014-09-03,2.184535786
2014-09-04,-0.7032348805
2014-09-05,-1.133144476
2014-09-08,-0.5730659026
2014-09-09,-0.2305475504
2014-09-10,-1.039861352
2014-09-11,1.255107998
2014-09-12,-0.893629288
2014-09-15,0.5235602094
2014-09-16,1.996527778
2014-09-17,-0.6808510638
2014-09-18,-1.113967438
2014-09-19,-0.1444251878
2014-09-22,-1.099218976
2014-09-23,0.7312079555
2014-09-24,1.62601626
2014-09-25,-0.4857142857
2014-09-26,0.947459087
2014-09-29,1.023890785
2014-09-30,-3.125
2014-10-01,-0.755594304
2014-10-02,0.6442166911
2014-10-03,-1.745708467
2014-10-06,0.7995262067
2014-10-07,-1.762632197
2014-10-08,-1.315789474
2014-10-09,-2.696969697
2014-10-10,0.2180006229
2014-10-13,-0.5904288378
2014-10-14,-3.563613629
2014-10-15,-0.5834683955
2014-10-16,1.402021519
2014-10-17,0.4823151125
2014-10-20,-0.352
2014-10-21,0.5138086063
2014-10-22,-2.396166134
2014-10-23,1.669394435
2014-10-24,-0.5795235029
2014-10-27,-0.7772020725
2014-10-28,0.5874673629
2014-10-29,1.330304997
2014-10-30,-1.504963176
2014-10-31,-0.422626788
2014-11-03,-2.840352595
2014-11-04,-1.545698925
2014-11-05,2.218430034
2014-11-06,-1.168614357
2014-11-07,0.5405405405
2014-11-10,-1.411290323
2014-11-11,0.2726653033
2014-11-12,-0.9517335146
2014-11-13,-2.916952642
2014-11-14,1.908801697
2014-11-17,-0.5202913632
2014-11-18,-1.673640167
2014-11-19,0.1773049645
2014-11-20,1.699115044
2014-11-21,1.287852419
2014-11-24,-1.237113402
2014-11-25,-2.470424495
2014-11-26,-0.4637887977
2014-11-28,-8.315412186
2014-12-01,2.892885066
2014-12-02,-2.811550152
2014-12-03,0
2014-12-04,-0.9382329945
2014-12-05,-1.499605367
2014-12-08,-4.206730769
2014-12-09,1.212881639
2014-12-10,-3.801652893
2014-12-11,-2.577319588
2014-12-12,-3.306878307
2014-12-15,-3.967168263
2014-12-16,1.13960114
2014-12-17,0.1877934272
2014-12-18,-2.811621368
2014-12-19,5.882352941
2014-12-22,-4.735883424
2014-12-23,3.059273423
2014-12-24,-2.365491651
2014-12-26,-1.282660333
2014-12-29,-2.309913378
2014-12-30,0
2014-12-31,0.2955665025
2015-01-02,-2.308447937
2015-01-05,-5.530417295
2015-01-06,-3.938265035
2015-01-07,1.772853186
2015-01-08,0.9798584649
2015-01-09,-1.455525606
2015-01-12,-4.759299781
2015-01-13,1.206203331
2015-01-14,3.688989784
2015-01-15,-4.488232074
2015-01-16,5.042979943
2015-01-20,-4.637206765
2015-01-21,1.659038902
2015-01-22,-2.025886325
2015-01-23,-2.354968409
2015-01-26,-0.7647058824
2015-01-27,2.015411974
2015-01-28,-3.776873911
2015-01-29,0.7246376812
2015-01-30,6.834532374
2015-02-02,4.489337823
2015-02-03,5.37056928
2015-02-04,-6.829765545
2015-02-05,4.102844639
2015-02-06,2.312138728
2015-02-09,1.540832049
2015-02-10,-4.198280223
2015-02-11,-2.27032735
2015-02-12,3.619665046
2015-02-13,2.294056309
2015-02-17,0.8664627931
2015-02-18,-2.678120263
2015-02-19,-0.8307372793
2015-02-20,-2.356020942
2015-02-23,-2.895442359
2015-02-24,-0.3865267808
2015-02-25,3.381374723
2015-02-26,-3.324396783
2015-02-27,0.3882418192
2015-03-02,1.215469613
2015-03-03,0.9279475983
2015-03-04,2.81233099
2015-03-05,-1.578116781
2015-03-06,-2.512025655
2015-03-09,0.6030701754
2015-03-10,-2.397820163
2015-03-11,-0.7816862088
2015-03-12,-1.857062465
2015-03-13,-3.669724771
2015-03-16,-2.678571429
2015-03-17,-2.385321101
2015-03-18,5.012531328
2015-03-19,-4.057279236
2015-03-20,2.176616915
2015-03-23,2.130249544
2015-03-24,0.05959475566
2015-03-25,3.394877904
2015-03-26,4.896313364
2015-03-27,-5.875892367
2015-03-30,0.5250875146
2015-03-31,-2.263493906
2015-04-01,4.394299287
2015-04-02,-0.1137656428
2015-04-06,4.954441913
2015-04-07,3.418339664
2015-04-08,-5.19412382
2015-04-09,-0.2213613724
2015-04-10,2.107598447
2015-04-13,0.4888647474
2015-04-14,1.72972973
2015-04-15,4.72901169
2015-04-16,1.166920345
2015-04-17,-0.5015045135
2015-04-20,0.252016129
2015-04-21,-2.212166918
2015-04-22,-0.4627249357
2015-04-23,2.066115702
2015-04-24,-0.455465587
2015-04-27,-0.7625826131
2015-04-28,0.4098360656
2015-04-29,2.653061224
2015-04-30,1.938369781
2015-05-01,-0.5363237445
2015-05-04,-0.5882352941
2015-05-05,2.366863905
2015-05-06,0.289017341
2015-05-07,-2.97790586
2015-05-08,1.089108911
2015-05-11,-0.1958863859
2015-05-12,1.766437684
2015-05-13,-0.6268081003
2015-05-14,-0.3881610869
2015-05-15,-0.04870920604
2015-05-18,-0.3898635478
2015-05-19,-3.962818004
2015-05-20,1.069791136
2015-05-21,3.326612903
2015-05-22,-1.219512195
2015-05-26,-2.765432099
2015-05-27,-1.066531234
2015-05-28,0.4106776181
2015-05-29,3.834355828
2015-06-01,0.2461841457
2015-06-02,1.571709234
2015-06-03,-2.46615087
2015-06-04,-2.528507685
2015-06-05,1.220752798
2015-06-08,-0.9547738693
2015-06-09,2.536783359
2015-06-10,2.127659574
2015-06-11,-0.726744186
2015-06-12,-1.073694485
2015-06-15,-0.5920078934
2015-06-16,0.5459057072
2015-06-17,-0.2467917078
2015-06-18,0.7422068283
2015-06-19,-1.669941061
2015-06-22,0.6993006993
2015-06-23,1.537698413
2015-06-24,-1.270151441
2015-06-25,-1.13805047
2015-06-26,0
2015-06-29,-2.352352352
2015-06-30,1.896463352
2015-07-01,-3.923541247
2015-07-02,-0.890052356
2015-07-06,-6.339144216
2015-07-07,0.1692047377
2015-07-08,-2.13963964
2015-07-09,1.898734177
2015-07-10,-0.2258610954
2015-07-13,-0.9054895303
2015-07-14,1.199314677
2015-07-15,-2.76523702
2015-07-16,-1.044689495
2015-07-17,-0.3519061584
2015-07-20,-1.765744556
2015-07-21,1.318154584
2015-07-22,-3.370786517
2015-07-23,-1.223990208
2015-07-24,-0.6815365551
2015-07-27,-2.370555209
2015-07-28,1.277955272
2015-07-29,2.460567823
2015-07-30,-0.8620689655
2015-07-31,-3.167701863
2015-08-03,-3.143040411
2015-08-04,0.7947019868
2015-08-05,-1.248357424
2015-08-06,-1.064537591
2015-08-07,-2.084734364
2015-08-10,2.266483516
2015-08-11,-2.686366689
2015-08-12,-0.3450655625
2015-08-13,-2.423822715
2015-08-14,-0.7097232079
2015-08-17,-0.7147962831
2015-08-18,1.151907847
2015-08-19,-4.412811388
2015-08-20,-0.4467609829
2015-08-21,-1.047120419
2015-08-24,-5.59334845
2015-08-25,1.92153723
2015-08-26,0.3142183818
2015-08-27,9.240407204
2015-08-28,6.666666667
2015-08-31,6.787634409
2015-09-01,-6.796727502
2015-09-02,1.89061445
2015-09-03,1.656726309
2015-09-04,-1.694915254
2015-09-08,-0.3978779841
2015-09-09,-3.395472703
2015-09-10,2.894555479
2015-09-11,-1.87541862
2015-09-14,-1.774744027
2015-09-15,1.250868659
2015-09-16,5.422100206
2015-09-17,-0.8463541667
2015-09-18,-4.005252791
2015-09-21,2.941176471
2015-09-22,-0.8637873754
2015-09-23,-3.217158177
2015-09-24,1.038781163
2015-09-25,0.8910212474
2015-09-28,-2.309782609
2015-09-29,1.599443672
2015-09-30,0.4791238877
2015-10-01,-0.6811989101
2015-10-02,1.303155007
2015-10-05,1.557210562
2015-10-06,4.933333333
2015-10-07,-1.080050826
2015-10-08,3.018625562
2015-10-09,-0.3117206983
2015-10-12,-4.252657911
2015-10-13,-1.63291966
2015-10-14,-0.06640106242
2015-10-15,0.5315614618
2015-10-16,0.5948446794
2015-10-19,-2.562417871
2015-10-20,-0.6743088334
2015-10-21,-2.036659878
2015-10-22,0.5544005544
2015-10-23,-1.654031702
2015-10-26,-1.822004205
2015-10-27,-1.356174161
2015-10-28,6.295224313
2015-10-29,-0.4084411164
2015-10-30,1.230348599
2015-11-02,-0.4051316678
2015-11-03,3.593220339
2015-11-04,-2.814136126
2015-11-05,-2.491582492
2015-11-06,-1.726519337
2015-11-09,-1.054111033
2015-11-10,0.07102272727
2015-11-11,-2.342086586
2015-11-12,-2.979651163
2015-11-13,-2.172284644
2015-11-16,2.526799387
2015-11-17,-2.83793876
2015-11-18,0.3074558032
2015-11-19,-0.6896551724
2015-11-20,-0.2314814815
2015-11-23,0.6960556845
2015-11-24,2.304147465
2015-11-25,0.5255255255
2015-11-27,-2.688573562
2015-11-30,-0.7674597084
2015-12-01,0.154679041
2015-12-02,-3.629343629
2015-12-03,2.323717949
2015-12-04,-2.427564605
2015-12-07,-5.939004815
2015-12-08,-0.3412969283
2015-12-09,-1.02739726
2015-12-10,-1.643598616
2015-12-11,-2.638522427
2015-12-14,0.8130081301
2015-12-15,2.150537634
2015-12-16,-3.596491228
2015-12-17,-2.274795268
2015-12-18,-0.7448789572
2015-12-21,0
2015-12-22,1.031894934
2015-12-23,4.549675023
2015-12-24,0.3552397869
2015-12-28,-3.274336283
2015-12-29,3.019213175
2015-12-30,-2.930728242
2015-12-31,0.6404391583
2016-01-04,-0.1818181818
2016-01-05,-2.9143898
2016-01-06,-5.159474672
2016-01-07,-2.077151335
2016-01-08,-1.01010101
2016-01-11,-5.612244898
2016-01-12,-0.8648648649
2016-01-13,-0.8724100327
2016-01-14,1.540154015
2016-01-15,-4.767063922
2016-01-19,-3.412969283
2016-01-20,-2.944640754
2016-01-21,3.883495146
2016-01-22,8.294392523
2016-01-25,-7.874865156
2016-01-26,5.035128806
2016-01-27,2.341137124
2016-01-28,5.664488017
2016-01-29,-0.5154639175
2016-02-01,-6.528497409
2016-02-02,-4.988913525
2016-02-03,8.984830805
2016-02-04,-2.355460385
2016-02-05,-2.302631579
2016-02-08,-3.03030303
2016-02-09,-5.324074074
2016-02-10,-2.689486553
2016-02-11,0.3768844221
2016-02-12,4.255319149
2016-02-16,-0.2400960384
2016-02-17,5.655836342
2016-02-18,-1.366742597
2016-02-19,-1.270207852
2016-02-22,4.210526316
2016-02-23,-4.826038159
2016-02-24,1.297169811
2016-02-25,2.444703143
2016-02-26,-0.2272727273
2016-02-29,2.505694761
2016-03-01,1.666666667
2016-03-02,1.639344262
2016-03-03,-0.5376344086
2016-03-04,4.324324324
2016-03-07,4.766839378
2016-03-08,-4.549950544
2016-03-09,5.18134715
2016-03-10,-1.083743842
2016-03-11,1.494023904
2016-03-14,-3.042198234
2016-03-15,-1.821862348
2016-03-16,4.948453608
2016-03-17,3.634577603
2016-03-18,-0.663507109
2016-03-21,1.049618321
2016-03-22,-0.4721435316
2016-03-23,-4.079696395
2016-03-24,-0.4945598417
2016-03-28,-0.4970178926
2016-03-29,-2.097902098
2016-03-30,-0.7142857143
2016-03-31,-0.3083247688
2016-04-01,-3.81443299
2016-04-04,-2.679528403
2016-04-05,0.550660793
2016-04-06,5.147864184
2016-04-07,-0.9375
2016-04-08,5.467928496
2016-04-11,2.492522433
2016-04-12,3.501945525
2016-04-13,-1.221804511
2016-04-14,-0.2854424358
2016-04-15,-2.194656489
2016-04-18,-0.7804878049
2016-04-19,2.654867257
2016-04-20,3.0651341
2016-04-21,-0.3717472119
2016-04-22,0.3731343284
2016-04-25,-1.951672862
2016-04-26,2.464454976
2016-04-27,3.052728955
2016-04-28,0.7181328546
2016-04-29,0.7130124777
2016-05-02,-2.212389381
2016-05-03,-2.805429864
2016-05-04,0.4655493482
2016-05-05,1.019462465
2016-05-06,0.5504587156
2016-05-09,-2.554744526
2016-05-10,2.902621723
2016-05-11,3.184713376
2016-05-12,0.9700176367
2016-05-13,-0.6986899563
2016-05-16,3.430079156
2016-05-17,1.360544218
2016-05-18,-1.845637584
2016-05-19,0.7692307692
2016-05-20,-0.3392705683
2016-05-23,-0.7659574468
2016-05-24,1.372212693
2016-05-25,1.776649746
2016-05-26,-0.6650041563
2016-05-27,0.2510460251
2016-05-31,-0.918196995
2016-06-01,0.5054759899
2016-06-02,-0.5867560771
2016-06-03,-0.3372681282
2016-06-06,1.861252115
2016-06-07,1.495016611
2016-06-08,1.718494272
2016-06-09,-1.448109413
2016-06-10,-3.102040816
2016-06-13,-0.9267059815
2016-06-14,-0.2551020408
2016-06-15,-2.216538789
2016-06-16,-2.877070619
2016-06-17,4.667863555
2016-06-20,2.144082333
2016-06-21,-0.1679261125
2016-06-22,-1.26156434
2016-06-23,2.044293015
2016-06-24,-4.841402337
2016-06-27,-1.842105263
2016-06-28,2.502234138
2016-06-29,2.789886661
2016-06-30,-1.865988126
2016-07-01,1.815038894
2016-07-05,-5.093378608
2016-07-06,1.341681574
2016-07-07,-4.501323919
2016-07-08,0.09242144177
2016-07-11,-1.662049861
2016-07-12,5.070422535
2016-07-13,-3.932082216
2016-07-14,1.11627907
2016-07-15,1.103955842
2016-07-18,-1.546860783
2016-07-19,-1.109057301
2016-07-20,0.2803738318
2016-07-21,-2.236719478
2016-07-22,-0.6673021926
2016-07-25,-2.783109405
2016-07-26,-0.4935834156
2016-07-27,-1.785714286
2016-07-28,-2.323232323
2016-07-29,0.9307135471
2016-08-01,-3.586065574
2016-08-02,-0.8501594049
2016-08-03,3.8585209
2016-08-04,1.547987616
2016-08-05,0.2032520325
2016-08-08,2.434077079
2016-08-09,-0.297029703
2016-08-10,-2.979145978
2016-08-11,4.503582395
2016-08-12,2.840352595
2016-08-15,2.476190476
2016-08-16,1.486988848
2016-08-17,0.641025641
2016-08-18,2.820746133
2016-08-19,0.3539823009
2016-08-22,-3.262786596
2016-08-23,1.093892434
2016-08-24,-2.434625789
2016-08-25,1.201478743
2016-08-26,0
2016-08-29,-0.9132420091
2016-08-30,-1.105990783
2016-08-31,-3.448275862
2016-09-01,-2.895752896
2016-09-02,1.789264414
2016-09-06,1.46484375
2016-09-07,1.25120308
2016-09-08,4.182509506
2016-09-09,-3.375912409
2016-09-12,0.4721435316
2016-09-13,-2.537593985
2016-09-14,-2.700096432
2016-09-15,0.4955401388
2016-09-16,-1.380670611
2016-09-19,-0.2
2016-09-20,0.9018036072
2016-09-21,3.277060576
2016-09-22,1.25
2016-09-23,-3.228869896
2016-09-26,2.355250245
2016-09-27,-2.684563758
2016-09-28,4.926108374
2016-09-29,2.0657277
2016-09-30,0.5519779209
2016-10-03,1.555352242
2016-10-04,-0.09009009009
2016-10-05,2.344454463
2016-10-06,1.40969163
2016-10-07,-1.563857515
2016-10-10,3.000882613
2016-10-11,-0.7712082262
2016-10-12,-1.295336788
2016-10-13,0.5249343832
2016-10-14,-0.4351610096
2016-10-17,-0.6118881119
2016-10-18,0.7036059807
2016-10-19,1.834061135
2016-10-20,-1.972555746
2016-10-21,0.4374453193
2016-10-24,-0.4355400697
2016-10-25,-1.662292213
2016-10-26,-1.334519573
2016-10-27,1.082055906
2016-10-28,-1.78412132
2016-10-31,-4.359673025
2016-11-01,0.3798670465
2016-11-02,-2.743614002
2016-11-03,-1.945525292
2016-11-04,-0.9920634921
2016-11-07,1.803607214
2016-11-08,-0.5905511811
2016-11-09,1.782178218
2016-11-10,-2.33463035
2016-11-11,-2.689243028
2016-11-14,1.023541453
2016-11-15,4.761904762
2016-11-16,-1.063829787
2016-11-17,-0.9775171065
2016-11-18,1.875616979
2016-11-21,4.360465116
2016-11-22,-1.299907149
2016-11-23,0.3762935089
2016-11-25,-3.186504217
2016-11-28,1.064859632
2016-11-29,-3.639846743
2016-11-30,8.648111332
2016-12-01,3.659652333
2016-12-02,1.3239188
2016-12-05,-1.132404181
2016-12-06,-0.5286343612
2016-12-07,-1.771479185
2016-12-08,1.983769161
2016-12-09,1.149425287
2016-12-12,1.573426573
2016-12-13,0.9466437177
2016-12-14,-3.495311168
2016-12-15,0.3533568905
2016-12-16,1.672535211
2016-12-19,-0.4329004329
2016-12-20,1.043478261
2016-12-21,-1.549053356
2016-12-22,0.1748251748
2016-12-23,0.872600349
2016-12-27,1.470588235
2016-12-28,0.1705029838
2016-12-29,-0.2553191489
2016-12-30,0
2017-01-03,-2.389078498
2017-01-04,1.223776224
2017-01-05,1.03626943
2017-01-06,-0.1709401709
2017-01-09,-3.167808219
2017-01-10,-2.122015915
2017-01-11,2.7100271
2017-01-12,1.495162709
2017-01-13,-1.126516464
2017-01-17,0.1752848379
2017-01-18,-2.362204724
2017-01-19,0.08960573477
2017-01-20,1.969561325
2017-01-23,-0.6145741879
2017-01-24,0.4416961131
2017-01-25,-0.5277044855
2017-01-26,1.945181256
2017-01-27,-1.127493495
2017-01-30,-1.052631579
2017-01-31,0.3546099291
2017-02-01,1.413427562
2017-02-02,0.2613240418
2017-02-03,0.2606429192
2017-02-06,-1.386481802
2017-02-07,-1.669595782
2017-02-08,0.3574620197
2017-02-09,1.06856634
2017-02-10,1.321585903
2017-02-13,-1.565217391
2017-02-14,0.5300353357
2017-02-15,-0.1757469244
2017-02-16,0.4401408451
2017-02-17,-0.1752848379
2017-02-21,1.316944688
2017-02-22,-1.559792028
2017-02-23,1.496478873
2017-02-24,-0.607111882
2017-02-27,0.0872600349
2017-02-28,-0.1743679163
2017-03-01,-0.4366812227
2017-03-02,-2.01754386
2017-03-03,1.074306177
2017-03-06,-0.08857395926
2017-03-07,-0.08865248227
2017-03-08,-5.323868678
2017-03-09,-1.312089972
2017-03-10,-2.279202279
2017-03-13,-0.09718172983
2017-03-14,-0.8754863813
2017-03-15,1.864573111
2017-03-16,-0.1926782274
2017-03-17,-0.2895752896
2017-03-20,-0.5808325266
2017-03-21,-1.557935735
2017-03-22,0.09891196835
2017-03-23,-1.086956522
2017-03-24,0.7992007992
2017-03-27,-0.4955401388
2017-03-28,1.09561753
2017-03-29,2.167487685
2017-03-30,1.928640309
2017-03-31,0.6622516556
2017-04-03,-0.8458646617
2017-04-04,1.516587678
2017-04-05,-0.2801120448
2017-04-06,1.685393258
2017-04-07,0.9208103131
2017-04-10,1.642335766
2017-04-11,0.2692998205
2017-04-12,-0.5371530886
2017-04-13,0.1800180018
2017-04-17,-0.6289308176
2017-04-18,-0.1808318264
2017-04-19,-3.804347826
2017-04-20,-0.7532956685
2017-04-21,-2.087286528
2017-04-24,-0.6782945736
2017-04-25,1.073170732
2017-04-26,-0.9652509653
2017-04-27,-0.1949317739
2017-04-28,0
2017-05-01,-0.87890625
2017-05-02,-2.266009852
2017-05-03,0.1008064516
2017-05-04,-4.733131923
2017-05-05,2.114164905
2017-05-08,0.1035196687
2017-05-09,-1.034126163
2017-05-10,3.03030303
2017-05-11,0.8113590264
2017-05-12,0.1006036217
2017-05-15,2.211055276
2017-05-16,-0.5899705015
2017-05-17,0.7912957468
2017-05-18,0.6869479882
2017-05-19,2.144249513
2017-05-22,0.572519084
2017-05-23,0.9487666034
2017-05-24,-0.3759398496
2017-05-25,-5.283018868
2017-05-26,2.390438247
2017-05-30,-0.3891050584
2017-05-31,-2.734375
2017-06-01,-0.5020080321
2017-06-02,-0.5045408678
2017-06-05,-0.6085192698
2017-06-06,1.734693878
2017-06-07,-5.115346038
2017-06-08,-0.3171247357
2017-06-09,0.6362672322
2017-06-12,0.3161222339
2017-06-13,0.8403361345
2017-06-14,-3.854166667
2017-06-15,-0.5417118093
2017-06-16,0.6535947712
2017-06-19,-1.298701299
2017-06-20,-1.864035088
2017-06-21,-2.681564246
2017-06-22,0.803673938
2017-06-23,0.9111617312
2017-06-26,0.7900677201
2017-06-27,1.903695409
2017-06-28,1.098901099
2017-06-29,0.1086956522
2017-06-30,3.148751357
2017-07-03,1.263157895
2017-07-05,-3.846153846
2017-07-06,0.6486486486
2017-07-07,-2.255639098
2017-07-10,0.3296703297
2017-07-11,1.533406353
2017-07-12,0.6472491909
2017-07-13,1.500535906
2017-07-14,1.267159451
2017-07-17,-1.459854015
2017-07-18,0.9523809524
2017-07-19,1.572327044
2017-07-20,-0.8255933953
2017-07-21,-2.809573361
2017-07-24,1.713062099
2017-07-25,3.263157895
2017-07-26,1.529051988
2017-07-27,1.004016064
2017-07-28,1.093439364
2017-07-31,1.081612586
2017-08-01,-1.848249027
2017-08-02,0.4955401388
2017-08-03,-1.183431953
2017-08-04,1.097804391
2017-08-07,-0.2961500494
2017-08-08,-0.396039604
2017-08-09,0.8946322068
2017-08-10,-2.36453202
2017-08-11,0.8072653885
2017-08-14,-2.702702703
2017-08-15,0.3086419753
2017-08-16,-1.846153846
2017-08-17,0.5224660397
2017-08-18,3.638253638
2017-08-21,-2.60782347
2017-08-22,0.6179196704
2017-08-23,1.125895599
2017-08-24,-1.720647773
2017-08-25,0.411946447
2017-08-28,-2.256410256
2017-08-29,-0.7345225603
2017-08-30,-0.8456659619
2017-08-31,2.665245203
2017-09-01,0.4153686397
2017-09-05,2.585315408
2017-09-06,1.209677419
2017-09-07,-0.09960159363
2017-09-08,-2.991026919
2017-09-11,0.9249743063
2017-09-12,0.5091649695
2017-09-13,2.026342452
2017-09-14,0.5958291956
2017-09-15,0.6910167818
2017-09-18,-0.2941176471
2017-09-19,-0.5899705015
2017-09-20,1.285855589
2017-09-21,0.09765625
2017-09-22,-0.09756097561
2017-09-25,3.02734375
2017-09-26,-0.5687203791
2017-09-27,0.285986654
2017-09-28,-0.855513308
2017-09-29,0
2017-10-02,-2.109300096
2017-10-03,-0.2938295788
2017-10-04,-0.9823182711
2017-10-05,1.686507937
2017-10-06,-2.731707317
2017-10-09,0.3009027081
2017-10-10,2.8
2017-10-11,0.7782101167
2017-10-12,-1.254826255
2017-10-13,1.368523949
2017-10-16,0.8678881389
2017-10-17,0.2868068834
2017-10-18,-0.09532888465
2017-10-19,-1.240458015
2017-10-20,0.7729468599
2017-10-23,-0.09587727709
2017-10-24,1.151631478
2017-10-25,-0.569259962
2017-10-26,0.858778626
2017-10-27,2.554399243
2017-10-30,0.2767527675
2017-10-31,0.5519779209
2017-11-01,-0.274473925
2017-11-02,0.8256880734
2017-11-03,1.728844404
2017-11-06,2.951699463
2017-11-07,-0.1737619461
2017-11-08,-0.6962576153
2017-11-09,0.4382120947
2017-11-10,-0.3490401396
2017-11-13,-0.350262697
2017-11-14,-2.196836555
2017-11-15,-0.3593890386
2017-11-16,-0.180342651
2017-11-17,2.529358627
2017-11-20,-0.6167400881
2017-11-21,1.063829787
2017-11-22,1.754385965
2017-11-24,1.637931034
2017-11-27,-1.696352841
2017-11-28,-0.08628127696
2017-11-29,-0.9499136442
2017-11-30,0
2017-12-01,1.743679163
2017-12-04,-1.542416452
2017-12-05,0.4351610096
2017-12-06,-2.94627383
2017-12-07,1.160714286
2017-12-08,1.412180053
2017-12-11,0.9573542211
2017-12-12,-1.379310345
2017-12-13,-0.9615384615
2017-12-14,0.8826125331
2017-12-15,0.2624671916
2017-12-18,-0.1745200698
2017-12-19,0.6118881119
2017-12-20,0.8688097307
2017-12-21,0.2583979328
2017-12-22,0.1718213058
2017-12-26,2.487135506
2017-12-27,-0.2510460251
2017-12-28,0.4194630872
2017-12-29,0.3341687552
2018-01-02,0.4995836803
2018-01-03,2.236951118
2018-01-04,0.2431118314
2018-01-05,-0.4850444624
2018-01-08,0.5686433794
2018-01-09,1.534733441
2018-01-10,0.8750994431
2018-01-11,0.1577287066
2018-01-12,1.338582677
2018-01-16,-0.8547008547
2018-01-17,0.1567398119
2018-01-18,-0.1564945227
2018-01-19,-0.3134796238
2018-01-22,0.4716981132
2018-01-23,1.486697966
2018-01-24,1.927525058
2018-01-25,-1.210287443
2018-01-26,1.378254211
2018-01-29,-0.9818731118
2018-01-30,-1.601830664
2018-01-31,0.6201550388
2018-02-01,2.003081664
2018-02-02,-1.510574018
2018-02-05,-2.070552147
2018-02-06,-0.5481597494
2018-02-07,-2.598425197
2018-02-08,-2.263540825
2018-02-09,-1.902398677
2018-02-12,0.2529510961
2018-02-13,-0.1682085786
2018-02-14,2.611625948
2018-02-15,1.231527094
2018-02-16,0.4055150041
2018-02-20,0.08077544426
2018-02-21,-0.807102502
2018-02-22,2.44100895
2018-02-23,1.429706116
2018-02-26,0.7047768207
2018-02-27,-1.632970451
2018-02-28,-2.213438735
2018-03-01,-0.1616814875
2018-03-02,0.1619433198
2018-03-05,1.778496362
2018-03-06,-0.1588562351
2018-03-07,-1.750198886
2018-03-08,-1.619433198
2018-03-09,2.633744856
2018-03-12,-0.8019246191
2018-03-13,-1.050929669
2018-03-14,0.3267973856
2018-03-15,0.4885993485
2018-03-16,1.70178282
2018-03-19,0
2018-03-20,2.071713147
2018-03-21,2.888368462
2018-03-22,-1.745068285
2018-03-23,2.548262548
2018-03-26,-0.5271084337
2018-03-27,-0.9841029523
2018-03-28,-0.3058103976
2018-03-29,0.3834355828
2018-04-02,-2.673796791
2018-04-03,0.5494505495
2018-04-04,0.07806401249
2018-04-05,0.07800312012
2018-04-06,-2.494154326
2018-04-09,2.07833733
2018-04-10,3.75880971
2018-04-11,1.509433962
2018-04-12,0.5204460967
2018-04-13,0.2218934911
2018-04-16,-1.254612546
2018-04-17,0.2242152466
2018-04-18,3.504847129
2018-04-19,-0.7925072046
2018-04-20,-0.1452432825
2018-04-23,1.236363636
2018-04-24,-1.724137931
2018-04-25,0.2923976608
2018-04-26,0.3644314869
2018-04-27,-0.290486565
2018-04-30,0.5098324836
2018-05-01,-1.376811594
2018-05-02,0.4408523145
2018-05-03,1.097293343
2018-05-04,1.953690304
2018-05-07,0.07097232079
2018-05-08,-0.2836879433
2018-05-09,2.204836415
2018-05-10,0.2783576896
2018-05-11,-1.110340042
2018-05-14,0.9122807018
2018-05-15,0.1390820584
2018-05-16,0.4166666667
2018-05-17,0.2074688797
2018-05-18,-0.4140786749
2018-05-21,1.663201663
2018-05-22,-0.7498295842
2018-05-23,-0.3434065934
2018-05-24,-1.516195727
2018-05-25,-4.268719384
2018-05-29,-1.242690058
2018-05-30,2.36861584
2018-05-31,-2.024584237
2018-06-01,-2.21402214
2018-06-04,-0.9811320755
2018-06-05,0.762195122
2018-06-06,-0.4538577912
2018-06-07,1.443768997
2018-06-08,-0.5992509363
2018-06-11,0.6782215524
2018-06-12,0.2994011976
2018-06-13,0.5223880597
2018-06-14,0.3711952487
2018-06-15,-3.476331361
2018-06-18,1.83908046
2018-06-19,-1.128668172
2018-06-20,1.065449011
2018-06-21,0.2259036145
2018-06-22,5.334335086
2018-06-25,-1.783166904
2018-06-26,3.631082062
2018-06-27,2.662929222
2018-06-28,1.433447099
2018-06-29,1.34589502
2018-07-02,-0.6640106242
2018-07-03,-0.2673796791
2018-07-05,-0.9383378016
2018-07-06,1.217861976
2018-07-09,0.4679144385
2018-07-10,0.2661343979
2018-07-11,-5.04313205
2018-07-12,0.5590496157
2018-07-13,0.5559416261
2018-07-16,-3.662750518
2018-07-17,0.07173601148
2018-07-18,1.075268817
2018-07-19,0.2127659574
2018-07-20,0.1415428167
2018-07-23,-0.4240282686
2018-07-24,0.9936124911
2018-07-25,1.335207309
2018-07-26,0.346740638
2018-07-27,-1.036627505
2018-07-30,1.536312849
2018-07-31,-1.788170564
2018-08-01,-1.330532213
2018-08-02,1.916252661
2018-08-03,-0.6267409471
2018-08-06,0.2803083392
2018-08-07,0.3494060098
2018-08-08,-3.203342618
2018-08-09,-0.1438848921
2018-08-10,1.44092219
2018-08-13,-0.4971590909
2018-08-14,-0.1427551749
2018-08-15,-3.431022159
2018-08-16,0.88823094
2018-08-17,0.4402054292
2018-08-20,0.5113221329
2018-08-21,0.5087209302
2018-08-22,3.181489516
2018-08-23,0
2018-08-24,1.121233357
2018-08-27,0.4851004851
2018-08-28,-0.4827586207
2018-08-29,1.593901594
2018-08-30,0.6139154161
2018-08-31,-0.2711864407
2018-09-04,-0.8837525493
2018-09-05,-0.6172839506
2018-09-06,-1.311249137
2018-09-07,-0.1398601399
2018-09-10,-0.4901960784
2018-09-11,2.744546094
2018-09-12,1.232876712
2018-09-13,-1.962110961
2018-09-14,0.06901311249
2018-09-17,-0.2068965517
2018-09-18,1.520387008
2018-09-19,1.701837985
2018-09-20,-0.93708166
2018-09-21,1.081081081
2018-09-24,1.938502674
2018-09-25,0.131147541
2018-09-26,-1.047806156
2018-09-27,0.9927200529
2018-09-28,1.703800786
2018-10-01,2.770618557
2018-10-02,-0.5015673981
2018-10-03,1.323251418
2018-10-04,-2.114427861
2018-10-05,-0.3176620076
2018-10-08,-0.06373486297
2018-10-09,0.8928571429
2018-10-10,-2.781289507
2018-10-11,-2.795838752
2018-10-12,1.137123746
2018-10-15,0.06613756614
2018-10-16,0.3965631196
2018-10-17,-2.435813035
2018-10-18,-1.754385965
2018-10-19,1.098901099
2018-10-22,0.1358695652
2018-10-23,-4.748982361
2018-10-24,0.07122507123
2018-10-25,1.138790036
2018-10-26,0.8444757213
2018-10-29,-1.535240754
2018-10-30,-0.5669737775
2018-10-31,-1.7106201
2018-11-01,-2.393038434
2018-11-02,-1.114413076
2018-11-05,-0.07513148009
2018-11-06,-0.9022556391
2018-11-07,-0.9104704097
2018-11-08,-1.684532925
2018-11-09,-1.090342679
2018-11-12,-1.732283465
2018-11-13,-6.330128205
2018-11-14,2.224123182
2018-11-15,0.2510460251
2018-11-16,0.7512520868
2018-11-19,0.57995029
2018-11-20,-7.166392092
2018-11-21,2.218278616
2018-11-23,-5.989583333
2018-11-26,1.015697138
2018-11-27,0.09140767824
2018-11-28,-2.648401826
2018-11-29,1.969981238
2018-11-30,-1.287948482
2018-12-03,5.032618826
2018-12-04,-0.7985803017
2018-12-06,-2.146690519
2018-12-07,1.55393053
2018-12-10,-3.240324032
2018-12-11,1.860465116
2018-12-12,-1.187214612
2018-12-13,3.604436229
2018-12-14,-3.479036574
2018-12-17,-3.419593346
2018-12-18,-6.315789474
2018-12-19,2.349336057
2018-12-20,-2.994011976
2018-12-21,-1.543209877
2018-12-24,-2.925809822
2018-12-26,6.566200215
2018-12-27,-2.828282828
2018-12-28,-0.9355509356
2018-12-31,1.364113326
2019-01-02,1.966873706
2019-01-03,1.015228426
2019-01-04,2.311557789
2019-01-07,1.080550098
2019-01-08,2.040816327
2019-01-09,5.238095238
2019-01-10,0.4524886878
2019-01-11,-1.801801802
2019-01-14,-1.926605505
2019-01-15,2.899906455
2019-01-16,0.5454545455
2019-01-17,-0.2712477396
2019-01-18,2.538531278
2019-01-22,-1.679929266
2019-01-23,-0.6294964029
2019-01-24,1.085972851
2019-01-25,0.7162041182
2019-01-28,-2.666666667
2019-01-29,1.917808219
2019-01-30,2.150537634
2019-01-31,-0.4385964912
2019-02-01,2.466960352
2019-02-04,-1.117798796
2019-02-05,-1.826086957
2019-02-06,0.2657218778
2019-02-07,-2.208480565
2019-02-08,0.09033423668
2019-02-11,-0.6317689531
2019-02-12,1.36239782
2019-02-13,1.612903226
2019-02-14,1.234567901
2019-02-15,2.003484321
2019-02-19,0.5977796755
2019-02-20,1.273344652
2019-02-21,-0.4191114837
2019-02-22,0.5892255892
2019-02-25,-3.179916318
2019-02-26,0.5185825411
2019-02-27,2.235597592
2019-02-28,0.5046257359
2019-03-01,-2.426778243
2019-03-04,1.200686106
2019-03-05,0.1694915254
2019-03-06,-0.5922165821
2019-03-07,0.5106382979
2019-03-08,-0.6773920406
2019-03-11,1.108269395
2019-03-12,0.2529510961
2019-03-13,2.52312868
2019-03-14,0.2461033634
2019-03-15,-0.1636661211
2019-03-18,0.9016393443
2019-03-19,-0.2437043054
2019-03-20,1.791530945
2019-03-21,-0.48
2019-03-22,-1.688102894
2019-03-25,0.1635322976
2019-03-26,1.795918367
2019-03-27,-1.042502005
2019-03-28,0.08103727715
2019-03-29,1.214574899
2019-04-01,2.56
2019-04-02,1.482059282
2019-04-03,-0.1537279016
2019-04-04,-0.5388760585
2019-04-05,1.780185759
2019-04-08,1.901140684
2019-04-09,-0.5223880597
2019-04-10,0.6001500375
2019-04-11,-1.043997017
2019-04-12,0.2260738508
2019-04-15,-0.4511278195
2019-04-16,0.9818731118
2019-04-17,-0.6731488407
2019-04-18,0.3012048193
2019-04-22,2.627627628
2019-04-23,0.8778346745
2019-04-24,-0.7976794779
2019-04-25,-1.096491228
2019-04-26,-3.25203252
2019-04-29,1.069518717
2019-04-30,0.4535147392
2019-05-01,-0.5267118134
2019-05-02,-3.025718608
2019-05-03,0.3900156006
2019-05-06,1.554001554
2019-05-07,-2.6013772
2019-05-08,1.256873527
2019-05-09,-0.6206361521
2019-05-10,0.2341920375
2019-05-13,-1.246105919
2019-05-14,1.498422713
2019-05-15,0.777000777
2019-05-16,1.310717039
2019-05-17,-0.4566210046
2019-05-20,0.5351681957
2019-05-21,-0.1520912548
2019-05-22,-2.97029703
2019-05-23,-5.102040816
2019-05-24,1.157981803
2019-05-28,0
2019-05-29,0.08176614881
2019-05-30,-3.921568627
2019-05-31,-5.612244898
2019-06-03,-0.990990991
2019-06-04,1.546860783
2019-06-05,-3.494623656
2019-06-06,2.69266481
2019-06-07,1.537070524
2019-06-10,-1.06856634
2019-06-11,0
2019-06-12,-4.230423042
2019-06-13,2.255639098
2019-06-14,0.5514705882
2019-06-17,-1.188299817
2019-06-18,4.070305273
2019-06-19,0.7111111111
2019-06-20,4.589585172
2019-06-21,1.012658228
2019-06-24,0.3341687552
2019-06-25,-0.08326394671
2019-06-26,2.416666667
2019-06-27,0
2019-06-28,-2.034174125
2019-07-01,1.993355482
2019-07-02,-4.723127036
2019-07-03,0.5982905983
2019-07-05,1.52931181
2019-07-08,-0.1673640167
2019-07-09,0.922045264
2019-07-10,4.069767442
2019-07-11,0.1596169194
2019-07-12,-0.2390438247
2019-07-15,-1.757188498
2019-07-16,-1.869918699
2019-07-17,-2.651201326
2019-07-18,-1.617021277
2019-07-19,0.9515570934
2019-07-22,0.08568980291
2019-07-23,1.113013699
2019-07-24,-1.862828112
2019-07-25,0.08628127696
2019-07-26,0.4310344828
2019-07-29,1.459227468
2019-07-30,2.199661591
2019-07-31,-0.3311258278
2019-08-01,-6.063122924
2019-08-02,1.503094607
2019-08-05,-0.9581881533
2019-08-06,-2.022867194
2019-08-07,-2.692998205
2019-08-08,1.10701107
2019-08-09,2.919708029
2019-08-12,0.7092198582
2019-08-13,4.48943662
2019-08-14,-3.622577928
2019-08-15,-0.7867132867
2019-08-16,0.4405286344
2019-08-19,2.280701754
2019-08-20,-0.2572898799
2019-08-21,-0.1719690456
2019-08-22,-0.6890611542
2019-08-23,-2.948829141
2019-08-26,-0.08936550492
2019-08-27,2.146690519
2019-08-28,1.926444834
2019-08-29,1.202749141
2019-08-30,-2.716468591
2019-09-03,-2.094240838
2019-09-04,4.367201426
2019-09-05,-0.0853970965
2019-09-06,0.5982905983
2019-09-09,2.633814783
2019-09-10,-0.8278145695
2019-09-11,-2.504173623
2019-09-12,-1.797945205
2019-09-13,-0.2615518745
2019-09-16,12.15034965
2019-09-17,-4.208885425
2019-09-18,-1.545972335
2019-09-19,0.7438016529
2019-09-20,0.08203445447
2019-09-23,0.08196721311
2019-09-24,-2.538902539
2019-09-25,-0.8403361345
2019-09-26,0
2019-09-27,-1.186440678
2019-09-30,-2.744425386
2019-10-01,-1.322751323
2019-10-02,-1.876675603
2019-10-03,-0.4553734062
2019-10-04,1.006404392
2019-10-07,0
2019-10-08,-1.358695652
2019-10-09,0.9182736455
2019-10-10,1.819836215
2019-10-11,2.055406613
2019-10-14,-2.101576182
2019-10-15,-1.073345259
2019-10-16,0.7233273056
2019-10-17,1.256732496
2019-10-18,-0.5319148936
2019-10-21,-0.08912655971
2019-10-22,1.159678858
2019-10-23,2.733686067
2019-10-24,0.686695279
2019-10-25,0.852514919
2019-10-28,-1.521555368
2019-10-29,-0.6008583691
2019-10-30,-0.9499136442
2019-10-31,-1.482127289
2019-11-01,3.451327434
2019-11-04,1.026518392
2019-11-05,1.016088061
2019-11-06,-1.005867561
2019-11-07,0.5927180356
2019-11-08,0.9259259259
2019-11-11,-0.834028357
2019-11-12,-0.1682085786
2019-11-13,0.7582139848
2019-11-14,-0.4180602007
2019-11-15,1.427371956
2019-11-18,-1.490066225
2019-11-19,-2.773109244
2019-11-20,2.852203976
2019-11-21,2.521008403
2019-11-22,-0.737704918
2019-11-25,0
2019-11-26,0.6606110652
2019-11-27,-0.4101722724
2019-11-29,-4.283360791
2019-12-02,0.430292599
2019-12-03,0.7712082262
2019-12-04,3.656462585
2019-12-05,0
2019-12-06,1.066447908
2019-12-09,0.08116883117
2019-12-10,0.4866180049
2019-12-11,-0.7263922518
2019-12-12,0.5691056911
2019-12-13,0.9700889248
2019-12-16,0.8006405124
2019-12-17,1.032565528
2019-12-18,0.1572327044
2019-12-19,0.3139717425
2019-12-20,-1.17370892
2019-12-23,0.5542359462
2019-12-24,0.5511811024
2019-12-26,0.9397024276
2019-12-27,0.155159038
2019-12-30,-0.1549186677
2019-12-31,-0.6206361521
2020-01-02,0
2020-01-03,2.888368462
2020-01-06,-0.1517450683
2020-01-07,-0.2279635258
2020-01-08,-3.579588728
2020-01-09,-1.342812006
2020-01-10,-0.6405124099
2020-01-13,-1.692183723
2020-01-14,0.6557377049
2020-01-15,-0.8143322476
2020-01-16,0.9031198686
2020-01-17,0.32546786
2020-01-21,-0.7299270073
2020-01-22,-2.777777778
2020-01-23,-2.016806723
2020-01-24,-1.972555746
2020-01-27,-2.887139108
2020-01-28,1.351351351
2020-01-29,-0.8
2020-01-30,-0.7168458781
2020-01-31,-2.166064982
2020-02-03,-3.228782288
2020-02-04,-0.4766444233
2020-02-05,2.490421456
2020-02-06,0.3738317757
2020-02-07,-1.489757914
2020-02-10,-1.512287335
2020-02-11,0.7677543186
2020-02-12,2.952380952
2020-02-13,0.2775208141
2020-02-14,1.014760148
2020-02-18,0
2020-02-19,2.100456621
2020-02-20,0.8944543828
2020-02-21,-1.063829787
2020-02-24,-3.76344086
2020-02-25,-3.165735568
2020-02-26,-2.019230769
2020-02-27,-4.023552502
2020-02-28,-3.374233129
2020-03-02,4.973544974
2020-03-03,-0.3024193548
2020-03-04,-0.3033367037
2020-03-05,-2.535496957
2020-03-06,-9.157127992
2020-03-09,-25.31500573
2020-03-10,11.04294479
2020-03-11,-4.143646409
2020-03-12,-5.763688761
2020-03-13,6.422018349
2020-03-16,-13.07471264
2020-03-17,-5.619834711
2020-03-18,-17.51313485
2020-03-19,14.01273885
2020-03-20,-8.00744879
2020-03-23,-1.214574899
2020-03-24,2.049180328
2020-03-25,2.008032129
2020-03-26,-4.921259843
2020-03-27,-7.453416149
2020-03-30,-5.369127517
2020-03-31,-0.4728132388
2020-04-01,4.038004751
2020-04-02,16.66666667
2020-04-03,15.45988258
2020-04-06,-7.118644068
2020-04-07,-7.116788321
2020-04-08,5.500982318
2020-04-09,-7.262569832
2020-04-13,-1.004016064
2020-04-14,-5.476673428
2020-04-15,-4.935622318
2020-04-16,-1.58013544
2020-04-17,-3.440366972
2020-04-20,-10.9263658
2020-04-21,-25.06666667
2020-04-22,-10.67615658
2020-04-23,5.179282869
2020-04-24,-2.651515152
2020-04-27,-14.78599222
2020-04-28,-2.739726027
2020-04-29,5.633802817
2020-04-30,6.222222222
2020-05-01,-1.359832636
2020-05-04,4.294803818
2020-05-05,9.354346721
2020-05-06,-3.068340307
2020-05-07,-1.822541966
2020-05-08,4.885197851
2020-05-11,-1.397298556
2020-05-12,-0.9447331129
2020-05-13,-1.76442537
2020-05-14,4.126213592
2020-05-15,4.382284382
2020-05-18,8.575256811
2020-05-19,0.5347593583
2020-05-20,3.682487725
2020-05-21,4.972375691
2020-05-22,-3.872180451
2020-05-26,0.3519749707
2020-05-27,-2.572096648
2020-05-28,0.12
2020-05-29,3.39592489
2020-06-01,1.313755796
2020-06-02,3.241800153
2020-06-03,0.184706317
2020-06-04,1.401179941
2020-06-05,4.981818182
2020-06-08,-1.731901628
2020-06-09,0.1762425097
2020-06-10,0.03518648839
2020-06-11,-7.281041154
2020-06-12,0.2655538695
2020-06-15,2.080968596
2020-06-16,2.446256486
2020-06-17,-1.302460203
2020-06-18,2.236070381
2020-06-19,1.219074937
2020-06-22,2.65674814
2020-06-23,-0.8971704624
2020-06-24,-5.118384401
2020-06-25,2.532110092
2020-06-26,-2.075876879
2020-06-29,3.326023392
2020-06-30,-0.7428369296
2020-07-01,1.033499644
2020-07-02,1.410934744
2020-07-06,0.7304347826
2020-07-07,-0.5870165746
2020-07-08,1.354637027
2020-07-09,-2.638793694
2020-07-10,2.182330165
2020-07-13,-1.825697554
2020-07-14,1.333333333
2020-07-15,1.41966759
2020-07-16,-0.4438374872
2020-07-17,-0.2057613169
2020-07-20,0.06872852234
2020-07-21,2.06043956
2020-07-22,0.1009421265
2020-07-23,-1.142857143
2020-07-24,0.1020061204
2020-07-27,0.9510869565
2020-07-28,-1.244952894
2020-07-29,0.7495741056
2020-07-30,-2.164355766
2020-07-31,0.4839267197
2020-08-03,0.9287925697
2020-08-04,1.499659168
2020-08-05,1.511081263
2020-08-06,-0.1653986107
2020-08-07,-1.093439364
2020-08-10,1.038525963
2020-08-11,-1.127320955
2020-08-12,2.481556003
2020-08-13,-0.5235602094
2020-08-14,-0.2302631579
2020-08-17,1.450708869
2020-08-18,-0.5524861878
2020-08-19,0.1960784314
2020-08-20,-0.4566210046
2020-08-21,-1.114023591
2020-08-24,0.563286945
2020-08-25,1.878088962
2020-08-26,0.03234152652
2020-08-27,-0.8406078241
2020-08-28,0.1630257581
2020-08-31,-0.4557291667
2020-09-01,0.09810333551
2020-09-02,-2.45017968
2020-09-03,-0.7367716008
2020-09-04,-3.812415655
2020-09-08,-6.173272536
2020-09-09,2.46728972
2020-09-10,-2.261948194
2020-09-11,0.9331840239
2020-09-14,-0.3698224852
2020-09-15,2.152932442
2020-09-16,4.287790698
2020-09-17,1.846689895
2020-09-18,-0.5815942525
2020-09-21,-2.649690296
2020-09-22,-0.4241781548
2020-09-23,-0.4969826056
2020-09-24,1.676774884
2020-09-25,-0.5263157895
2020-09-28,1.199294533
2020-09-29,-3.450679679
2020-09-30,2.129963899
2020-10-01,-2.757158006
2020-10-02,-4.216648491
2020-10-05,5.996204934
2020-10-06,1.646974579
2020-10-07,0
2020-10-08,2.641775273
2020-10-09,-1.544269046
2020-10-12,-2.161031718
2020-10-13,1.389383684
2020-10-14,1.827125791
2020-10-15,-0.138026225
2020-10-16,-0.7601935038
2020-10-19,-0.4526462396
2020-10-20,1.60895418
2020-10-21,-3.270223752
2020-10-22,1.459074733
2020-10-23,-2.209750965
2020-10-26,-2.761836442
2020-10-27,2.139431944
2020-10-28,-4.983748646
2020-10-29,-2.698593691
2020-10-30,-1.3671875
2020-11-02,4
2020-11-03,1.751713633
2020-11-04,2.694610778
2020-11-05,-1.020408163
2020-11-06,-2.540500736
2020-11-09,6.044578768
2020-11-10,2.992518703
2020-11-11,0.449671394
2020-11-12,-1.308539945
2020-11-13,-1.849267271
2020-11-16,2.417348027
2020-11-17,0.2082610205
2020-11-18,0.4502944233
2020-11-19,0.3103448276
2020-11-20,0.6187693365
2020-11-23,0.8541168432
2020-11-24,4.33604336
2020-11-25,1.850649351
2020-11-27,-0.4781638508
2020-11-30,-0.800768738
2020-12-01,-1.130125928
2020-12-02,1.143043762
2020-12-03,0.9041007427
2020-12-04,0.992
2020-12-07,-0.5069708492
2020-12-08,0.03184713376
2020-12-09,-0.2228589621
2020-12-10,2.456924059
2020-12-11,-0.5294300841
2020-12-14,0.7201001879
2020-12-15,1.150139882
2020-12-16,0.61462815
2020-12-17,1.282834453
2020-12-18,0.9650180941
2020-12-21,-2.508960573
2020-12-22,-1.68504902
2020-12-23,2.056715488
2020-12-24,0.5190839695
2020-12-28,-1.002430134
2020-12-29,0.5830009205
2020-12-30,0.3965832825
2020-12-31,0.3038590094
2021-01-04,-1.908512572
2021-01-05,4.817788758
2021-01-06,0.5008839128
2021-01-07,1.231310466
2021-01-08,2.606429192
2021-01-11,-0.4798193621
2021-01-12,1.815087918
2021-01-13,-0.278551532
2021-01-14,1.229050279
2021-01-15,-2.483443709
2021-01-19,1.160158461
2021-01-20,0.1118881119
2021-01-21,-0.08382229673
2021-01-22,-1.482102908
2021-01-25,1.021856372
2021-01-26,-0.3933689239
2021-01-27,0.1410437236
2021-01-28,-0.7042253521
2021-01-29,-0.1985815603
2021-02-01,2.671972712
2021-02-02,1.937984496
2021-02-03,1.683867463
2021-02-04,0.9882478632
2021-02-05,1.005025126
2021-02-08,1.963864886
2021-02-09,0.5906522856
2021-02-10,0.2808271636
2021-02-11,-0.7892057026
2021-02-12,2.489094175
2021-02-16,1.276915373
2021-02-17,1.08776267
2021-02-18,-1.516263145
2021-02-19,-1.465110504
2021-02-22,4.032258065
2021-02-23,0.8236434109
2021-02-24,2.114368092
2021-02-25,-0.09411764706
2021-02-26,-2.708431465
2021-03-01,-1.718712176
2021-03-02,-1.305418719
2021-03-03,2.670326928
2021-03-04,4.691298007
2021-03-05,3.180868354
2021-03-08,-2.115211521
2021-03-09,-0.8965517241
2021-03-10,1.461377871
2021-03-11,1.966163695
2021-03-12,-0.5605381166
2021-03-15,-0.2029312289
2021-03-16,-0.9715318572
2021-03-17,-0.02281542323
2021-03-18,-7.644911
2021-03-19,3.212255992
2021-03-22,-0.1436437635
2021-03-23,-5.610165428
2021-03-24,5.283210566
2021-03-25,-3.763570567
2021-03-26,4.111306092
2021-03-29,0.939080183
2021-03-30,-1.789122137
2021-03-31,-1.554529998
2021-04-01,3.232173698
2021-04-05,-3.728489484
2021-04-06,1.042701092
2021-04-07,0.3931203931
2021-04-08,-0.09789525208
2021-04-09,-0.4409603136
2021-04-12,0.6397637795
2021-04-13,1.222493888
2021-04-14,3.961352657
2021-04-15,0.5343866171
2021-04-16,-0.2079963023
2021-04-19,0.3242241779
2021-04-20,-1.3388735
2021-04-21,-2.269536734
2021-04-22,0.7661000718
2021-04-23,0.8790686624
2021-04-26,-0.3061705134
2021-04-27,1.842664777
2021-04-28,0.9742519137
2021-04-29,1.677004365
2021-04-30,-2.236782648
2021-05-03,1.640859718
2021-05-04,2.023647112
2021-05-05,-0.4680187207
2021-05-06,-0.5597850425
2021-05-07,0.04503490205
2021-05-10,0.1125365744
2021-05-11,0.8767985612
2021-05-12,0.7800312012
2021-05-13,-3.118089341
2021-05-14,2.054325496
2021-05-17,1.520912548
2021-05-18,-1.211720643
2021-05-19,-3.144513827
2021-05-20,-2.187428045
2021-05-21,2.871939736
2021-05-24,3.020594966
2021-05-25,-0.2221235007
2021-05-26,0.6233303651
2021-05-27,0.7743362832
2021-05-28,-0.2854006586
2021-06-01,2.003522677
2021-06-02,1.230304338
2021-06-03,0.1492537313
2021-06-04,0.6174153715
2021-06-07,0.02115954295
2021-06-08,1.290459065
2021-06-09,-0.626566416
2021-06-10,0.5254308533
2021-06-11,0.5017771273
2021-06-14,0.5200748908
2021-06-15,1.36589404
2021-06-16,-0.4695794202
2021-06-17,-1.456410256
2021-06-18,0.6661115737
2021-06-21,2.067824648
2021-06-22,0.1215559157
2021-06-23,0.6070416835
2021-06-24,0.2413515688
2021-06-25,0.8226324238
2021-06-28,-1.412935323
2021-06-29,0.7064997981
2021-06-30,-0.02004409701
2021-07-01,1.483560545
2021-07-02,0.6124061636
2021-07-06,-2.022383664
2021-07-07,-2.48496994
2021-07-08,1.767365393
2021-07-09,1.797253635
2021-07-12,-0.1983733386
2021-07-13,1.669648181
2021-07-14,-2.834799609
2021-07-15,-1.327967807
2021-07-16,0.2039151713
2021-07-19,-6.715506716
2021-07-20,1.461605585
2021-07-21,3.784132445
2021-07-22,1.864512119
2021-07-23,0.6101281269
2021-07-26,0.4042854255
2021-07-27,-0.4026575398
2021-07-28,0.5053567819
2021-07-29,1.850362027
2021-07-30,0.03949447077
2021-08-02,-2.921437031
2021-08-03,-0.6710044734
2021-08-04,-3.377686796
2021-08-05,1.906779661
2021-08-06,-1.101871102
2021-08-09,-2.039100273
2021-08-10,2.317596567
2021-08-11,1.30033557
2021-08-12,-0.4140786749
2021-08-13,-1.392931393
2021-08-16,-0.8222643896
2021-08-17,-0.9778911565
2021-08-18,-2.533276084
2021-08-19,-1.387665198
2021-08-20,-2.99307572
2021-08-23,5.572185125
2021-08-24,3.315158124
2021-08-25,0.928857927
2021-08-26,-0.690232169
2021-08-27,1.411120472
2021-08-30,0.5192107996
2021-08-31,-0.7438016529
2021-09-01,-0.2289758535
2021-09-02,2.128103484
2021-09-03,-0.5924412666
2021-09-07,-1.274147143
2021-09-08,1.144879267
2021-09-09,-1.728750772
2021-09-10,2.19895288
2021-09-13,1.393442623
2021-09-14,-0.3435731609
2021-09-15,2.798620969
2021-09-16,0.01972775695
2021-09-17,-0.7495069034
2021-09-20,-1.430842607
2021-09-21,-0.04032258065
2021-09-22,1.815248084
2021-09-23,1.782884311
2021-09-24,0.8563643441
2021-09-27,2.103434967
2021-09-28,-0.9639009639
2021-09-29,-0.1526717557
2021-09-30,0.4587155963
2021-10-01,1.331811263
2021-10-04,2.30942546
2021-10-05,2.092126996
2021-10-06,-2.642459105
2021-10-07,2.215657312
2021-10-08,0.198699422
2021-10-11,1.279971156
2021-10-12,-0.1245995016
2021-10-13,0.08911067546
2021-10-14,1.157407407
2021-10-15,0.598486182
2021-10-18,-0.3324584427
2021-10-19,0.8075842697
2021-10-20,1.219087426
2021-10-21,-1.221610461
2021-10-22,1.079951228
2021-10-25,-0.3446493193
2021-10-26,1.072107902
2021-10-27,-2.651839179
2021-10-28,0.8787346221
2021-10-29,-0.4355400697
2021-11-01,0.6649168854
2021-11-02,0
2021-11-03,-3.806709543
2021-11-04,-0.7589447055
2021-11-05,2.967953387
2021-11-08,0.9549071618
2021-11-09,1.541425819
2021-11-10,-2.84629981
2021-11-11,-0.1775568182
2021-11-12,-0.4268943436
2021-11-15,0.1607717042
2021-11-16,0.2318530408
2021-11-17,-2.135231317
2021-11-18,1
2021-11-19,-3.186318632
2021-11-22,1.245816289
2021-11-23,3.213957759
2021-11-24,-0.5693950178
2021-11-26,-11.18468146
2021-11-29,1.088051582
2021-11-30,-4.504684074
2021-12-01,-1.815904822
2021-12-02,2.657312925
2021-12-03,-0.6005384138
2021-12-06,5.229166667
2021-12-07,2.138190457
2021-12-08,1.608838922
2021-12-09,-2.67073636
2021-12-10,1.979615837
2021-12-13,-1.133961176
2021-12-14,-1.01088647
2021-12-15,1.37470542
2021-12-16,0.4843084076
2021-12-17,-2.101407365
2021-12-20,-1.732965735
2021-12-21,3.346693387
2021-12-22,1.764591817
2021-12-23,1.238567073
2021-12-27,2.616224355
2021-12-28,0.2751283933
2021-12-29,0.7499542711
2021-12-30,0.03631082062
2021-12-31,-1.343012704
2022-01-03,0.8646063282
2022-01-04,1.386102499
2022-01-05,-0.2878215506
2022-01-06,2.633952733
2022-01-07,-0.386711197
2022-01-10,-0.8999470619
2022-01-11,3.561253561
2022-01-12,1.28954608
2022-01-13,-1.086402988
2022-01-14,2.917453235
2022-01-18,1.667500417
2022-01-19,0.1312120715
2022-01-20,-0.6388206388
2022-01-21,0.1978239367
2022-01-24,-1.102336295
2022-01-25,1.430710364
2022-01-26,1.164507135
2022-01-27,0.2918287938
2022-01-28,0.1778208859
2022-01-31,0.8229788607
2022-02-01,0.08002560819
2022-02-02,-0.01599232368
2022-02-03,1.583493282
2022-02-04,2.204377263
2022-02-07,-0.354336774
2022-02-08,-1.638837353
2022-02-09,0.8645080163
2022-02-10,-0.327255727
2022-02-11,2.782989368
2022-02-14,0.9431092181
2022-02-15,-3.134418324
2022-02-16,-1.151213441
2022-02-17,0.9915014164
2022-02-18,0.8882655446
2022-02-22,1.235712079
2022-02-23,1.068050046
2022-02-24,0.1509661836
2022-02-25,-0.8139885439
2022-02-28,2.553191489
2022-03-01,6.43153527
2022-03-02,5.012531328
2022-03-03,-1.18005834
2022-03-04,6.614785992
2022-03-07,3.662219985
2022-03-08,3.714944761
2022-03-09,-11.65866792
2022-03-10,-1.868292037
2022-03-11,3.159600324
2022-03-14,-4.659685864
2022-03-15,-5.779791323
2022-03-16,-0.5099810578
2022-03-17,7.908611599
2022-03-18,1.302931596
2022-03-21,6.564844587
2022-03-22,-1.232084486
2022-03-23,4.315173116
2022-03-24,-2.684563758
2022-03-25,1.24137931
2022-03-28,-7.691354967
2022-03-29,2.173621361
2022-03-30,2.31122784
2022-03-31,-4.864587344
2022-04-01,0.06745817593
2022-04-04,3.62680329
2022-04-05,-2.680197762
2022-04-06,-2.339572193
2022-04-07,0.08213552361
2022-04-08,1.367801942
2022-04-11,-2.442315477
2022-04-12,5.089903181
2022-04-13,3.211371414
2022-04-14,1.466462637
2022-04-18,1.055674249
2022-04-19,-4.414873772
2022-04-20,0.4944054124
2022-04-21,1.139306059
2022-04-22,-2.316948285
2022-04-25,-2.175337439
2022-04-26,2.424648359
2022-04-27,-0.1177086058
2022-04-28,2.239099123
2022-04-29,-1.178278689
2022-05-02,1.581130119
2022-05-03,-2.156162286
2022-05-04,4.602946929
2022-05-05,0.3241087011
2022-05-06,2.050198807
2022-05-09,-6.769755266
2022-05-10,-2.66422881
2022-05-11,4.897356769
2022-05-12,1.34305449
2022-05-13,2.587403761
2022-05-16,2.251476378
2022-05-17,-2.406449284
2022-05-18,-2.243866354
2022-05-19,1.626939084
2022-05-20,1.327872921
2022-05-23,0.3919167177
2022-05-24,0.03659875564
2022-05-25,0.5853658537
2022-05-26,2.558195926
2022-05-27,1.028490365
2022-05-31,0.01170138076
2022-06-01,0.0819000819
2022-06-02,1.999064765
2022-06-03,2.544412607
2022-06-06,-1.207108528
2022-06-07,1.866727005
2022-06-08,2.165704131
2022-06-09,-0.9892379606
2022-06-10,-1.043039087
2022-06-13,0.2551869522
2022-06-14,-2.113767154
2022-06-15,-1.71848502
2022-06-16,0.8397561256
2022-06-17,-4.928131417
2022-06-21,0.8519318455
2022-06-22,-3.771564545
2022-06-23,-2.349159248
2022-06-24,2.89946822
2022-06-27,2.042574136
2022-06-28,2.158446883
2022-06-29,-2.089235127
2022-06-30,-3.134418324
2022-07-01,1.642812694
2022-07-05,-8.436390351
2022-07-06,-1.484354105
2022-07-07,3.90932537
2022-07-08,2.599608099
2022-07-11,-0.3947033359
2022-07-12,-6.92828838
2022-07-13,0.5219063315
2022-07-14,-0.4645443367
2022-07-15,1.221688401
2022-07-18,4.163276376
2022-07-19,1.614373128
2022-07-20,-0.5253042921
2022-07-21,-2.769191139
2022-07-22,-1.271691615
2022-07-25,2.267543271
2022-07-26,-1.390711099
2022-07-27,3.605641299
2022-07-28,-0.950301785
2022-07-29,1.192791391
2022-08-01,-3.741191544
2022-08-02,1.064820977
2022-08-03,-3.160806006
2022-08-04,-2.71997824
2022-08-05,0.01398014819
2022-08-08,2.795638803
2022-08-09,-0.1223823769
2022-08-10,1.184479238
2022-08-11,2.637244349
2022-08-12,-1.704247509
2022-08-15,-2.800746866
2022-08-16,-2.250274424
2022-08-17,1.137001684
2022-08-18,2.997918112
2022-08-19,-0.2021290931
2022-08-22,0.8371590602
2022-08-23,2.878950187
2022-08-24,1.574905636
2022-08-25,-1.973347002
2022-08-26,-0.8496732026
2022-08-29,3.744232037
2022-08-30,-4.092006608
2022-08-31,-3.127070359
2022-09-01,-2.954452195
2022-09-02,0.6765327696
2022-09-06,-0.01399972001
2022-09-07,-5.320638477
2022-09-08,0.6950606329
2022-09-09,4.420619768
2022-09-12,1.786216596
2022-09-13,-0.4974436921
2022-09-14,0.9998611304
2022-09-15,-4.083596865
2022-09-16,0.2006880734
2022-09-19,0.2145922747
2022-09-20,-1.184867951
2022-09-21,-0.7801213522
2022-09-22,0.4222481072
2022-09-23,-5.29215601
2022-09-26,-3.245560318
2022-09-27,1.930379747
2022-09-28,4.206768084
2022-09-29,-0.5362729033
2022-09-30,-2.231541111
2022-10-03,3.998161765
2022-10-04,3.520400648
2022-10-05,2.361980649
2022-10-06,1.459549625
2022-10-07,2.89080696
2022-10-10,-1.757656458
2022-10-11,-2.75142315
2022-10-12,-1.142857143
2022-10-13,2.241646694
2022-10-14,-3.240485383
2022-10-17,-0.05700441784
2022-10-18,-2.039070298
2022-10-19,1.950509461
2022-10-20,0.1998857796
2022-10-21,0.5557138786
2022-10-24,-0.2692362194
2022-10-25,0.3267973856
2022-10-26,3.34230279
2022-10-27,0.8907770317
2022-10-28,-1.086661233
2022-10-31,-1.771491349
2022-11-01,2.222843562
2022-11-02,1.312910284
2022-11-03,-1.066414687
2022-11-04,4.816482467
2022-11-07,-0.3384535277
2022-11-08,-2.729885057
2022-11-09,-3.759903317
2022-11-10,0.795311846
2022-11-11,2.96234773
2022-11-14,-3.320785157
2022-11-15,1.863440412
2022-11-16,-1.651877133
2022-11-17,-2.637423654
2022-11-18,-1.582549187
2022-11-21,0
2022-11-22,1.376213241
2022-11-23,-3.672477851
2022-11-25,-0.6675567423
2022-11-28,-0.119474313
2022-11-29,2.183014354
2022-11-30,2.765583845
2022-12-01,0.3132564431
2022-12-02,-0.8658623137
2022-12-05,-3.035509737
2022-12-06,-3.676904903
2022-12-07,-2.422198375
2022-12-08,-1.476826394
2022-12-09,0.2232498804
2022-12-12,2.482100239
2022-12-13,2.251203229
2022-12-14,2.277558457
2022-12-15,-1.79631829
2022-12-16,-1.889644747
2022-12-19,1.802773498
2022-12-20,0.2270319358
2022-12-21,2.778616732
2022-12-22,-0.5289450485
2022-12-23,2.392909897
2022-12-27,0.3029428736
2022-12-28,-1.366316698
2022-12-29,-0.07290755322
2022-12-30,2.305559609
2023-01-03,-3.52303523
2023-01-04,-4.937906564
2023-01-05,0.7465007776
2023-01-06,0.07718431615
2023-01-09,1.619620546
2023-01-10,0.03035822708
2023-01-11,3.262518968
2023-01-12,0.8229243204
2023-01-13,2.098819414
2023-01-17,1.156316916
2023-01-18,-1.905165114
2023-01-19,1.553733276
2023-01-20,1.359966001
2023-01-23,-0.06988120196
2023-01-24,-1.79020979
2023-01-25,0.4129877528
2023-01-26,0.59566019
2023-01-27,-2.016072184
2023-01-30,-2.014388489
2023-01-31,1.791483113
2023-02-01,-2.827466821
2023-02-02,-1.17280285
2023-02-03,-3.259726604
2023-02-06,1.708074534
2023-02-07,3.450381679
2023-02-08,1.357733176
2023-02-09,-1.106581246
2023-02-10,2.871024735
2023-02-13,-0.5295548876
2023-02-14,-0.1438848921
2023-02-15,-0.5475504323
2023-02-16,-0.8258475804
2023-02-17,-2.089116143
2023-02-21,-0.4923903312
2023-02-22,-2.654071075
2023-02-23,2.24892175
2023-02-24,1.084664055
2023-02-27,-1.266766021
2023-02-28,1.449056604
2023-03-01,1.279571492
2023-03-02,0.3378874688
2023-03-03,2.284040996
2023-03-06,0.9018036072
2023-03-07,-3.745212087
2023-03-08,-1.105379514
2023-03-09,-1.281669151
2023-03-10,1.358695652
2023-03-13,-2.815013405
2023-03-14,-3.555555556
2023-03-15,-4.624185603
2023-03-16,0.04998333889
2023-03-17,-2.314737719
2023-03-20,1.926355268
2023-03-21,2.408429503
2023-03-22,0.6206108117
2023-03-23,-1.006330141
2023-03-24,-0.04918839154
2023-03-27,5.232939633
2023-03-28,0.6235385814
2023-03-29,-0.6196746708
2023-03-30,1.823850351
2023-03-31,1.71463564
2023-04-03,5.764599639
2023-04-04,0
2023-04-05,-0.04269247189
2023-04-06,0.0284738041
2023-04-10,-0.7116424708
2023-04-11,1.877866972
2023-04-12,1.913606304
2023-04-13,-0.8698053293
2023-04-14,0.4038997214
2023-04-17,-1.733943682
2023-04-18,-0.1552795031
2023-04-19,-2.021772939
2023-04-20,-2.453102453
2023-04-21,0.9023668639
2023-04-24,1.524703123
2023-04-25,-2.353790614
2023-04-26,-3.342206448
2023-04-27,0.688494492
2023-04-28,2.567998784
2023-05-01,-1.407407407
2023-05-02,-5.259203606
2023-05-03,-4.345757335
2023-05-04,0.6466589289
2023-05-05,3.838550247
2023-05-08,1.95145169
2023-05-09,0.9492685963
2023-05-10,-0.7399414213
2023-05-11,-1.770461252
2023-05-12,-1.865612648
2023-05-15,1.482197519
2023-05-16,-0.714399111
2023-05-17,3.293891909
2023-05-18,-0.866873065
2023-05-19,-0.2186133666
2023-05-22,0.01564945227
2023-05-23,1.502112345
2023-05-24,1.217820256
2023-05-25,-2.391105696
2023-05-26,1.107817132
2023-05-30,-3.858024691
2023-05-31,-2.680577849
2023-06-01,3.166749134
2023-06-02,2.557953637
2023-06-05,-0.1870615744
2023-06-06,-0.3748243011
2023-06-07,1.442232325
2023-06-08,-1.931695256
2023-06-09,-0.8351717617
2023-06-12,-4.274590815
2023-06-13,3.154050465
2023-06-14,-0.4988735114
2023-06-15,2.555393822
2023-06-16,1.482416023
2023-06-20,-0.6682206682
2023-06-21,1.752190238
2023-06-22,-3.874538745
2023-06-23,-0.1599488164
2023-06-26,0.4966356937
2023-06-27,-2.279611031
2023-06-28,1.990212072
2023-06-29,0.7037747921
2023-06-30,0.9371029225
2023-07-03,-0.2517702596
2023-07-05,1.956144502
2023-07-06,-0.2939811233
2023-07-07,2.188081937
2023-07-10,-0.4707668945
2023-07-11,2.273420812
2023-07-12,1.253170222
2023-07-13,1.797554148
2023-07-14,-2.344767694
2023-07-17,-1.319104787
2023-07-18,2.072694503
2023-07-19,-0.397292525
2023-07-20,0.5318363126
2023-07-21,1.381337252
2023-07-24,2.464125236
2023-07-25,0.6648748055
2023-07-26,-0.7026419337
2023-07-27,1.089725446
2023-07-28,0.9239815204
2023-07-31,1.498127341
2023-08-01,-0.28700287
2023-08-02,-2.028508772
2023-08-03,2.322327924
2023-08-04,0.8887065901
2023-08-07,0.04065591544
2023-08-08,0.3251151449
2023-08-09,1.404266811
2023-08-10,-1.19840213
2023-08-11,0.06738544474
2023-08-14,-0.5925925926
2023-08-15,-1.612247663
2023-08-16,-1.721288901
2023-08-17,0.8547008547
2023-08-18,1.125312587
2023-08-21,-0.2885011677
2023-08-22,-0.4133370074
2023-08-23,-1.272827892
2023-08-24,0.07006726457
2023-08-25,1.456378658
2023-08-28,-0.05521048999
2023-08-29,1.256732496
2023-08-30,0.4637206765
2023-08-31,1.900624491
2023-09-01,2.478017586
2023-09-05,1.092043682
2023-09-06,0.9773662551
2023-09-07,-0.7259296994
2023-09-08,0.4490057729
2023-09-11,0.08939974457
2023-09-12,1.697077964
2023-09-13,-0.02509410289
2023-09-14,1.807228916
2023-09-15,0.209566075
2023-09-18,0.1968261779
2023-09-19,0.06138735421
2023-09-20,-1.668711656
2023-09-21,0.3369104068
2023-09-22,0.2735978112
2023-09-25,-0.2976559593
2023-09-26,0.6095285483
2023-09-27,2.497527201
2023-09-28,-1.604342581
2023-09-29,-0.8704180459
2023-10-02,-1.817956963
2023-10-03,0.6801864215
2023-10-04,-5.429751032
2023-10-05,-2.116682101
2023-10-06,0.2297607785
2023-10-09,4.004854369
2023-10-10,-0.5445352003
2023-10-11,-1.355755443
2023-10-12,-0.3303819215
2023-10-13,4.733492442
2023-10-16,-0.7595898215
2023-10-17,0.5230258962
2023-10-18,1.319796954
2023-10-19,2.304609218
2023-10-20,-1.199804114
2023-10-23,-2.242874845
2023-10-24,-2.48447205
2023-10-25,1.988821006
2023-10-26,-2.001019628
2023-10-27,1.911822083
2023-10-30,-2.947932619
2023-10-31,-1.354372124
2023-11-01,-0.3599040256
2023-11-02,1.913043478
2023-11-03,-1.745865056
2023-11-06,0.08016032064
2023-11-07,-4.151648645
2023-11-08,-2.242339833
2023-11-09,0.08548226243
2023-11-10,2.192170819
2023-11-13,1.574035381
2023-11-14,-0.3154141525
2023-11-15,-1.857201816
2023-11-16,-4.611718531
2023-11-17,3.96767083
2023-11-20,2.190812721
2023-11-21,0.3181189488
2023-11-22,-1.268440645
2023-11-24,-1.103197877
2023-11-27,-1.21434623
2023-11-28,1.858204688
2023-11-29,1.768172888
2023-11-30,-3.281853282
2023-12-01,-1.28314799
2023-12-04,-1.112073946
2023-12-05,-1.299839346
2023-12-06,-4.172832199
2023-12-07,0.5404570723
2023-12-08,2.180924589
2023-12-11,0.4058319555
2023-12-12,-3.817365269
2023-12-13,1.680933852
2023-12-14,2.801163325
2023-12-15,-0.01488981537
2023-12-18,1.39985108
2023-12-19,1.86517844
2023-12-20,-0.821799308
2023-12-21,0.3488879198
2023-12-22,-0.4925394756
2023-12-26,2.212840297
2023-12-27,-1.837345108
2023-12-28,-2.52466628
2023-12-29,-0.7889252754
2024-01-02,-1.320330083
2024-01-03,3.679489129
2024-01-04,-0.9092242264
2024-01-05,2.160722214
2024-01-08,-3.809937708
2024-01-09,1.490963855
2024-01-10,-1.231636741
2024-01-11,1.637620192
2024-01-12,0.5469327421
2024-01-16,-1.132019994
2024-01-17,1.026022305
2024-01-18,1.648513394
2024-01-19,-0.3475238923
2024-01-22,1.264167393
2024-01-23,-0.04304778304
2024-01-24,1.263278783
2024-01-25,2.395803799
2024-01-26,1.204485671
2024-01-29,-1.436388509
2024-01-30,1.05482304
2024-01-31,-2.595797281
2024-02-01,-2.60857304
2024-02-02,-2.258578254
2024-02-05,0.9924455636
2024-02-06,0.9240246407
2024-02-07,0.8864990554
2024-02-08,3.025064823
2024-02-09,0.2097315436
2024-02-12,0.6139249337
2024-02-13,0.7488559146
2024-02-14,-1.514108741
2024-02-15,1.80293501
2024-02-16,0.7825370675
2024-02-20,-1.34859011
2024-02-21,1.077050539
2024-02-22,0.5464480874
2024-02-23,-2.282608696
2024-02-26,1.209677419
2024-02-27,1.45624399
2024-02-28,-0.3114421124
2024-02-29,-0.3531649008
2024-03-01,2.181025082
2024-03-04,-1.267342583
2024-03-05,-0.7566545061
2024-03-06,1.211708645
2024-03-07,-0.147968792
2024-03-08,-1.172032871
2024-03-11,0.3544165758
2024-03-12,-0.3667481663
2024-03-13,2.372188139
2024-03-14,1.611399654
2024-03-15,0.03931847969
2024-03-18,2.161666448
2024-03-19,0.5770710439
2024-03-20,-1.504526329
2024-03-21,-0.5566343042
2024-03-22,-0.1822442072
2024-03-25,1.408450704
2024-03-26,-0.6044238683
2024-03-27,0.2846422564
2024-03-28,1.573990453
2024-04-01,1.19395402
2024-04-02,1.405798921
2024-04-03,0.5693773982
2024-04-04,1.255384615
2024-04-05,0.1580162878
2024-04-08,-0.2427184466
2024-04-09,-1.277372263
2024-04-10,1.158348737
2024-04-11,-0.6578145937
2024-04-12,-0.02452483139
2024-04-15,0.1471850852
2024-04-16,-0.3919167177
2024-04-17,-2.975531784
2024-04-18,-0.1647446458
2024-04-19,0.08885503935
2024-04-22,-0.08877615726
2024-04-23,1.523229246
2024-04-24,-0.4251062766
2024-04-25,1.004520342
2024-04-26,-0.06215813028
2024-04-29,-1.107102873
2024-04-30,-1.408805031
2024-05-01,-3.125797397
2024-05-02,0
2024-05-03,-1.053602002
2024-05-06,0.7054438972
2024-05-07,-0.2114723764
2024-05-08,0.8079470199
2024-05-09,0.5386939955
2024-05-10,-1.594354417
2024-05-13,1.102257636
2024-05-14,-1.208459215
2024-05-15,0.8908389842
2024-05-16,0.487612019
2024-05-17,0.9442622951
2024-05-20,-0.311809796
2024-05-21,-0.7428645901
2024-05-22,-1.693802521
2024-05-23,-0.5609723521
2024-05-24,1.20886501
2024-05-28,3.065693431
2024-05-29,-1.403553953
2024-05-30,-1.358234295
2024-05-31,-0.9400238316
2024-06-03,-3.996257685
2024-06-04,-1.030210219
2024-06-05,1.125334084
2024-06-06,1.905689247
2024-06-07,-0.3276003276
2024-06-10,3.34155026
2024-06-11,0.06626027034
2024-06-12,0.6224341147
2024-06-13,-0.3158725981
2024-06-14,0.4489041458
2024-06-17,2.247634069
2024-06-18,1.131250803
2024-06-20,0.9406381086
2024-06-21,-0.957058305
2024-06-24,1.335028608
2024-06-25,-1.003764115
2024-06-26,-0.1901140684
2024-06-27,1.485714286
2024-06-28,-0.4129129129
2024-07-01,2.45005654
2024-07-02,-0.5273485406
2024-07-03,0.1972629762
2024-07-05,0.04921865387
2024-07-08,-1.094576313
2024-07-09,-0.8082566526
2024-07-10,0.8900589194
2024-07-11,0.5715705765
2024-07-12,-0.852483321
2024-07-15,-0.1619937695
2024-07-16,-1.323015477
2024-07-17,1.973184923
2024-07-18,-0.8930786405
2024-07-19,-2.377972466
2024-07-22,-0.4871794872
2024-07-23,-1.288327751
2024-07-24,0.2479770295
2024-07-25,0.8462439786
2024-07-26,-1.742835012
2024-07-29,-1.20877677
2024-07-30,-0.9708737864
2024-07-31,4.405049691
2024-08-01,-1.865191665
2024-08-02,-3.801284572
2024-08-05,-0.2316391879
2024-08-06,-1.051625239
2024-08-07,3.09178744
2024-08-08,0.8970411032
2024-08-09,1.14118896
2024-08-12,3.161899764
2024-08-13,-1.259061427
2024-08-14,-1.352395672
2024-08-15,1.070635853
2024-08-16,-1.40808681
2024-08-19,-2.541928721
2024-08-20,-0.7394460877
2024-08-21,-1.665989435
2024-08-22,1.349862259
2024-08-23,2.677357978
2024-08-26,3.017868961
2024-08-27,-1.721701144
2024-08-28,-1.320434044
2024-08-29,1.709062003
2024-08-30,-3.165298945
2024-09-03,-4.371805219
2024-09-04,-2.081868055
2024-09-05,0.4022410573
2024-09-06,-1.373587065
2024-09-09,0.4932540258
2024-09-10,-3.33477696
2024-09-11,1.329151732
2024-09-12,3.006632277
2024-09-13,-0.07154099299
2024-09-16,1.489117984
2024-09-17,1.18510158
2024-09-18,-1.477969883
2024-09-19,2.95782621
2024-09-20,0.2336769759
2024-09-23,-0.9188151399
2024-09-24,1.439446367
2024-09-25,-2.469641152
2024-09-26,-3.455512031
2024-09-27,1.825822345
2024-09-30,-0.4980788388
2024-10-01,3.13215103
2024-10-02,0.9014006379
2024-10-03,4.081913139
2024-10-04,0.8186980061
2024-10-07,3.73280943
2024-10-08,-4.305555556
2024-10-09,-0.7124950521
2024-10-10,3.348837209
2024-10-11,-0.3600360036
2024-10-14,-2.013162989
2024-10-15,-4.174897932
2024-10-16,-0.4947773502
2024-10-17,0.3038674033
2024-10-18,-1.70751859
2024-10-21,1.23283833
2024-10-22,2.380293385
2024-10-23,-0.5812381725
2024-10-24,-0.6662134602
2024-10-25,1.601423488
2024-10-28,-5.119224033
2024-10-29,-1.093284112
2024-10-30,2.440424921
2024-10-31,2.410313901
2024-11-01,-1.450465244
2024-11-04,3.151902249
2024-11-05,0.5922735227
2024-11-06,-0.2542486284
2024-11-07,0.1609873893
2024-11-08,-2.049290115
2024-11-11,-2.994667031
2024-11-12,-0.3524104877
2024-11-13,0.05658508983
2024-11-14,0.791743249
2024-11-15,-2.16019077
2024-11-18,3.326164875
2024-11-19,0.333009574
2024-11-20,-0.4010510303
2024-11-21,1.638433768
2024-11-22,1.43442623
2024-11-25,-2.895622896
2024-11-26,-0.6796116505
2024-11-27,0.153609831
2024-11-29,-0.1533742331
2024-12-02,-0.7959782153
2024-12-03,2.815315315
2024-12-04,-1.588170865
2024-12-05,-0.5703951029
2024-12-06,-1.721001819
2024-12-09,1.324031891
2024-12-10,0.3231698749
2024-12-11,2.703081232
2024-12-12,-0.163643802
2024-12-13,1.365933616
2024-12-16,-0.6872389166
2024-12-17,-0.5427408412
2024-12-18,-0.4911323329
2024-12-19,-0.452426652
2024-12-20,0.6748381766
2024-12-23,-0.05471956224
2024-12-24,0.8075554339
2024-12-26,-0.706042091
2024-12-27,0.9845480651
2024-12-30,1.313473257
2024-12-31,0.9756749532
2025-01-02,1.826604897
2025-01-03,1.28688418
2025-01-06,-0.795687885
2025-01-07,1.125485123
2025-01-08,-1.112958936
2025-01-10,4.320827943
2025-01-13,1.97172619
2025-01-14,-0.6810166606
2025-01-15,3.269254316
2025-01-16,-1.65994783
2025-01-17,-0.5063901616
2025-01-21,-1.708676684
2025-01-22,-0.8383676489
2025-01-23,-1.516846948
2025-01-24,0.4923620755
2025-01-27,-2.09798995
2025-01-28,1.193378673
2025-01-29,-1.369515597
2025-01-30,-0.03857032656
2025-01-31,0.347266881
2025-02-03,-0.256344527
2025-02-04,-0.3983551786
2025-02-05,-1.832021675
2025-02-06,-0.8411092128
2025-02-07,0.5434062293
2025-02-10,2.030055365
2025-02-11,1.124031008
2025-02-12,-2.491376006
2025-02-13,0.09171907757
2025-02-14,-0.7461709648
2025-02-18,1.503561066
2025-02-19,0.6366943867
2025-02-20,0.4002582311
2025-02-21,-3.099279835
2025-02-24,0.8228268082
2025-02-25,-2.422008688
2025-02-26,-0.3777148253
2025-02-27,1.936357481
2025-02-28,-0.07970244421
2025-03-03,-2.525923956
2025-03-04,-0.01363884343
2025-03-05,-2.57809303
2025-03-06,-0.4060487258
2025-03-07,1.349641501
2025-03-10,-1.664585934
2025-03-11,0.7899562703
2025-03-12,1.88943317
2025-03-13,-1.620879121
2025-03-14,0.9215302988
2025-03-17,0.5949086884
2025-03-18,-0.68766332
2025-03-19,0.2908184462
2025-03-20,1.808892571
2025-03-21,0.08137800081
2025-03-24,1.477164927
2025-03-25,-0.08012820513
2025-03-26,0.8019246191
2025-03-27,0.07955449483
2025-03-28,-0.9406465289
2025-03-31,3.423833088
2025-04-01,-0.323289797
2025-04-02,0.8562532434
2025-04-03,-7.062001544
2025-04-04,-5.993079585
2025-04-07,-2.856301531
2025-04-08,-4.001212489
2025-04-09,6.694032207
2025-04-10,-3.34418467
2025-04-11,1.745254133
2025-04-14,0.300932892
2025-04-15,-0.2700270027
2025-04-16,1.910348977
2025-04-17,2.553505535
2025-04-21,-1.237766264
2025-04-22,1.092975809
2025-04-23,-1.902839844
2025-04-24,0.6024981631
2025-04-25,0.8326029798
2025-04-28,-1.839779806
2025-04-29,-2.818772137
2025-04-30,-3.477600607
2025-05-01,1.510383889
2025-05-02,-0.7904525728
2025-05-05,-2.562099672
2025-05-06,3.575436909
2025-05-07,-1.687306502
2025-05-08,3.290820343
2025-05-09,1.539634146
2025-05-12,1.486263324
2025-05-13,2.943786982
2025-05-14,-1.235809743
2025-05-15,-1.658664339
2025-05-16,0.7545494896
2025-05-19,0.6020558003
2025-05-20,0.2189461392
2025-05-21,-1.558403729
2025-05-22,-0.6657789614
2025-05-23,1.26601132
2025-05-27,-1.044271216
2025-05-28,0.9066587396
2025-05-29,-1.031079688
2025-05-30,-0.05953266855
2025-06-02,3.574087863
2025-06-03,0.4888569375
2025-06-04,-0.7869509229
2025-06-05,0.8508797231
2025-06-06,2.073502074
2025-06-09,0.938638274
2025-06-10,-0.6245662734
2025-06-11,4.497206704
2025-06-12,0.3074044373
2025-06-13,6.888740839
2025-06-16,-2.031912241
2025-06-17,4.720702379
2025-06-18,-0.03645200486
2025-06-20,1.03318342
2025-06-23,-8.072666025
2025-06-24,-4.462766654
2025-06-25,0.4246575342
2025-06-26,0.3819397081
2025-06-27,-0.4212528876
2025-06-30,-0.2319868996
2025-07-01,1.121597593
2025-07-02,2.245367239
2025-07-03,-0.5291705252
2025-07-07,1.715653677
2025-07-08,0.6276150628
2025-07-09,-0.03898128898
2025-07-10,-2.001819836
2025-07-11,2.520228147
2025-07-14,-2.160693492
2025-07-15,-0.4760645332
2025-07-16,-0.09301089556
2025-07-17,1.290065168
2025-07-18,-0.3019957983
2025-07-21,-0.4477808508
2025-07-22,-0.3175023151
2025-07-23,-0.09289980093
2025-07-24,1.075982997
2025-07-25,-1.6296491
2025-07-28,3.099532398
2025-07-29,3.408060127
2025-07-30,1.553884712
2025-07-31,-1.789239882
2025-08-01,-2.676215605
2025-08-04,-1.742835012
2025-08-05,-1.432137695
2025-08-06,-1.639562783
2025-08-07,-0.501422957
2025-08-08,-0.1634432035
2025-08-11,0.6821282401
2025-08-12,-1.151761518
2025-08-13,-0.6716929404
2025-08-14,1.766491858
2025-08-15,-1.274749119
2025-08-18,0.5082417582
2025-08-19,-1.18901189
2025-08-20,1.687413555
2025-08-21,0.8297062024
2025-08-22,0.6879805747
2025-08-25,1.487138264
2025-08-26,-2.244224422
2025-08-27,0.8507765024
2025-08-28,0.7498660953
2025-08-29,-0.5316321106
2025-09-02,2.565473009
2025-09-03,-2.51433038
2025-09-04,-0.868635574
2025-09-05,-2.089511998
2025-09-08,0.5645050255
2025-09-09,0.4791894852
2025-09-10,1.798610165
2025-09-11,-2.288850221
2025-09-12,0.4246575342
2025-09-15,1.254944755
2025-09-16,1.939916476
2025-09-17,-0.9250693802
2025-09-18,-0.3734827264
2025-09-19,-1.566474762
2025-09-22,-0.09521218716
2025-09-23,2.178352621
2025-09-24,1.785476349
2025-09-25,0.7854431208
2025-09-26,0.03896609949
2025-09-29,-3.155024669
2025-09-30,-1.126156321
2025-10-01,-0.8271186441
2025-10-02,-2.187585453
2025-10-03,0.2376292983
2025-10-06,1.617626551
2025-10-07,0.4528612598
2025-10-08,0.4508196721
2025-10-09,-1.387188902
2025-10-10,-4.302854779
2025-10-13,1.282605563
2025-10-14,-1.821286283
2025-10-15,-0.01449275362
2025-10-16,-1.710392811
2025-10-17,0.2507004867
2025-10-20,-0.2206531333
2025-10-21,0.6486805248
2025-10-22,3.456862458
2025-10-23,3.766105055
2025-10-24,-0.1500886888
2025-10-27,-0.08198961465
2025-10-28,-2.365973742
2025-10-29,0.5743101275
2025-10-30,-0.1253481894
2025-10-31,1.185329801
2025-11-03,0.2480705623
2025-11-04,-1.113555128
2025-11-05,-1.25121646
2025-11-06,-0.2111783753
2025-11-07,0.5361173815
2025-11-10,0.5893909627
2025-11-11,1.450892857
2025-11-12,-4.029152915
2025-11-13,0.08597220232
2025-11-14,2.190408017
2025-11-17,-0.1120762118
2025-11-18,1.683029453
2025-11-19,-2.234482759
2025-11-20,-1.029909707
2025-11-21,-1.211689237
2025-11-24,1.616161616
2025-11-25,-1.661459813
2025-11-26,1.140794224
2025-11-28,1.470588235
2025-12-01,-0.01407063459
2025-12-02,-1.210244863
2025-12-03,0.6552706553
2025-12-04,1.033116332
2025-12-05,0.7424008965
2025-12-08,-1.988320356
2025-12-09,-0.8937437934
2025-12-10,0.9733753221
2025-12-11,-1.828749646
2025-12-12,-0.6353790614
2025-12-15,-1.337014969
2025-12-16,-2.53351009
2025-12-17,2.73537857
2025-12-18,-1.162106502
2025-12-19,1.25018604
2025-12-22,2.498897545
2025-12-23,0.8174386921
2025-12-24,-0.1422475107
2025-12-26,-2.45014245
2025-12-29,1.650116822
2025-12-30,0.1867547766
2025-12-31,-0.8316604531
2026-01-02,-0.2891844997
2026-01-05,1.827146172
2026-01-06,-2.435203646
2026-01-07,-1.050941468
2026-01-08,4.056645523
2026-01-09,0.3402324922
2026-01-12,1.22916078
2026-01-13,2.554082345
2026-01-14,-1.183995645
2026-01-15,-2.038286737
2026-01-16,0.7310558133
2026-01-20,0.2930914166
2026-01-21,2.059560256
2026-01-22,-2.07253886
2026-01-23,2.965747703
2026-01-26,-0.6355645707
2026-01-27,2.966793685
2026-01-28,1.268834259
2026-01-29,3.288958496
2026-01-30,0.4801617387
2026-02-02,-5.269114688
2026-02-03,2.840833665
2026-02-04,0.529237124
2026-02-05,-1.527991782
2026-02-06,0.3911852914
2026-02-09,1.337836083
2026-02-10,0.01281722635
2026-02-11,1.102140202
2026-02-12,-3.181645329
2026-02-13,-0.2094789212
2026-02-17,-0.6428758856
2026-02-18,4.846164004
2026-02-19,2.25440806
2026-02-20,-0.4187707846
2026-02-23,0.06184291899
2026-02-24,-0.173053152
2026-02-25,-1.275383853
2026-02-26,0.05016932146
2026-02-27,2.732856964
2026-03-02,6.39414277
2026-03-03,3.45223076
2026-03-04,1.507760532
2026-03-05,5.187854958
2026-03-06,12.93738968
2026-03-09,-4.082007907
2026-03-10,1.466500527
2026-03-11,2.068770074
2026-03-12,9.569643683
2026-03-13,1.266998902
2026-03-16,-4.053715906
2026-03-17,3.312179431
2026-03-18,2.38135308
2026-03-19,-3.542368702
2026-03-20,3.467961827
2026-03-23,-8.951659392
2026-03-24,3.599855282
2026-03-25,-1.004016064
2026-03-26,3.412999383
2026-03-27,5.918471772
2026-03-30,4.533011272
2026-03-31,-1.987214049
2026-04-01,-2.483300589
2026-04-02,11.14513659
2026-04-06,0.7395591647
2026-04-07,-0.6189722182
2026-04-08,-9.776940904
2026-04-09,1.910419008
2026-04-10,-1.685570258
2026-04-13,2.924210864
2026-04-14,-3.596170312
2026-04-15,-1.017359709
2026-04-16,2.651113468
2026-04-17,-7.787666879
2026-04-20,4.550155119
2026-04-21,5.712166172
2026-04-22,0.8966861598
2026-04-23,4.111282844
2026-04-24,-1.722090261
2026-04-27,1.752265861
2026-04-28,3.622327791
2026-04-29,7.901146132
2026-04-30,-2.350129456
2026-05-01,-2.916581685
2026-05-04,3.368347339
2026-05-05,-2.330465416
2026-05-06,-7.088853437
2026-05-07,0.7614781635
2026-05-08,-1.022449433
2026-05-11,3.795194251
2026-05-12,4.067503245
2026-05-13,-1.566181566
2026-05-14,0.6758659533
2026-05-15,3.657342657
2026-05-18,0.7151049045
2026-05-19,2.458302632
2026-05-20,-5.681223849
2026-05-21,-1.1991405
2026-05-22,-1.136523081
2026-05-26,-2.781720125
2026-05-27,-4.357664234
2026-05-28,-0.1907960009
2026-05-29,-1.292246521
2026-06-01,4.965527926
2026-06-02,1.306273063
2026-06-03,2.615283747
2026-06-04,-2.924889962
2026-06-05,-2.720491444
2026-06-08,1.601262968
2026-06-09,-2.848686644
2026-06-10,2.284843869
2026-06-11,-4.072970961
2026-06-12,-2.639136847
2026-06-15,-3.364426373
2026-06-16,-4.735582873
2026-06-17,-1.073872001
2026-06-18,0.5602731332
2026-06-22,-1.89779751
2026-06-23,-1.268967965
2026-06-24,-4.467014201
2026-06-25,2.841283282
2026-06-26,-3.503796542
2026-06-29,1.516875237
2026-06-30,-0.5976839746
2026-07-01,-2.978203683
2026-07-02,0.6875181563
2026-07-06,0.3558376611
2026-07-07,4.379492094
2026-07-08,3.020565553
2026-07-09,-2.85179574
2026-07-10,-0.28437758
2026-07-13,8.362465501
2026-07-14,2.020545038
2026-07-15,1.006906882
2026-07-16,-1.713626627
2026-07-17,3.906119028
2026-07-20,1.250403356
2026-07-21,2.661142538
2026-07-22,2.196352348
2026-07-23,5.931044957
2026-07-24,-2.007312352
2026-07-27,-8.727778184
2026-07-28,-3.422571337
2026-07-29,7.320109553
2026-07-30,-1.415203774
2026-07-31,1.325698149
2026-08-03,-5.457923666
2026-08-04,-5.191614805
2026-08-05,-0.7773363275
2026-08-06,3.473189415
2026-08-07,-0.7487170859
2026-08-10,6.72995423
2026-08-11,1.342121982
2026-08-12,-0.2429276702
2026-08-13,-1.783189317
2026-08-14,1.255698632
2026-08-17,2.914691943
2026-08-18,0.2839818866
2026-08-19,0.1913362927
2026-08-20,2.77289741
2026-08-21,0.07432733759
2026-08-24,-1.804812834
2026-08-25,-4.583616973
2026-08-26,0.9512485137
2026-08-27,2.088731841
2026-08-28,-0.2384431967
2026-08-31,3.084040093
